Date,Time,Wind Direction (degTN),Wind Speed (m/s),Wind Sigma Theta (degrees),Wind Speed Std Dev (m/s),Air Temperature (degC),Relative Humidity (percent),Rainfall (mm),Barometric Pressure (hPa),Ozone (ppm),Nitric Oxide (NO) (ppm),Nitrogen Dioxide (NO2) (ppm),Total Oxides of Nitrogen (NOx) (ppm),PM10 (µg/m^3),PM2.5 (µg/m^3)
1/01/2012,0:00,195,0.7,37.3,0.4,20.2,67.9,0,1012,,,,,18.6,5.5
1/01/2012,1:00,185,1,26.7,0.5,20.2,68.2,0,1012,0.011,0,0.004,0.004,18.2,6.4
1/01/2012,2:00,205,0.8,32.9,0.5,19.8,68.3,0,1011,0.012,0,0.003,0.003,16.6,5.1
1/01/2012,3:00,197,0.9,27.3,0.5,19.4,67.5,0,1011,0.014,0,0.002,0.002,14.3,2.8
1/01/2012,4:00,195,1.1,21.7,0.5,19,67.8,0,1011,0.015,0,0.001,0.001,13.8,3.2
1/01/2012,5:00,192,1.3,20.5,0.6,19.2,66.3,0,1012,0.015,0,0.001,0.001,14.2,3.9
1/01/2012,6:00,180,1.7,27.8,0.9,20.7,60.7,0,1012,0.016,0,0.001,0.001,12.1,2.5
1/01/2012,7:00,171,2.3,26.3,1.1,22.1,56.7,0,1013,0.017,0,0.002,0.002,13,2.6
1/01/2012,8:00,158,3.2,25.9,1.2,23.4,50.1,0,1013,0.021,0,0,0,15,4.5
1/01/2012,9:00,147,3,25.1,1.2,23.9,45.8,0,1013,0.022,0,0.001,0.001,14.8,4.8
1/01/2012,10:00,133,3,26.8,1.3,23.8,47.5,0,1013,0.023,0,0.001,0.001,14.8,4.9
1/01/2012,11:00,130,4.1,19.1,1.5,24.3,46.8,0,1012,0.024,0.001,0.001,0.001,14.4,2.9
1/01/2012,12:00,123,3.9,22.5,1.5,24.7,44.8,0,1012,0.023,0,0,0,14,4
1/01/2012,13:00,127,4.8,18.6,1.7,24.4,45.6,0,1012,0.021,0,0,0,10.9,2.1
1/01/2012,14:00,126,4.9,17.1,1.7,24.5,45.8,0,1011,0.02,0,0,0,11.2,2.8
1/01/2012,15:00,123,4.5,19.5,1.4,24.3,48.5,0,1011,0.018,0,0,0,7.8,0
1/01/2012,16:00,125,3.9,21.4,1.5,24.1,49.4,0,1011,0.018,0,0.001,0.001,11.5,3.8
1/01/2012,17:00,125,3.4,20.7,1.3,23.7,49.2,0,1012,0.018,0.001,0.001,0.001,8,0.4
1/01/2012,18:00,132,2.4,20.9,1,23.1,51,0,1012,0.018,0,0.002,0.002,9.8,2.6
1/01/2012,19:00,141,1.5,22,0.7,22.5,56,0,1013,0.016,0,0.003,0.003,9.7,1.5
1/01/2012,20:00,159,1.4,28.6,0.6,22.2,58.3,0,1013,0.015,0,0.003,0.003,12,3.7
1/01/2012,21:00,182,1.2,19.1,0.5,20.9,63.8,0,1014,0.01,0,0.007,0.007,11.7,2.9
1/01/2012,22:00,183,1,19.8,0.4,20.2,66.5,0,1013,0.01,0,0.006,0.006,13.8,5.5
1/01/2012,23:00,179,1.2,22,0.5,20,66.4,0,1013,0.012,0,0.004,0.004,9.8,2.1
2/01/2012,0:00,178,0.9,19.6,0.4,19.7,67.4,0,1013,,,,,9.6,1.8
2/01/2012,1:00,183,0.7,29.4,0.4,19.2,69.9,0,1012,0.011,0,0.003,0.003,8.3,2.2
2/01/2012,2:00,183,0.8,23.5,0.4,19.2,70.4,0,1012,0.013,0,0.002,0.002,9.4,2.6
2/01/2012,3:00,177,0.7,18.8,0.3,19,71.1,0,1012,0.012,0,0.001,0.001,7.7,1.2
2/01/2012,4:00,175,0.8,24.2,0.4,18.7,72.5,0,1013,0.013,0,0.001,0.001,9.3,2.5
2/01/2012,5:00,182,1.1,17.6,0.4,19.2,70.9,0,1013,0.013,0,0.002,0.002,8.7,2.1
2/01/2012,6:00,174,1.8,23.4,0.9,21.4,61.6,0,1014,0.016,0.001,0.001,0.002,11.1,3.8
2/01/2012,7:00,160,2.4,28,1,22.9,54.4,0,1014,0.02,0.001,0.001,0.002,7.8,0.6
2/01/2012,8:00,136,3.1,27.5,1.2,23.7,49.2,0,1015,0.023,0,0.001,0.001,11.5,4.4
2/01/2012,9:00,138,3,26.5,1.1,24.3,46.6,0,1015,0.026,0,0.001,0.001,10.7,2.9
2/01/2012,10:00,125,3.1,23.5,1.1,25,45.7,0,1014,0.027,0.001,0.001,0.002,12,3.3
2/01/2012,11:00,104,3.3,27.6,1.4,25,46.9,0,1014,0.025,0.002,0.002,0.004,12.6,2.7
2/01/2012,12:00,104,3.4,26.7,1.2,25.1,45.7,0,1014,0.022,0.002,0.003,0.005,12,4.7
2/01/2012,13:00,108,3.3,25.6,1.2,25.2,46,0,1013,0.019,0.003,0.003,0.005,9.5,3.1
2/01/2012,14:00,116,3.5,25.7,1.4,24.6,51.6,0,1013,0.018,0,0.001,0.001,10.1,3.6
2/01/2012,15:00,111,3.1,27.3,1.4,24.4,55,0,1013,0.018,0.003,0.002,0.005,8.9,2.4
2/01/2012,16:00,114,2.7,26.9,1.3,23.8,55.8,0,1013,0.018,0.001,0.002,0.002,9.5,3
2/01/2012,17:00,121,2.8,20.9,1,23.8,55.7,0,1013,0.018,0,0.002,0.002,7.2,0
2/01/2012,18:00,122,2.5,21.7,1.1,23.4,57.5,0,1014,0.017,0,0.002,0.002,4.4,-1.1
2/01/2012,19:00,119,2.2,22,1,23.2,60.1,0,1015,0.015,0,0.002,0.002,4.4,-1.2
2/01/2012,20:00,120,2.3,19.5,0.9,23.2,59.6,0,1015,0.016,0,0.001,0.001,9.1,2.6
2/01/2012,21:00,118,1.6,22.9,0.8,22.8,59.9,0,1015,0.015,0,0.002,0.002,6.6,0.6
2/01/2012,22:00,162,1,29.4,0.5,22.2,62.4,0,1015,0.013,0,0.003,0.003,7.6,1
2/01/2012,23:00,172,1,21,0.4,21.3,65.8,0,1015,0.01,0,0.005,0.005,4.7,-1.8
3/01/2012,0:00,173,0.7,28.8,0.4,20.7,68.3,0,1014,,,,,9.8,4.3
3/01/2012,1:00,175,0.8,22.9,0.4,20.2,70.4,0,1014,0.011,0,0.002,0.002,7.6,3.3
3/01/2012,2:00,176,0.9,21.4,0.4,19.9,72.1,0,1013,0.012,0,0.002,0.002,8.3,3.7
3/01/2012,3:00,171,0.7,18.6,0.3,19.1,75.4,0,1013,0.01,0,0.001,0.001,1.5,-3.2
3/01/2012,4:00,175,1,23.3,0.5,19.5,74.2,0,1014,0.011,0,0.001,0.001,6.7,1.7
3/01/2012,5:00,171,1.1,21.6,0.6,19.5,76.1,0,1014,0.008,0.001,0.004,0.004,7.4,2
3/01/2012,6:00,179,1.3,21.7,0.5,20.2,76.3,0,1015,0.007,0.003,0.006,0.009,8.6,3.1
3/01/2012,7:00,171,1.6,27.2,0.7,22.1,68.7,0,1016,0.01,0.004,0.006,0.01,6.6,-0.3
3/01/2012,8:00,118,1.4,53.5,1.3,23.1,65.1,0,1016,0.014,0.003,0.006,0.009,12.3,3.5
3/01/2012,9:00,106,2.9,29.5,1.2,24.4,53.1,0,1016,0.021,0.002,0.003,0.004,10.6,1.9
3/01/2012,10:00,113,2.7,28.5,1.1,24.7,50.7,0,1016,0.02,0.003,0.003,0.006,9.9,2.5
3/01/2012,11:00,102,2.9,29.3,1.1,25,47.8,0,1015,0.024,0.001,0.001,0.002,8.3,1.6
3/01/2012,12:00,96,3.2,29.1,1.2,24.9,47.5,0,1015,0.02,0.003,0.003,0.006,6.2,-0.3
3/01/2012,13:00,104,3,30.6,1.3,25,48.2,0,1014,0.021,0.002,0.003,0.005,4.2,-0.8
3/01/2012,14:00,104,2.9,29.7,1.2,24.8,50.5,0,1014,0.019,0.002,0.002,0.004,8.5,2.8
3/01/2012,15:00,108,2.7,29.6,1.2,24.5,54.5,0,1014,0.02,0.004,0.004,0.008,8.2,2.2
3/01/2012,16:00,103,2.3,29.6,1,24.1,55.1,0,1014,0.02,0.002,0.002,0.004,10.5,3
3/01/2012,17:00,105,2,29,0.9,23.6,56.3,0,1014,0.019,0.004,0.005,0.009,7.9,0.8
3/01/2012,18:00,101,1.6,22.7,0.7,23.2,57.3,0,1014,0.019,0.001,0.003,0.004,8.8,2.4
3/01/2012,19:00,110,1.7,19.3,0.6,23.1,57,0,1015,0.02,0,0.002,0.002,5.6,-0.3
3/01/2012,20:00,111,1.2,17.3,0.5,22.6,56.9,0,1015,0.02,0,0.002,0.002,7.3,1.1
3/01/2012,21:00,128,0.5,31.7,0.3,22.1,59.4,0,1015,0.016,0,0.003,0.003,6.4,0.1
3/01/2012,22:00,133,0.6,25.6,0.4,21.8,62.1,0,1015,0.013,0,0.006,0.006,6.7,1.4
3/01/2012,23:00,155,0.5,35,0.3,21.5,64.4,0,1014,0.013,0,0.004,0.004,6.8,0.4
4/01/2012,0:00,170,0.7,22.7,0.3,20.7,67.9,0,1014,,,,,7.7,1.6
4/01/2012,1:00,165,0.7,23.1,0.3,20.3,69.5,0,1013,0.014,0,0.002,0.002,4.9,-0.1
4/01/2012,2:00,182,0.1,81.6,0.2,19.3,74.4,0,1013,0.012,0,0.002,0.002,7.5,2.9
4/01/2012,3:00,174,0.3,40,0.2,19,76.1,0,1013,0.011,0,0.001,0.001,6.8,2.2
4/01/2012,4:00,137,0.2,75.5,0.4,18.4,77.9,0,1013,0.009,0,0.002,0.002,5.7,1.6
4/01/2012,5:00,156,0.5,30,0.3,19.2,75.4,0,1014,0.007,0.001,0.004,0.004,5.6,2.1
4/01/2012,6:00,166,0.7,55.5,0.5,22.3,62.1,0,1014,0.014,0.002,0.004,0.005,7.1,1.9
4/01/2012,7:00,180,0.4,80.3,0.5,23.8,52.6,0,1014,0.021,0.001,0.002,0.003,9.7,3.2
4/01/2012,8:00,342,1.2,45.8,0.6,24.8,46,0,1014,0.025,0.001,0.002,0.002,8.6,3.3
4/01/2012,9:00,337,0.7,166.8,0.9,25.2,46.3,0,1013,0.03,0,0.002,0.002,6.2,0.2
4/01/2012,10:00,18,1.5,167.6,1,26,44.7,0,1013,0.033,0,0.001,0.001,10,1.9
4/01/2012,11:00,56,2.8,36.4,1.3,26,44,0,1012,0.023,0.008,0.007,0.015,11.8,1
4/01/2012,12:00,32,2.5,35.2,1.1,25.9,46.4,0,1011,0.025,0.001,0.002,0.003,14.5,4.8
4/01/2012,13:00,40,2.4,39.3,1.2,26.1,48.2,0,1011,0.027,0.002,0.003,0.004,14.8,4.7
4/01/2012,14:00,49,2.7,33.3,1.2,26,50.4,0,1010,0.025,0,0.002,0.002,15,5
4/01/2012,15:00,28,2.6,31.4,1.1,25.9,48.6,0,1009,0.028,0,0.001,0.001,12.7,3.1
4/01/2012,16:00,28,2.6,30.4,1,25.6,51.3,0,1009,0.023,0,0.001,0.001,13.5,3.9
4/01/2012,17:00,15,2.4,24.8,1.1,25.1,53.9,0,1010,0.022,0,0.001,0.001,11.2,2.6
4/01/2012,18:00,12,2,180.6,1,24.2,59.4,0,1010,0.023,0,0.001,0.001,11.6,3
4/01/2012,19:00,4,1.2,22.3,0.6,23.7,64,0,1011,0.019,0,0.001,0.001,13.7,3
4/01/2012,20:00,340,0.8,32.1,0.4,23.3,66,0,1011,0.015,0,0.002,0.002,14.2,3.7
4/01/2012,21:00,298,0.5,47,0.3,22.8,69.2,0,1011,0.01,0,0.005,0.005,11.9,2.3
4/01/2012,22:00,287,0.5,50.5,0.4,22.3,71.4,0,1011,0.011,0,0.003,0.003,11.9,1.9
4/01/2012,23:00,284,0.5,45.3,0.3,22.2,72.8,0,1011,0.007,0,0.006,0.006,10.7,-1.4
5/01/2012,0:00,280,0.4,42.4,0.3,21.7,75.3,0,1010,,,,,10.8,1.4
5/01/2012,1:00,283,0.4,37.8,0.2,21.1,77.5,0,1009,0.004,0,0.007,0.007,10.2,2
5/01/2012,2:00,181,0.2,47.9,0.2,20.6,79.6,0,1009,0.005,0,0.006,0.006,9.1,1.8
5/01/2012,3:00,171,0.4,40.1,0.2,20.4,81.6,0,1009,0.008,0,0.003,0.003,8.9,1.4
5/01/2012,4:00,212,0.1,101.4,0.2,20.8,80.6,0,1009,0.006,0,0.004,0.004,8.1,1.2
5/01/2012,5:00,176,0.5,50.7,0.4,21.4,78.4,0,1010,0.002,0.003,0.009,0.012,9.3,2.5
5/01/2012,6:00,152,1.1,22.8,0.5,21.9,75.5,0,1011,0.004,0.003,0.008,0.01,10.9,3.3
5/01/2012,7:00,188,1,29.2,0.5,21.8,80.7,0,1012,0.007,0.004,0.006,0.01,11.7,4
5/01/2012,8:00,156,1.1,42.9,0.6,23.4,72,0,1012,0.014,0.003,0.004,0.006,12.3,2.4
5/01/2012,9:00,94,1.9,41.3,1.1,24.7,60.2,0,1012,0.019,0.003,0.004,0.007,12.6,3.2
5/01/2012,10:00,101,2.7,30.8,1.2,24.9,58,0,1012,0.022,0.003,0.003,0.006,11.7,3.4
5/01/2012,11:00,95,2.8,31.7,1.2,25.3,55,0,1012,0.02,0.006,0.005,0.01,9.3,2.8
5/01/2012,12:00,106,2.6,34.8,1.2,25.4,55.3,0,1011,0.02,0.003,0.003,0.006,11.5,4.7
5/01/2012,13:00,102,2.7,33,1.2,25.3,55.3,0,1011,0.019,0.003,0.004,0.006,9.6,2.9
5/01/2012,14:00,96,2.7,29.6,1.2,25.1,55.8,0,1010,0.019,0.004,0.003,0.007,11.1,3.7
5/01/2012,15:00,107,3,27.8,1.2,24.9,54.8,0,1010,0.021,0.002,0.003,0.005,11.1,3.9
5/01/2012,16:00,100,2.4,26,1.1,24.6,55.6,0,1010,0.02,0.002,0.003,0.005,11,4.4
5/01/2012,17:00,104,2,22.9,0.9,24,59.2,0,1010,0.019,0,0.001,0.001,11.2,5.1
5/01/2012,18:00,93,1.3,26,0.7,23.6,61.5,0,1010,0.018,0,0.001,0.001,11.3,3.7
5/01/2012,19:00,96,0.8,32.6,0.5,23.5,62.2,0,1011,0.016,0.001,0.004,0.005,10.1,2.1
5/01/2012,20:00,107,1,20.8,0.5,23.3,62.3,0,1011,0.015,0.002,0.003,0.005,10,2.6
5/01/2012,21:00,151,0.4,51.6,0.3,23,64,0,1011,0.013,0,0.004,0.004,9.3,1.9
5/01/2012,22:00,198,0.4,47.3,0.3,22.6,66.1,0,1011,0.007,0,0.008,0.008,9.3,2.8
5/01/2012,23:00,201,0.2,72.4,0.2,22.1,68.6,0,1010,0.006,0,0.008,0.008,7.2,1.6
6/01/2012,0:00,235,0.2,77.2,0.2,21.5,71.3,0,1009,,,,,8.9,2.8
6/01/2012,1:00,236,0.3,77.6,0.3,20.8,73.9,0,1009,0.009,0,0.003,0.003,5.9,-0.2
6/01/2012,2:00,281,0.3,69.4,0.3,19.8,78.3,0,1008,0.004,0,0.006,0.006,7.8,2.6
6/01/2012,3:00,278,0.4,44.6,0.3,19.3,80.8,0,1007,0.003,0,0.006,0.006,6.8,1.9
6/01/2012,4:00,316,0.2,80.6,0.2,19,82.4,0,1007,0.004,0,0.005,0.005,8.1,3.5
6/01/2012,5:00,257,0.6,36.8,0.4,19.4,80.9,0,1008,0.002,0.008,0.007,0.015,4.9,0.3
6/01/2012,6:00,272,0.7,61.3,1.7,22.3,68,0,1008,0.006,0.009,0.008,0.017,8,2
6/01/2012,7:00,343,1.6,26.9,0.7,23.9,57.9,0,1008,0.016,0.002,0.002,0.004,10.7,4.1
6/01/2012,8:00,344,1,70.1,0.9,24.9,54.1,0,1008,0.021,0.001,0.002,0.003,9.1,3.9
6/01/2012,9:00,303,1.1,62,0.9,26,52,0,1008,0.023,0,0.002,0.002,11.2,5.1
6/01/2012,10:00,249,0.5,98.8,0.8,26.6,51,0,1008,0.026,0,0.001,0.001,13.8,5.3
6/01/2012,11:00,58,2.2,40.7,1.2,27,52.4,0,1007,0.027,0.002,0.004,0.005,11.6,2.4
6/01/2012,12:00,53,2.4,36,1.1,26.7,53.7,0,1007,0.023,0.005,0.005,0.01,15.7,4.3
6/01/2012,13:00,71,2.5,32.5,1.2,26.5,54.5,0,1007,0.024,0.008,0.008,0.015,16,5
6/01/2012,14:00,64,2.3,32.5,1,26.4,55.2,0,1007,0.024,0.01,0.01,0.019,13.6,2.5
6/01/2012,15:00,84,1.9,36.1,0.9,25.8,57.8,0,1007,0.023,0.007,0.008,0.015,13.1,3.7
6/01/2012,16:00,103,2.4,29,1,25.8,57.6,0,1007,0.033,0.001,0.003,0.004,9.7,1.9
6/01/2012,17:00,117,2.3,22,0.9,25.2,61.8,0,1008,0.03,0,0.003,0.003,11.2,4.2
6/01/2012,18:00,121,2.4,20.7,0.9,24.8,63.9,0,1009,0.024,0,0.004,0.004,8.1,1.6
6/01/2012,19:00,132,2.4,20.4,1,24.8,64.3,0,1010,0.023,0,0.002,0.002,10.4,3.9
6/01/2012,20:00,148,1.6,22.6,0.7,24.6,64.9,0,1010,0.019,0,0.002,0.002,7.9,0.8
6/01/2012,21:00,178,1.2,23.2,0.5,24.1,67,0,1011,0.015,0,0.005,0.005,9.3,0.4
6/01/2012,22:00,196,0.4,42.4,0.3,23.5,69.2,0,1011,0.015,0,0.005,0.005,8.1,1.4
6/01/2012,23:00,209,0.4,32.9,0.3,22.9,71.6,0,1011,0.012,0,0.007,0.007,7.3,1.4
7/01/2012,0:00,190,0.5,40.9,0.4,22.9,71.5,0,1010,,,,,4.5,-1.3
7/01/2012,1:00,184,1,22.3,0.5,22.7,72.9,0,1009,0.019,0,0.001,0.001,8,3.6
7/01/2012,2:00,165,2,21.5,1.1,22.5,75.9,0,1009,0.022,0,0.001,0.001,6.9,3
7/01/2012,3:00,148,2.1,26.7,1,22.2,80.5,0,1009,0.024,0,0,0,4.5,2.8
7/01/2012,4:00,148,1.6,27.9,0.7,22.1,81.7,0,1010,0.021,0,0,0,4.7,0.9
7/01/2012,5:00,172,1.9,22.8,0.8,22.5,72.4,0,1011,0.023,0,0,0,7,2.5
7/01/2012,6:00,162,2.4,21.4,1,23.1,68.1,0,1011,0.025,0,0.001,0.001,9.4,0.5
7/01/2012,7:00,155,2.6,22.8,1.1,24,64.6,0,1011,0.026,0,0.001,0.001,19.3,5.5
7/01/2012,8:00,138,2.9,26.7,1.2,24.8,61.7,0,1011,0.028,0,0.001,0.001,22.5,6.7
7/01/2012,9:00,130,3.5,19.3,1.3,25.2,59.6,0,1011,0.029,0,0.001,0.001,21.2,5.2
7/01/2012,10:00,131,3.1,23,1.1,25.4,59.1,0,1011,0.03,0,0.002,0.002,23.9,7.3
7/01/2012,11:00,109,2.9,26,1.1,25.6,58.6,0,1011,0.031,0.001,0.003,0.004,25.7,5.4
7/01/2012,12:00,107,3,25.9,1.2,25.1,62.8,0,1011,0.028,0.001,0.002,0.003,24.2,4.8
7/01/2012,13:00,102,2.6,27.3,1,24.7,65.2,0,1010,0.027,0.001,0.002,0.003,22.4,6.2
7/01/2012,14:00,119,1.9,25.6,0.9,24.4,64.9,0,1010,0.025,0,0.003,0.003,21,4.8
7/01/2012,15:00,103,2,33.9,0.9,24.6,63.6,0,1009,0.024,0.002,0.003,0.005,22,5.4
7/01/2012,16:00,104,1.8,28.1,0.7,24.5,64.3,0,1009,0.023,0.002,0.003,0.005,23.5,6.3
7/01/2012,17:00,93,1.4,36.2,0.7,24.2,65.8,0,1010,0.02,0.006,0.009,0.014,23.3,7.1
7/01/2012,18:00,83,1.3,36.4,0.7,24.1,66.4,0,1010,0.015,0.009,0.012,0.021,19.7,4
7/01/2012,19:00,74,0.9,36.7,0.6,23.9,67.2,0,1010,0.019,0.002,0.005,0.007,17.4,1.3
7/01/2012,20:00,62,1.1,35.8,0.6,23.9,67.6,0,1011,0.022,0.001,0.005,0.006,17.7,2.8
7/01/2012,21:00,40,0.8,34.5,0.4,23.9,67.7,0,1011,0.026,0,0,0,20,5.4
7/01/2012,22:00,353,0.7,31.4,0.4,23.9,68.2,0,1011,0.026,0,0,0,18.7,5.2
7/01/2012,23:00,320,0.4,43.5,0.3,23.7,69.7,0,1011,0.022,0,0.001,0.001,18,6
8/01/2012,0:00,283,0.7,21.2,0.3,23.2,72.3,0,1010,,,,,16,3.4
8/01/2012,1:00,293,0.6,24,0.3,23.1,72.5,0,1009,0.019,0,0.002,0.002,15.6,2.9
8/01/2012,2:00,280,0.5,28.1,0.3,23,73.1,0,1008,0.017,0,0.003,0.003,14.1,2.6
8/01/2012,3:00,276,0.6,29.5,0.3,23,73.2,0,1008,0.017,0,0.003,0.003,14.6,3.1
8/01/2012,4:00,269,0.4,29.9,0.3,22.6,74.7,0,1009,0.016,0,0.002,0.002,14.2,2.7
8/01/2012,5:00,291,0.5,42.5,0.3,22.8,74.8,0,1009,0.015,0,0.003,0.003,14.1,3.4
8/01/2012,6:00,344,1.3,24.8,0.7,24.3,69,0,1010,0.019,0,0.003,0.003,14.5,3.4
8/01/2012,7:00,352,2.1,19.4,0.8,25.2,65.1,0,1010,0.025,0,0.001,0.001,14.9,3.6
8/01/2012,8:00,351,2,25.8,0.9,26.2,61.1,0,1009,0.028,0,0.001,0.001,14.5,3.3
8/01/2012,9:00,337,1.9,32,0.9,26.8,56.9,0,1009,0.033,0,0.002,0.002,20.1,8.9
8/01/2012,10:00,349,2.4,19.8,1,27.6,54.7,0,1008,0.035,0,0.001,0.001,16.8,6.8
8/01/2012,11:00,356,2.6,18.6,0.9,27.9,55.4,0,1008,0.037,0,0.001,0.001,15.9,6.4
8/01/2012,12:00,358,2.4,30.8,1.1,29.3,48.7,0,1007,0.04,0,0.001,0.001,16,6.3
8/01/2012,13:00,22,2.9,30.4,1.3,29.1,54,0,1006,0.036,0,0.001,0.001,17.4,6.3
8/01/2012,14:00,33,3,30.2,1.4,28.5,57.8,0,1005,0.028,0,0.001,0.001,24.3,7.5
8/01/2012,15:00,29,2.7,29.1,1.2,28.4,59.2,0,1005,0.028,0,0.001,0.001,25.9,10.6
8/01/2012,16:00,5,2.9,174.3,1.2,28.4,59.3,0,1004,0.031,0,0.001,0.001,23.6,8
8/01/2012,17:00,350,3.3,12.6,1,27.8,61,0,1004,0.036,0,0.001,0.001,33.6,19
8/01/2012,18:00,346,2.7,12.9,1,26.7,65.7,0,1004,0.026,0,0.001,0.001,22.3,12.3
8/01/2012,19:00,348,2.4,12.7,0.8,25.9,69.5,0,1005,0.023,0,0.001,0.001,11.8,2.7
8/01/2012,20:00,349,1.6,12.2,0.6,25.5,73.7,0,1006,0.021,0,0.001,0.001,11,2.5
8/01/2012,21:00,329,0.5,37.6,0.4,25,76.3,0,1006,0.014,0,0.003,0.003,14,5.4
8/01/2012,22:00,334,1.1,26,0.5,25.1,77.3,0,1006,0.015,0,0.003,0.003,14.5,6.6
8/01/2012,23:00,333,1.4,24,0.7,25,78.5,0,1005,0.018,0,0.001,0.001,17,7.2
9/01/2012,0:00,339,1.2,22.2,0.5,24.9,79.6,0,1005,,,,,12.8,1.4
9/01/2012,1:00,335,1,28.8,0.5,24.6,81.4,0,1004,0.016,0,0.001,0.001,15.5,4.4
9/01/2012,2:00,342,1.6,13.9,0.5,24.3,80.9,0,1003,0.015,0,0.001,0.001,14.3,3.6
9/01/2012,3:00,314,0.7,35.3,0.4,23.8,81.1,0,1003,0.013,0,0.001,0.001,13.8,4
9/01/2012,4:00,340,1.2,20,0.5,23.5,81.2,0,1003,0.01,0,0.004,0.004,13.2,4.6
9/01/2012,5:00,343,1.7,19.8,0.6,23.7,79.1,0,1003,0.009,0,0.006,0.006,12.6,5.5
9/01/2012,6:00,342,2.7,18,1.3,24.9,72.1,0,1004,0.011,0.002,0.006,0.008,10.8,3.2
9/01/2012,7:00,340,2.9,13.2,0.9,25.8,68.5,0,1004,0.013,0.003,0.006,0.009,14.4,5.6
9/01/2012,8:00,339,2.6,20.3,1,27.4,61.6,0,1004,0.02,0.002,0.004,0.006,13.5,3.8
9/01/2012,9:00,339,2.2,28,1.1,29.8,51.6,0,1003,0.038,0.001,0.006,0.006,21.3,8.8
9/01/2012,10:00,353,2.8,16.5,0.9,30.5,51.9,0,1003,0.048,0,0.005,0.005,24,10.5
9/01/2012,11:00,0,2.8,23.7,1.2,31.8,50,0,1002,0.046,0,0.003,0.003,26.8,10.6
9/01/2012,12:00,5,3.1,23.5,1.2,31.4,50.6,0,1001,0.044,0,0.002,0.002,30.5,8
9/01/2012,13:00,356,2.8,19.8,1,32.5,47.3,0,1001,0.05,0,0.001,0.001,24.9,7.4
9/01/2012,14:00,359,3.2,16.8,1.1,32.8,46.8,0,1000,0.053,0,0.001,0.001,20.7,7.5
9/01/2012,15:00,359,3.3,16.6,1.2,32.6,48.5,0,999,0.051,0,0.001,0.001,26.5,13.6
9/01/2012,16:00,349,3.4,15.1,1.1,31.6,53.7,0,999,0.044,0,0.001,0.001,33.4,17.6
9/01/2012,17:00,358,2.4,27.3,1.1,30.7,59.9,0,999,0.044,0,0.002,0.002,51.4,30.4
9/01/2012,18:00,8,2,21.7,0.7,29.2,68.2,0,1001,0.032,0,0.002,0.002,69.9,46.1
9/01/2012,19:00,359,2.4,15.1,0.8,28.2,70.8,0,1001,0.022,0,0.002,0.002,50.4,29
9/01/2012,20:00,341,1.3,45.6,1,27.6,73.5,0,1002,0.018,0,0.001,0.001,33,15.7
9/01/2012,21:00,292,0.7,30.5,0.4,27.1,76.5,0,1003,0.015,0,0.001,0.001,22.8,6.4
9/01/2012,22:00,217,0.3,62.5,0.3,26.5,79.3,0,1003,0.013,0,0.002,0.002,24.8,8.4
9/01/2012,23:00,146,0.7,40.3,0.6,26.2,81.3,0,1003,0.011,0,0.003,0.003,23.8,7.1
10/01/2012,0:00,139,0.7,59.6,0.5,25.9,82.9,0,1002,,,,,32.3,8.1
10/01/2012,1:00,171,0.9,49.4,1,25.5,83.3,0,1002,0.015,0,0.004,0.004,32.9,9.7
10/01/2012,2:00,164,2.4,21.3,1,26.3,75,0,1002,0.038,0,0.001,0.001,23.6,11
10/01/2012,3:00,155,2.1,21.9,0.9,26.2,76.6,0,1002,0.037,0,0,0,19,12.1
10/01/2012,4:00,151,3.2,21.5,1.3,25.7,77.5,0,1003,0.04,0,0,0,16.3,8.5
10/01/2012,5:00,159,3.3,19.4,1.3,25.3,77,0,1004,0.039,0,0.001,0.001,18.7,8.6
10/01/2012,6:00,150,3.4,20.1,1.2,25.9,70.7,0,1005,0.037,0,0.002,0.002,23,9.7
10/01/2012,7:00,153,3.5,23,1.3,26.7,62.7,0,1005,0.035,0,0.002,0.002,23.1,7.4
10/01/2012,8:00,155,2.9,26.8,1.2,27.8,57.3,0,1005,0.04,0,0.003,0.003,19.5,5.8
10/01/2012,9:00,138,3.1,26.7,1.3,28.7,53.8,0,1005,0.04,0.006,0.003,0.008,22.4,9
10/01/2012,10:00,120,3.1,26.5,1.2,29,54.4,0,1005,0.043,0,0.003,0.003,22.5,8.1
10/01/2012,11:00,122,3.9,21,1.4,29.1,51.5,0,1004,0.042,0,0.003,0.003,23.3,6.9
10/01/2012,12:00,124,4.5,20,1.4,28.6,51.2,0,1004,0.038,0.002,0.002,0.004,20.8,5.5
10/01/2012,13:00,127,4.5,19.6,1.6,28.1,54.3,0,1003,0.034,0,0.002,0.002,21.4,6.1
10/01/2012,14:00,126,4.1,20.3,1.4,27.6,58.3,0,1003,0.031,0,0.002,0.002,20.1,5.5
10/01/2012,15:00,121,3.7,19,1.4,27.1,63.9,0,1003,0.03,0,0.002,0.002,21.9,8
10/01/2012,16:00,118,3.1,25.8,1.2,26.5,67.4,0,1002,0.027,0.001,0.002,0.003,20.2,6.5
10/01/2012,17:00,128,2.7,21.4,1.1,25.8,70.8,0,1003,0.024,0,0.003,0.003,18.8,3.8
10/01/2012,18:00,129,1.8,22.7,0.7,25.6,72.9,0,1004,0.025,0,0.003,0.003,22.1,6.9
10/01/2012,19:00,118,1.2,28.5,0.7,25.1,75.1,0,1004,0.026,0,0.002,0.002,22.1,7.5
10/01/2012,20:00,110,0.8,28.9,0.4,25.1,76.9,0,1005,0.025,0,0.001,0.001,23.6,9.1
10/01/2012,21:00,95,0.4,41.6,0.3,24.9,77.3,0,1005,0.023,0,0.002,0.002,19.2,6.5
10/01/2012,22:00,279,0.2,65.1,0.2,24.5,80,0,1005,0.022,0,0.002,0.002,15.6,4.1
10/01/2012,23:00,238,0.3,59.9,0.3,24.8,78,0,1004,0.021,0,0.003,0.003,16.7,5.2
11/01/2012,0:00,245,0.4,37.4,0.3,24.8,77.1,0,1004,,,,,17.4,6.2
11/01/2012,1:00,192,0.3,63.9,0.3,24.4,78.1,0,1003,0.017,0,0.003,0.003,17,5.8
11/01/2012,2:00,244,0.4,41.2,0.2,23.7,80.3,0,1003,0.016,0,0.003,0.003,14.6,3.3
11/01/2012,3:00,261,0.5,44.4,0.3,23.2,81.8,0,1003,0.015,0,0.002,0.002,13.9,3.7
11/01/2012,4:00,267,0.5,49.9,0.4,22.8,83.3,0,1003,0.01,0,0.006,0.006,16,6
11/01/2012,5:00,267,0.5,53.3,0.3,22.8,84,0,1003,0.005,0.003,0.012,0.015,18,7.9
11/01/2012,6:00,258,0.7,68.4,1,25.3,72.7,0,1004,0.015,0.004,0.009,0.013,23.1,12.1
11/01/2012,7:00,277,1.5,45.5,1,27,60.5,0,1004,0.03,0.001,0.003,0.004,27.4,14.8
11/01/2012,8:00,287,1.2,54.8,0.9,29.2,44.5,0,1003,0.036,0,0.003,0.003,25.1,12
11/01/2012,9:00,242,1.3,56.5,0.9,30.9,34.6,0,1003,0.039,0.001,0.003,0.003,25.1,10.1
11/01/2012,10:00,94,2.1,34.8,0.9,29.2,50.9,0,1003,0.056,0,0.005,0.005,27,11.1
11/01/2012,11:00,81,2.1,36.7,1.1,29.7,47.8,0,1003,0.05,0.005,0.013,0.018,29.7,12.6
11/01/2012,12:00,87,2.2,27.7,1,30.3,41.8,0,1002,0.049,0.005,0.012,0.017,23.6,10.7
11/01/2012,13:00,48,2.4,32.4,1.1,30.6,43.8,0,1001,0.047,0.003,0.008,0.01,18.4,7.5
11/01/2012,14:00,29,2.6,33.4,1.2,29.7,49.3,0,1000,0.059,0.001,0.002,0.003,25.2,11.3
11/01/2012,15:00,18,2.8,25,1.2,29.9,42.5,0,999,0.057,0,0.001,0.001,35.1,12.2
11/01/2012,16:00,16,2.4,176.1,1.2,29.6,51.3,0,999,0.062,0,0.001,0.001,23.3,10.3
11/01/2012,17:00,21,1.9,29.9,0.9,29.5,52.3,0,999,0.057,0,0.002,0.002,23.7,9.3
11/01/2012,18:00,352,1.5,35.4,0.8,28.7,52.4,0,1000,0.062,0,0.003,0.003,27.9,10.8
11/01/2012,19:00,350,0.4,141.2,0.5,27.2,60.4,0,1001,0.042,0,0.003,0.003,24.5,9.3
11/01/2012,20:00,329,0.6,48.3,0.4,26.2,61,0,1001,0.034,0,0.005,0.005,24.9,12.9
11/01/2012,21:00,54,0.2,90.7,0.3,26.5,43.7,0,1002,0.026,0,0.007,0.007,21.2,10.7
11/01/2012,22:00,69,0.3,71.8,0.3,27.7,26.3,0,1002,0.02,0,0.004,0.004,12.9,5.2
11/01/2012,23:00,29,0.1,97.8,0.3,26.9,27.4,0,1003,0.017,0,0.005,0.005,12,5.2
12/01/2012,0:00,342,0.2,96.1,0.3,25.5,31.2,0,1002,,,,,12.5,5.1
12/01/2012,1:00,251,0.4,44.4,0.2,25.2,31,0,1002,0.017,0,0.003,0.003,7,2.2
12/01/2012,2:00,204,0.2,81.2,0.2,23.5,37.3,0,1003,0.015,0,0.003,0.003,6.7,1.3
12/01/2012,3:00,155,1.9,25.1,1.5,23,41.8,0,1004,0.015,0,0.003,0.003,5.3,0.5
12/01/2012,4:00,153,4.4,16.9,1.6,23.5,50.6,0,1005,0.024,0,0.001,0.001,18.7,3.3
12/01/2012,5:00,155,3.8,19.8,1.4,22.5,62.1,0,1006,0.022,0,0.002,0.002,35,8.4
12/01/2012,6:00,160,3.5,21.3,1.3,23,59.8,0,1007,0.02,0.001,0.002,0.003,39.1,9.9
12/01/2012,7:00,160,3.9,21.9,1.4,23.8,55,0,1008,0.021,0.001,0.002,0.003,44.4,9.4
12/01/2012,8:00,149,3.7,24.4,1.4,24.5,49.4,0,1008,0.024,0.001,0.002,0.003,36.4,6.7
12/01/2012,9:00,128,3.9,25.5,1.4,24.8,46.3,0,1009,0.029,0.001,0.002,0.003,34.2,5.8
12/01/2012,10:00,127,4.5,20.6,1.5,25.1,41.1,0,1009,0.033,0,0.003,0.003,35.1,6.5
12/01/2012,11:00,123,4.7,18.8,1.6,25.1,39,0,1009,0.034,0.001,0.003,0.003,33.4,4.7
12/01/2012,12:00,127,4.9,20,1.7,24.5,39.6,0,1009,0.032,0.001,0.002,0.003,31.9,4.1
12/01/2012,13:00,123,4.4,21.8,1.7,24.3,37.4,0,1009,0.029,0.001,0.002,0.002,33.4,7.6
12/01/2012,14:00,128,4.6,15.5,1.7,24.2,40.7,0,1009,0.027,0.001,0.002,0.003,26.4,2.9
12/01/2012,15:00,125,4.5,19.9,1.5,23.7,48.9,0,1008,0.025,0.001,0.002,0.003,28.3,6.9
12/01/2012,16:00,130,4.1,19.8,1.5,23.3,51.9,0,1009,0.023,0.001,0.002,0.003,18.8,1.8
12/01/2012,17:00,133,3.7,18.8,1.4,23.2,52.5,0,1009,0.022,0.001,0.002,0.003,20.7,4.3
12/01/2012,18:00,139,3,20.6,1.3,23,52.6,0,1010,0.021,0,0.003,0.003,15.7,1.4
12/01/2012,19:00,152,2.3,22.5,1,23,54.6,0,1011,0.021,0,0.003,0.003,13.1,-0.2
12/01/2012,20:00,163,1.9,25.2,0.9,22.6,56,0,1011,0.018,0,0.004,0.004,14.3,1.1
12/01/2012,21:00,162,2,22.2,0.8,22.3,59.3,0,1012,0.016,0,0.004,0.004,14,1.6
12/01/2012,22:00,157,1.7,25.6,0.8,22.3,61,0,1012,0.016,0,0.002,0.002,13.7,3
12/01/2012,23:00,171,1.4,28.5,0.6,21.7,64.5,0,1012,0.015,0,0.002,0.002,13.9,3.3
13/01/2012,0:00,185,1.2,22,0.6,21.3,64.9,0,1011,,,,,13.8,2.9
13/01/2012,1:00,179,1.3,20.3,0.5,21,65.8,0,1011,0.014,0,0.002,0.002,10.8,1.3
13/01/2012,2:00,183,0.9,25.3,0.4,20.9,65.6,0,1011,0.014,0,0.001,0.001,11.5,1.6
13/01/2012,3:00,184,0.9,22.3,0.5,20.8,65.9,0,1011,0.013,0,0.002,0.002,11,0.8
13/01/2012,4:00,182,0.8,24.5,0.4,20.6,66.5,0,1012,0.011,0,0.003,0.003,11.8,1.7
13/01/2012,5:00,178,0.5,35.1,0.5,20.4,67.8,0,1012,0.008,0.001,0.007,0.007,12.4,2.4
13/01/2012,6:00,170,1.3,22.8,0.7,21.2,65.4,0,1012,0.007,0.007,0.008,0.015,26.9,4.1
13/01/2012,7:00,133,1.3,37.5,0.8,22.3,63.9,0,1013,0.011,0.003,0.004,0.007,197.6,10.5
13/01/2012,8:00,110,2.2,32.2,1.1,23.5,54.6,0,1013,0.017,0.002,0.003,0.005,34.7,5.3
13/01/2012,9:00,104,2,33.8,1,23.5,54.6,0,1013,0.018,0.003,0.004,0.007,14.1,4.7
13/01/2012,10:00,107,2.1,31.6,1,23.8,54.1,0,1013,0.019,0.002,0.003,0.005,15.4,5.2
13/01/2012,11:00,98,2.4,34.1,1.2,24.7,49.9,0,1012,0.018,0.006,0.004,0.01,13.2,2.9
13/01/2012,12:00,88,2.5,27.6,1.1,24.4,51.4,0,1012,0.016,0.011,0.007,0.018,10.9,1.8
13/01/2012,13:00,87,2.3,35.4,1.2,24.4,51.1,0,1011,0.015,0.008,0.006,0.014,12.7,3.2
13/01/2012,14:00,72,2.2,33.7,1.1,24.1,50.7,0,1011,0.013,0.012,0.009,0.021,10.9,3.2
13/01/2012,15:00,83,2.1,33.3,0.9,23.9,51.8,0,1010,0.013,0.012,0.008,0.02,11.3,3.3
13/01/2012,16:00,96,2,29.6,1,23.8,52.3,0,1011,0.014,0.012,0.008,0.02,10.5,2.4
13/01/2012,17:00,84,1.7,35.7,0.8,23.6,53.3,0,1011,0.011,0.015,0.012,0.027,11.5,2.5
13/01/2012,18:00,71,1,42.8,0.7,23.2,53.8,0,1012,0.009,0.016,0.013,0.028,10.8,2.6
13/01/2012,19:00,81,0.8,40.9,0.5,22.7,56.7,0,1012,0.009,0.004,0.009,0.013,11.5,3.6
13/01/2012,20:00,66,0.8,37.8,0.5,22.9,55.7,0,1012,0.012,0.004,0.01,0.014,11.9,3.2
13/01/2012,21:00,73,0.4,49,0.3,22.7,56.6,0,1012,0.012,0.001,0.008,0.009,11.9,3.3
13/01/2012,22:00,84,0.4,57.6,0.3,22.5,57.4,0,1012,0.011,0.002,0.007,0.009,9.8,2
13/01/2012,23:00,268,0.3,62,0.2,21.7,61.6,0,1012,0.009,0.006,0.008,0.014,8.3,1
14/01/2012,0:00,225,0.3,50.9,0.3,20.7,66.6,0,1011,,,,,10.3,3.1
14/01/2012,1:00,167,0.3,51.4,0.3,20.4,69.1,0,1011,0.005,0.001,0.009,0.009,4.2,-1.2
14/01/2012,2:00,244,0.2,75.2,0.2,20,71.7,0,1010,0.004,0.001,0.008,0.009,9.1,3.7
14/01/2012,3:00,176,0.3,48.8,0.3,19.7,73.3,0,1010,0.005,0.001,0.006,0.006,4.4,-0.9
14/01/2012,4:00,162,0.2,52.7,0.3,19.4,74.7,0,1010,0.008,0,0.003,0.003,7.8,3.2
14/01/2012,5:00,48,0.9,98.3,3.1,19.2,75.9,0,1011,0.006,0,0.005,0.005,6.3,1.7
14/01/2012,6:00,227,0.3,79.5,0.7,21.7,66.2,0,1012,0.009,0.002,0.005,0.007,8.7,3.4
14/01/2012,7:00,339,0.5,71.3,0.5,24,55.2,0,1012,0.013,0.004,0.006,0.01,9.8,0.5
14/01/2012,8:00,26,1.4,168.3,0.8,24.5,51.9,0,1012,0.02,0.001,0.003,0.004,12,2.5
14/01/2012,9:00,32,1.4,36.4,0.8,24.5,52.7,0,1012,0.021,0,0.002,0.002,10.4,3
14/01/2012,10:00,63,1.8,34.9,1,24.9,51,0,1012,0.023,0.003,0.004,0.006,13.7,3.1
14/01/2012,11:00,60,1.8,37.3,1,24.8,52.7,0,1011,0.02,0.005,0.005,0.01,12.3,2.1
14/01/2012,12:00,68,2,35.9,1,24.8,53.9,0,1011,0.019,0.006,0.005,0.011,13.5,3.7
14/01/2012,13:00,64,2,35.9,1.1,24.9,53.7,0,1010,0.018,0.008,0.006,0.014,9.5,2.5
14/01/2012,14:00,55,2.2,34.6,0.9,24.7,54.8,0,1009,0.019,0.008,0.006,0.014,10.5,1.9
14/01/2012,15:00,59,1.9,36.4,1.1,24.6,54.2,0,1009,0.016,0.009,0.007,0.016,8,0.9
14/01/2012,16:00,67,2.1,29.2,1,24.3,53.1,0,1009,0.012,0.013,0.009,0.021,7.6,0.3
14/01/2012,17:00,74,1.8,35.4,0.9,24,55.3,0,1010,0.011,0.016,0.008,0.024,2.8,-4
14/01/2012,18:00,59,1.2,37.2,0.9,23.6,56.5,0,1011,0.011,0.015,0.008,0.022,6.7,0.8
14/01/2012,19:00,63,1.2,34.8,0.7,23.5,57.5,0,1011,0.01,0.008,0.007,0.015,9,2.1
14/01/2012,20:00,81,1,40.5,0.7,23.1,60.6,0,1011,0.01,0.01,0.009,0.018,6.9,1.2
14/01/2012,21:00,139,0.6,43,0.3,22.7,61.8,0,1011,0.011,0.002,0.006,0.008,9,2.6
14/01/2012,22:00,127,0.8,46.3,0.7,22.6,64.1,0,1011,0.008,0.005,0.007,0.012,8.2,2.3
14/01/2012,23:00,171,1.7,34.6,0.8,21,76.8,0,1011,0.01,0,0.003,0.003,9,3.5
15/01/2012,0:00,174,1.4,25.4,0.8,20.1,82.4,0,1010,,,,,8.4,4.6
15/01/2012,1:00,174,1.3,33.1,0.6,19.7,85.1,1,1010,0.01,0,0.002,0.002,9.1,5.6
15/01/2012,2:00,179,0.5,76.7,0.4,19.3,86.8,0,1010,0.008,0,0.002,0.002,6.5,2.3
15/01/2012,3:00,179,1.2,22.3,0.5,19.3,86.4,0,1009,0.008,0,0.001,0.001,3,0.4
15/01/2012,4:00,178,1.4,23.6,0.7,19.6,85,0,1010,0.009,0,0.001,0.001,6,3.3
15/01/2012,5:00,182,1.3,23.8,0.7,19.5,84.9,0,1011,0.009,0,0.001,0.001,0.7,-2.4
15/01/2012,6:00,169,1.2,25.8,0.5,19.7,84.2,0,1011,0.009,0,0.001,0.001,3.4,1
15/01/2012,7:00,188,1,31.6,0.5,20.3,81.2,0,1011,0.008,0.001,0.002,0.003,4,0.6
15/01/2012,8:00,175,1.9,24.2,0.9,21.2,76.8,0,1011,0.009,0.001,0.002,0.003,4.5,0
15/01/2012,9:00,169,2,21.1,0.8,21,82.4,0,1012,0.01,0.002,0.002,0.004,2.9,-0.4
15/01/2012,10:00,160,2,24.1,0.8,22.8,72.6,0,1011,0.011,0.002,0.003,0.005,5.7,2.2
15/01/2012,11:00,157,2.3,26.7,1,23.5,67.4,0,1011,0.013,0.002,0.003,0.005,6.4,1.4
15/01/2012,12:00,139,2.4,26.4,0.9,23.9,64.3,0,1011,0.015,0.001,0.002,0.003,9.5,3
15/01/2012,13:00,120,2.8,29.1,1.2,24.3,61.9,0,1011,0.013,0.002,0.002,0.004,9.1,2.8
15/01/2012,14:00,166,2.1,42.2,1.4,20.5,84.1,9,1010,0.011,0.001,0.002,0.003,5.4,1.2
15/01/2012,15:00,188,1.5,30.4,0.7,20.5,87.4,2,1010,0.009,0.002,0.003,0.005,4.2,0.9
15/01/2012,16:00,131,2.1,28.3,1,22.2,75.3,0,1010,0.009,0.002,0.003,0.004,6.8,2.1
15/01/2012,17:00,127,2.8,20.2,1.1,23,66.5,0,1011,0.011,0.001,0.002,0.003,8.7,1.9
15/01/2012,18:00,116,2.7,24.3,1.1,22.9,68.2,0,1011,0.012,0,0.002,0.002,10,2.6
15/01/2012,19:00,116,2.7,20.2,1.1,22.8,68.5,0,1012,0.012,0,0.001,0.001,8,0.1
15/01/2012,20:00,122,3.1,18.6,1.3,23.1,67,0,1012,0.013,0,0.001,0.001,12.8,4.4
15/01/2012,21:00,108,2.9,24,1.3,22,74.5,1,1012,0.012,0.002,0.002,0.004,10.7,3
15/01/2012,22:00,83,1.4,41.6,1,20.5,86.3,3,1012,0.007,0.017,0.008,0.025,9.3,1.7
15/01/2012,23:00,103,1.9,27.9,1.1,20.8,83.4,1,1012,0.009,0.009,0.005,0.013,10.3,1.3
16/01/2012,0:00,115,2.6,21.3,1.1,21.4,78.6,4,1011,,,,,9.5,1.7
16/01/2012,1:00,114,2.7,47.1,1.6,19.6,87.7,4,1011,0.014,0,0,0,7.9,0.9
16/01/2012,2:00,16,0.8,115.3,0.9,20.1,81,0,1011,0.013,0.001,0.002,0.003,8,-0.3
16/01/2012,3:00,,,,,,,,,0.015,0,0,0,6.5,-1.2
16/01/2012,4:00,,,,,,,,,0.014,0,0.001,0.001,8.8,1.6
16/01/2012,5:00,123,3.2,23.3,1.7,22.4,70.2,0,1011,0.014,0,0.001,0.001,11.6,1.2
16/01/2012,6:00,128,4.1,17.4,1.6,23.1,63.8,0,1012,0.013,0,0.002,0.002,14.4,1.3
16/01/2012,7:00,117,3.5,20.6,1.5,23.5,62.3,0,1013,0.014,0.001,0.002,0.003,14.8,2
16/01/2012,8:00,119,3.9,18.6,1.4,23.8,61.2,0,1013,0.014,0.001,0.002,0.003,12.5,-0.9
16/01/2012,9:00,122,4,19.8,1.6,24.4,58.9,0,1013,0.014,0.001,0.002,0.003,12.2,-1.1
16/01/2012,10:00,126,4.6,19,1.7,24.6,57.5,0,1013,0.015,0.001,0.001,0.002,16.8,2.3
16/01/2012,11:00,126,4.3,17.5,1.6,24.6,56.2,0,1013,0.015,0.001,0.002,0.003,16.8,2.2
16/01/2012,12:00,126,4.3,23.7,1.9,24.2,64.1,0,1012,0.015,0.001,0.001,0.002,13,1.3
16/01/2012,13:00,123,4.4,17.8,1.6,23.1,69.5,0,1012,0.013,0.001,0.002,0.003,14.2,1.4
16/01/2012,14:00,125,4.9,17.6,1.7,22.9,65.9,0,1012,0.014,0.001,0.002,0.003,10,-0.4
16/01/2012,15:00,123,4.8,22.4,2,22.7,65.5,0,1012,0.016,0.001,0.002,0.003,7.6,-0.7
16/01/2012,16:00,131,4.6,16.4,1.7,22.5,68.1,0,1012,0.016,0.001,0.002,0.003,10.4,2.1
16/01/2012,17:00,133,5.2,16.6,2,22.1,73.5,0,1012,0.017,0.001,0.002,0.002,9.4,0.7
16/01/2012,18:00,143,4.3,18.8,1.6,20.6,83.3,0,1013,0.019,0,0.001,0.001,5.9,-0.2
16/01/2012,19:00,149,3.6,18.8,1.5,20.1,84.6,0,1014,0.02,0,0.001,0.001,4.8,-0.8
16/01/2012,20:00,161,3.5,19.6,1.4,20.1,87.5,0,1014,0.019,0,0.002,0.002,6.3,0.7
16/01/2012,21:00,160,2.9,20.6,1.1,19.8,89.5,1,1014,0.02,0,0.002,0.002,4.2,1.1
16/01/2012,22:00,152,2.3,19,0.7,20.3,88.9,0,1013,0.023,0,0.001,0.001,3.1,-0.1
16/01/2012,23:00,140,,,,,89.8,0,1013,0.028,0,0,0,6.9,1.9
17/01/2012,0:00,156,2,22.5,1,20.8,90.4,1,1012,,,,,1.5,-1.7
17/01/2012,1:00,134,2.4,24.6,1.3,20.8,89.4,0,1012,0.031,0,0,0,4,-0.5
17/01/2012,2:00,160,2.2,27.2,1.1,20.7,90.1,6,1011,0.031,0,0,0,1.7,-4.2
17/01/2012,3:00,148,2.1,26.2,1.2,20.7,89.9,4,1011,0.031,0,0,0,5.6,0.5
17/01/2012,4:00,157,2.2,27.4,0.9,20.5,90.8,7,1011,0.031,0,0,0,4,-0.2
17/01/2012,5:00,162,1.4,51.1,0.7,20.9,91,1,1012,0.03,0,0.002,0.002,1.3,-3.1
17/01/2012,6:00,162,2.1,26.2,1.1,21.4,89.6,0,1012,0.024,0.001,0.006,0.007,6.1,-1.1
17/01/2012,7:00,136,1.9,27.6,0.9,21.7,88.9,4,1012,0.025,0.001,0.006,0.006,9.5,-0.4
17/01/2012,8:00,129,2.6,23.6,1.2,22.1,85.8,0,1013,0.028,0.001,0.005,0.005,12.3,4
17/01/2012,9:00,117,2.6,25.2,1.1,22.4,85.6,5,1013,0.028,0.001,0.005,0.006,11.7,1.7
17/01/2012,10:00,126,2.4,27,1.2,22.1,84.2,2,1012,0.026,0.002,0.008,0.01,11.3,2.1
17/01/2012,11:00,192,1.1,70.7,0.9,21.7,87.4,2,1012,0.02,0.002,0.009,0.011,10.2,3
17/01/2012,12:00,139,2.2,33.7,1,21.1,85.4,1,1012,0.023,0.002,0.007,0.009,9.7,3.6
17/01/2012,13:00,137,2.5,22.3,1.1,21.6,81.3,0,1011,0.028,0.001,0.004,0.005,11.5,2.8
17/01/2012,14:00,132,3.3,18.9,1.4,22.9,81.3,0,1010,0.031,0,0.003,0.003,12.9,2.5
17/01/2012,15:00,143,3.3,22,1.3,23.1,77.8,0,1010,0.03,0,0.003,0.003,12.8,3
17/01/2012,16:00,139,2.4,29.6,1.3,23.6,74.9,0,1010,0.03,0,0.004,0.004,13,2.2
17/01/2012,17:00,139,2.1,23.2,1,23.3,75.3,0,1010,0.025,0,0.005,0.005,11.9,0.4
17/01/2012,18:00,144,0.9,53.6,1,22.5,82.7,1,1011,0.02,0,0.005,0.005,13.1,1.4
17/01/2012,19:00,142,1.7,27.7,1,21.6,89.4,0,1011,0.015,0,0.002,0.002,4,-2
17/01/2012,20:00,139,0.8,45.7,0.5,21.1,90,0,1011,0.015,0,0.005,0.005,3.2,-0.2
17/01/2012,21:00,82,0.7,42.7,0.5,21.2,90.6,0,1011,0.011,0.009,0.012,0.021,5.9,1.3
17/01/2012,22:00,217,0.5,52,0.5,21.2,91,0,1011,0.014,0,0.004,0.004,5.7,0.9
17/01/2012,23:00,211,0.4,67,0.4,20.7,91,0,1010,0.009,0,0.006,0.006,5.5,-0.1
18/01/2012,0:00,183,1,25.2,0.5,20.3,90.7,0,1009,,,,,4.4,-1
18/01/2012,1:00,162,0.4,33.2,0.3,20,90.7,0,1008,0.01,0,0.001,0.001,5.4,-0.1
18/01/2012,2:00,191,0.5,43.5,0.4,20.1,90.7,0,1008,0.01,0,0.001,0.001,5.2,-0.4
18/01/2012,3:00,186,0.8,27.6,0.4,20.2,88.8,0,1008,0.014,0,0,0,6.9,0.7
18/01/2012,4:00,171,0.3,56.6,0.3,20.2,87.6,0,1008,0.011,0,0.001,0.001,7.9,1.3
18/01/2012,5:00,322,0.3,88.2,0.2,20.5,87.7,0,1009,0.006,0,0.004,0.004,9.2,1.8
18/01/2012,6:00,212,0.5,62.7,0.5,21.9,82.5,0,1009,0.004,0.01,0.009,0.019,9.3,2
18/01/2012,7:00,174,1.4,38.4,0.9,24.5,67.6,0,1009,0.015,0.002,0.004,0.006,4.7,0.4
18/01/2012,8:00,152,2.3,27.6,1,25.8,64.6,0,1009,0.017,0.002,0.003,0.005,0.9,-2.2
18/01/2012,9:00,152,2.8,30.6,1.2,26.7,60.3,0,1009,0.018,0.001,0.002,0.002,4.5,1.1
18/01/2012,10:00,147,2.5,30.7,1,27.4,58.2,0,1009,0.019,0,0.002,0.002,2.2,-0.9
18/01/2012,11:00,114,2.6,33.3,1.2,28,58,0,1008,0.022,0.002,0.003,0.005,3.9,1.4
18/01/2012,12:00,96,2.7,30.2,1.3,27.1,64.8,0,1008,0.022,0.004,0.005,0.009,9,0.5
18/01/2012,13:00,108,2.3,25.6,1,25.7,75.1,0,1008,0.026,0.002,0.003,0.005,14.1,3.2
18/01/2012,14:00,101,2.2,28.4,1.1,25.7,75.3,0,1008,0.021,0.006,0.007,0.013,13,2.8
18/01/2012,15:00,121,3.1,24.9,1.2,25.7,75.3,0,1007,0.016,0.002,0.003,0.004,13.5,3.9
18/01/2012,16:00,142,3.3,20.4,1.3,25,78.2,0,1008,0.014,0.002,0.004,0.005,9.2,3.5
18/01/2012,17:00,154,3,21.4,1.1,25,74.3,0,1008,0.013,0.002,0.003,0.005,5.8,3.6
18/01/2012,18:00,147,3,20.1,1.1,24.3,77.5,0,1009,0.011,0.001,0.003,0.004,6.6,3.3
18/01/2012,19:00,156,1.9,20.6,0.9,23.6,81.4,0,1010,0.008,0.001,0.005,0.006,10.4,1.2
18/01/2012,20:00,157,1.2,24,0.6,23.4,83,0,1010,0.006,0,0.007,0.007,12.1,2.5
18/01/2012,21:00,209,0.4,60.5,0.3,23,83.9,0,1010,0.004,0.001,0.006,0.007,10.9,2.6
18/01/2012,22:00,263,0.3,62.7,0.2,22.4,86.4,0,1010,0,0.006,0.008,0.014,8.1,0.8
18/01/2012,23:00,192,0.5,47.8,0.3,22.1,86.2,0,1010,0.001,0.005,0.006,0.011,7,0.5
19/01/2012,0:00,170,0.3,39.5,0.2,21.5,87.5,0,1009,,,,,8.3,1.8
19/01/2012,1:00,191,0.8,36.1,0.6,21.4,86.5,0,1009,0.004,0.001,0.002,0.003,5.9,-1
19/01/2012,2:00,176,0.5,44.7,0.3,21.6,82.4,0,1008,0.006,0,0.001,0.001,8.7,0.9
19/01/2012,3:00,137,0.1,113.6,0.1,20.6,86.4,0,1008,0.003,0,0.001,0.001,9,1.4
19/01/2012,4:00,299,0.2,69.6,0.3,20,88.4,0,1008,0.001,0,0.002,0.002,8.6,1.3
19/01/2012,5:00,214,0.2,88.9,0.2,20.1,89,0,1009,0,0.008,0.004,0.012,7.3,0.3
19/01/2012,6:00,14,0.4,179,0.3,22.5,79.3,0,1009,0.002,0.009,0.005,0.014,7,0.1
19/01/2012,7:00,152,0.8,67.8,0.7,25.2,65.4,0,1010,0.006,0.01,0.006,0.015,9.5,2.8
19/01/2012,8:00,161,2,35.5,1,26.3,61,0,1010,0.014,0.003,0.004,0.006,6.9,1.3
19/01/2012,9:00,141,2.5,29.2,1,27,57.3,0,1010,0.019,0.001,0.001,0.002,5.3,2.1
19/01/2012,10:00,121,2.2,39.7,1.2,27.7,56.5,0,1010,0.02,0.002,0.003,0.005,4.6,1.7
19/01/2012,11:00,107,3.3,24.3,1.2,27.3,61.7,0,1010,0.022,0.002,0.002,0.004,9.9,3
19/01/2012,12:00,120,3.9,22.2,1.3,27.2,63.4,0,1010,0.022,0.001,0.002,0.003,14.3,5
19/01/2012,13:00,127,4.4,20.2,1.7,26.7,64.3,0,1009,0.021,0.001,0.003,0.003,14.2,5.6
19/01/2012,14:00,118,3.9,20.2,1.6,26.9,64.2,0,1009,0.019,0.001,0.003,0.003,17,8.2
19/01/2012,15:00,132,4.4,20.9,1.4,27,64,0,1008,0.017,0.001,0.002,0.003,12.6,2.5
19/01/2012,16:00,134,4.9,17.7,1.6,26.5,64.6,0,1008,0.018,0.001,0.002,0.003,12.6,2
19/01/2012,17:00,136,4.1,19.2,1.3,26.4,62.9,0,1008,0.013,0.001,0.002,0.003,13.6,3.6
19/01/2012,18:00,147,3.5,22,1.3,25.8,64.5,0,1009,0.012,0.001,0.003,0.004,13.2,3.4
19/01/2012,19:00,149,3.2,20.4,1.3,25.1,69.4,0,1010,0.011,0,0.003,0.003,11.6,5
19/01/2012,20:00,151,2.8,20.6,1.1,24.6,73.5,0,1010,0.012,0,0.002,0.002,11.8,3.5
19/01/2012,21:00,159,2.4,20.4,1,24.3,73.9,0,1010,0.011,0,0.002,0.002,10.2,1.8
19/01/2012,22:00,166,1.8,21.8,0.8,24,74.2,0,1010,0.011,0,0.001,0.001,13.4,6.9
19/01/2012,23:00,171,1.5,22.9,0.7,23.4,76.1,0,1010,0.01,0,0.001,0.001,10.3,4.8
20/01/2012,0:00,178,1.3,22.6,0.5,23.2,76.4,0,1009,,,,,7,-0.1
20/01/2012,1:00,189,1.1,20.7,0.5,22.6,77.6,0,1009,0.009,0,0.001,0.001,6.1,-0.1
20/01/2012,2:00,184,1.1,20.1,0.5,22.2,79.7,0,1008,0.009,0,0.001,0.001,8.9,3.3
20/01/2012,3:00,188,0.8,26,0.4,21.8,81.1,0,1008,0.008,0,0.002,0.002,6.5,1.9
20/01/2012,4:00,187,0.9,20.8,0.4,21.8,81.1,0,1009,0.007,0,0.002,0.002,7.9,2.6
20/01/2012,5:00,183,1,21.6,0.5,22.2,79.7,0,1009,0.005,0.002,0.005,0.007,8.1,2.1
20/01/2012,6:00,168,1.6,25.3,0.8,23.3,75.4,0,1009,0.005,0.004,0.006,0.01,7.2,1.2
20/01/2012,7:00,161,2.9,20.7,1.4,24.7,67.5,0,1010,0.01,0.003,0.002,0.004,7.1,0.6
20/01/2012,8:00,155,3.3,24.3,1.4,25,66.8,0,1010,0.013,0.001,0.002,0.003,9,2.3
20/01/2012,9:00,165,3.7,23.3,1.4,25.4,64.8,0,1010,0.014,0.001,0.002,0.003,7.7,3
20/01/2012,10:00,157,3.7,24.5,1.5,25.8,62.6,0,1010,0.015,0.001,0.002,0.003,5.4,0.5
20/01/2012,11:00,144,3.7,25.1,1.3,26.2,64.6,0,1010,0.016,0.001,0.002,0.003,6.9,0.9
20/01/2012,12:00,138,3.7,28.5,1.6,26.6,60.9,0,1009,0.015,0.001,0.002,0.003,13,3.3
20/01/2012,13:00,151,3,32.4,1.7,25.1,69.1,0,1009,0.013,0.003,0.004,0.006,12.4,3.2
20/01/2012,14:00,133,3.6,19.3,1.5,25.9,63.1,0,1009,0.012,0.001,0.002,0.003,16.4,5.2
20/01/2012,15:00,125,3.7,20.3,1.5,26.7,60.9,0,1008,0.013,0.002,0.002,0.004,15,3.2
20/01/2012,16:00,134,4.7,18.1,1.6,26.2,63.8,0,1008,0.015,0.001,0.002,0.003,13.8,2.3
20/01/2012,17:00,138,4.4,19.4,1.6,25.6,64.5,0,1008,0.013,0.001,0.001,0.002,13.1,1.4
20/01/2012,18:00,142,2.8,23.7,1.2,25,66.9,0,1009,0.011,0.001,0.003,0.003,13.2,1.8
20/01/2012,19:00,157,2.4,19.9,0.9,24.3,70.3,0,1009,0.011,0,0.003,0.003,14.6,5.1
20/01/2012,20:00,156,2,21.9,0.8,23.8,72.8,0,1009,0.011,0,0.004,0.004,14,3.4
20/01/2012,21:00,166,1.7,20.7,0.8,23.3,73.4,0,1009,0.012,0,0.003,0.003,15.3,4
20/01/2012,22:00,188,0.8,30.6,0.4,22.8,74.5,0,1010,0.011,0,0.004,0.004,15.6,4.8
20/01/2012,23:00,195,1.1,22.9,0.5,22.3,75.2,0,1009,0.01,0,0.004,0.004,12.2,2.4
21/01/2012,0:00,191,1.3,18,0.5,21.8,77,0,1008,,,,,11.7,2.6
21/01/2012,1:00,191,1.4,19.7,0.6,21.8,75.6,0,1008,0.014,0,0.001,0.001,11,1.2
21/01/2012,2:00,192,0.8,23.1,0.4,21.2,77.3,0,1007,0.013,0,0.001,0.001,11.3,2.3
21/01/2012,3:00,188,1.1,19.5,0.6,21,77,0,1007,0.012,0,0.001,0.001,12.1,2
21/01/2012,4:00,184,1.1,19.9,0.5,20.9,77,0,1008,0.012,0,0.002,0.002,8.5,0.3
21/01/2012,5:00,187,1.1,19,0.5,21,76.3,0,1008,0.011,0.001,0.003,0.004,10.4,2.8
21/01/2012,6:00,187,1.8,22.6,0.8,22.9,68.6,0,1008,0.013,0.001,0.003,0.004,8.9,1.1
21/01/2012,7:00,172,2.5,24.7,1.2,24.6,61,0,1009,0.016,0.001,0.002,0.003,11,2.4
21/01/2012,8:00,172,3.1,23.6,1.2,25.6,54.6,0,1009,0.019,0.001,0.001,0.001,14.2,6.6
21/01/2012,9:00,160,2.9,22.9,1.1,26.1,53.2,0,1009,0.02,0,0.002,0.002,10.6,4.1
21/01/2012,10:00,155,2.6,29,1.2,26.7,52.8,0,1009,0.02,0.001,0.002,0.002,7.9,1.4
21/01/2012,11:00,135,3,26.9,1.3,27,52.1,0,1008,0.022,0.001,0.002,0.003,10.2,4.4
21/01/2012,12:00,126,4.7,19.4,1.5,26.3,60.6,0,1008,0.021,0.001,0.002,0.003,13.4,3.1
21/01/2012,13:00,124,4.4,20.3,1.7,26.1,64.4,0,1008,0.017,0.001,0.001,0.002,11.5,0.9
21/01/2012,14:00,122,4.3,20.4,1.4,25.8,67.9,0,1008,0.014,0.001,0.001,0.002,13.2,3.4
21/01/2012,15:00,127,4.5,18.7,1.6,26.1,61.2,0,1007,0.013,0.001,0.001,0.002,11.3,1.2
21/01/2012,16:00,130,4.8,17.5,1.6,25.6,64.1,0,1007,0.012,0,0.001,0.001,11.2,1.4
21/01/2012,17:00,137,4.1,19.7,1.5,25.1,65.8,0,1008,0.01,0,0.002,0.002,9.3,-1
21/01/2012,18:00,138,3.6,19.9,1.4,24.9,65.4,0,1008,0.01,0,0.002,0.002,8.2,-0.7
21/01/2012,19:00,149,2.9,20.8,1.1,24.6,67,0,1009,0.01,0,0.002,0.002,13,2.5
21/01/2012,20:00,157,2.6,20.3,1,24.2,69.1,0,1010,0.009,0,0.002,0.002,11.9,2.3
21/01/2012,21:00,156,2.3,19.2,0.9,23.7,70.9,0,1010,0.009,0,0.002,0.002,10.3,1.3
21/01/2012,22:00,170,2,22.6,0.8,23.4,72.2,0,1010,0.009,0,0.002,0.002,10.1,0.7
21/01/2012,23:00,166,2.1,21,0.9,23.2,71.9,0,1010,0.011,0,0.001,0.001,10.7,2.2
22/01/2012,0:00,172,1.7,20,0.7,22.9,71.6,0,1010,,,,,9.8,0.3
22/01/2012,1:00,175,1.4,20.4,0.6,22.4,72.3,0,1009,0.013,0,0.001,0.001,9.7,1.1
22/01/2012,2:00,183,1.2,23.4,0.5,22.1,72.4,0,1008,0.013,0,0.001,0.001,10.4,1.6
22/01/2012,3:00,178,1,26.4,0.4,21.9,72,0,1009,0.012,0,0.001,0.001,10.1,2.1
22/01/2012,4:00,165,1.6,19.7,0.8,22.5,71,0,1009,0.012,0,0.001,0.001,11.3,3.4
22/01/2012,5:00,174,2.1,20.5,0.9,22.9,69.2,0,1010,0.014,0,0.001,0.001,9.3,1.3
22/01/2012,6:00,172,2.6,24,1.1,23.6,67.1,0,1010,0.015,0,0.001,0.001,23.2,14.5
22/01/2012,7:00,158,3.4,21.5,1.5,24.5,64,0,1010,0.016,0,0.001,0.001,13.3,3.5
22/01/2012,8:00,151,3.7,23.6,1.4,25.4,59.3,0,1011,0.017,0,0.001,0.001,14.2,5.2
22/01/2012,9:00,157,3.4,26.7,1.4,26.2,54.8,0,1011,0.017,0,0.001,0.001,11.8,4.3
22/01/2012,10:00,155,3.4,27.5,1.4,26.6,51.8,0,1011,0.018,0,0.001,0.001,10.2,2.7
22/01/2012,11:00,163,3.3,28.9,1.6,27.4,48.3,0,1010,0.02,0,0.001,0.001,12.7,4.8
22/01/2012,12:00,132,3.6,22.7,1.4,27.6,51.5,0,1010,0.023,0.001,0.001,0.002,12.5,3.2
22/01/2012,13:00,121,4.2,19.3,1.5,27.2,56.9,0,1009,0.021,0,0.002,0.002,16.1,4.2
22/01/2012,14:00,133,4.4,19.2,1.5,26.6,61.5,0,1009,0.018,0.001,0.001,0.002,16.5,4.1
22/01/2012,15:00,139,4.2,21.5,1.4,26.7,59.6,0,1009,0.017,0.001,0.002,0.002,14.5,3.2
22/01/2012,16:00,156,4.1,22.4,1.7,26.7,56.8,0,1008,0.015,0,0.002,0.002,7.4,-0.3
22/01/2012,17:00,164,3.5,21.8,1.7,24.2,70,0,1009,0.013,0,0.002,0.002,3.9,-0.9
22/01/2012,18:00,164,2.8,20.6,1.3,22.8,81.3,0,1010,0.01,0,0.002,0.002,5.8,0.6
22/01/2012,19:00,174,2.2,24.1,1,22.2,86.2,1,1010,0.009,0,0.002,0.002,6.6,3.2
22/01/2012,20:00,175,2.1,20,0.8,21.9,86.3,0,1010,0.013,0,0.002,0.002,7.9,2.1
22/01/2012,21:00,176,1.9,21.6,0.8,22.1,84.7,0,1011,0.013,0,0.003,0.003,7.7,0.1
22/01/2012,22:00,165,2.1,19.1,0.8,22.2,84.4,0,1010,0.014,0,0.002,0.002,11.5,0.6
22/01/2012,23:00,162,2.1,21.9,0.9,22.3,84.1,0,1010,0.013,0,0.002,0.002,12.9,3.4
23/01/2012,0:00,168,2.4,19.8,1,22,86.1,1,1009,,,,,8.4,0.4
23/01/2012,1:00,177,2,19.3,0.8,21.6,89,1,1009,0.013,0,0,0,4.5,0.3
23/01/2012,2:00,177,1.6,20.9,0.6,21.7,89.7,1,1008,0.011,0,0,0,2.8,-0.8
23/01/2012,3:00,178,1.5,22.1,0.7,21.8,90.1,0,1008,0.01,0,0,0,6.3,1.5
23/01/2012,4:00,175,0.8,37.8,0.5,21.7,90.2,0,1008,0.009,0,0.001,0.001,5.4,0.8
23/01/2012,5:00,168,0.9,23.8,0.4,21.8,90.5,0,1009,0.005,0.003,0.005,0.008,5.4,1.8
23/01/2012,6:00,154,1,33.8,0.5,22.5,89.5,0,1009,0.003,0.008,0.007,0.015,3.1,-2.1
23/01/2012,7:00,117,2.6,21,1.1,24,77.7,0,1010,0.009,0.002,0.003,0.004,7.7,1.5
23/01/2012,8:00,125,3.3,20.8,1.3,25,71.6,0,1010,0.009,0.002,0.002,0.004,3.6,0.6
23/01/2012,9:00,120,3.6,21.6,1.5,25.3,69.1,0,1011,0.01,0.002,0.002,0.003,7.2,3.7
23/01/2012,10:00,133,3.9,19.5,1.5,25.6,68,0,1011,0.01,0.001,0.002,0.003,9.7,4.7
23/01/2012,11:00,130,3.8,20.9,1.4,25.4,69.6,0,1010,0.011,0.001,0.001,0.002,8.4,3
23/01/2012,12:00,136,4.1,22,1.7,25.2,72.1,0,1010,0.012,0.001,0.001,0.002,9.9,2
23/01/2012,13:00,140,3.5,20.7,1.4,23.2,83,1,1010,0.012,0.001,0.002,0.003,13.4,5.1
23/01/2012,14:00,154,2.1,25.3,0.9,22.9,85.7,0,1009,0.008,0.004,0.006,0.009,9.3,3.3
23/01/2012,15:00,167,1.7,22.3,0.7,23.3,83.8,0,1009,0.005,0.01,0.008,0.017,9,0.7
23/01/2012,16:00,147,2.1,23,0.9,24.1,80.8,0,1009,0.008,0.004,0.006,0.01,11.7,3.1
23/01/2012,17:00,131,2.8,19.6,1.1,24.5,75.5,0,1008,0.011,0.001,0.003,0.004,14,3.3
23/01/2012,18:00,126,2.7,21.3,1.3,24.5,75.5,0,1009,0.01,0.001,0.003,0.004,13.9,3
23/01/2012,19:00,120,2.4,20,1.1,24.5,75.7,0,1009,0.011,0,0.002,0.002,18.4,5.5
23/01/2012,20:00,117,2.5,18.8,1.2,24.3,77.2,0,1010,0.013,0,0.001,0.001,15.8,2.4
23/01/2012,21:00,129,1.7,28.3,1.1,22.5,86.6,8,1010,0.011,0,0.002,0.002,12,-0.3
23/01/2012,22:00,123,1.6,27.6,0.8,22.6,83.8,0,1010,0.013,0,0.001,0.001,13.6,2.7
23/01/2012,23:00,109,1.8,21.6,0.7,23.9,80,0,1009,0.011,0.002,0.002,0.004,16.5,2.8
24/01/2012,0:00,109,1.8,19.3,0.9,23.7,78.7,0,1009,,,,,19.4,3.2
24/01/2012,1:00,116,2,18.7,0.8,23.9,76.9,0,1008,0.013,0,0,0,16.3,0.6
24/01/2012,2:00,103,2,35.3,0.9,23.6,79,9,1007,0.013,0.003,0.002,0.005,20.8,5.1
24/01/2012,3:00,,,,,,,,,0.014,0,0,0,14.5,5.2
24/01/2012,4:00,,,,,,,,,0.011,0.005,0.004,0.008,12,4
24/01/2012,5:00,101,2.5,24.3,1.1,23.3,85.4,6,1007,0.011,0.004,0.003,0.007,17.8,1.4
24/01/2012,6:00,88,2.4,27,1.2,22.9,89.2,9,1008,0.006,0.023,0.009,0.032,14.6,1.1
24/01/2012,7:00,101,2.6,19,1.1,22.9,88.9,8,1009,0.01,0.002,0.003,0.004,19,1.9
24/01/2012,8:00,120,2.1,21.6,0.9,22.8,89.4,5,1009,0.009,0.002,0.005,0.007,21.1,1.7
24/01/2012,9:00,130,2.2,21.6,0.9,23.1,89.2,2,1009,0.009,0.003,0.004,0.006,18.9,1.1
24/01/2012,10:00,118,2.6,26.1,1.2,23.1,88.2,7,1009,0.01,0.002,0.004,0.005,19.6,3.4
24/01/2012,11:00,129,2.9,24,1.2,22.6,89.7,8,1009,0.01,0.001,0.002,0.003,18.3,5.2
24/01/2012,12:00,98,2.2,32.5,1.3,22.4,90.1,10,1008,0.011,0.001,0.004,0.004,11.5,-0.7
24/01/2012,13:00,75,2.3,31.4,1.3,22.3,89.4,3,1008,0.012,0.008,0.006,0.014,14.1,0.8
24/01/2012,14:00,105,2.8,22.9,1.3,22.5,87.5,0,1008,0.016,0,0.002,0.002,12.8,0.4
24/01/2012,15:00,123,2.6,20.3,1,22.4,83.9,0,1007,0.014,0.002,0.004,0.006,11.6,1.7
24/01/2012,16:00,134,2,33.6,0.9,22.3,85.2,9,1007,0.012,0.002,0.005,0.006,10.8,0.3
24/01/2012,17:00,125,2.4,30.7,1.2,21.9,89.5,2,1007,0.011,0.002,0.004,0.006,7.1,-0.1
24/01/2012,18:00,101,2.6,22.2,1.3,22.6,85.6,1,1008,0.015,0,0.001,0.001,8.3,-1.2
24/01/2012,19:00,94,3,22.8,1.6,22.5,87.1,5,1008,0.012,0,0.001,0.001,11.6,-2.1
24/01/2012,20:00,95,2.6,24.5,1.2,23.1,88.1,2,1008,0.012,0,0.002,0.002,17.8,0.5
24/01/2012,21:00,60,2.3,39.4,1.3,23.1,88.3,5,1008,0.012,0,0.001,0.001,20.7,2.6
24/01/2012,22:00,72,2.8,25.6,1.4,23.2,88.2,3,1008,0.011,0.001,0.003,0.004,17.2,-1
24/01/2012,23:00,76,2.5,28.8,1.3,23.1,88.8,5,1007,0.011,0.001,0.003,0.004,15.6,0.9
25/01/2012,0:00,76,2.3,30.8,1.3,22.1,89.3,4,1007,,,,,16.3,1.4
25/01/2012,1:00,61,1.8,40.3,1.1,22.3,90.4,5,1006,0.013,0,0.003,0.003,11.7,1.2
25/01/2012,2:00,87,1.9,36.5,1.3,22.1,90.6,10,1005,0.014,0,0.002,0.002,7.6,-0.5
25/01/2012,3:00,66,2,32.3,1.3,22,91.2,11,1005,0.014,0,0.002,0.002,5.2,-2.4
25/01/2012,4:00,97,0.9,51.7,0.9,22.4,91.3,15,1005,0.013,0,0.001,0.001,11,2.7
25/01/2012,5:00,135,0.5,83.1,0.7,21.1,91.8,7,1005,0.015,0,0.003,0.003,4,-0.7
25/01/2012,6:00,147,0.8,71.9,0.7,21.6,92.2,9,1006,0.012,0,0.003,0.003,4.5,0.5
25/01/2012,7:00,150,1.7,33.2,0.8,21.6,92.3,21,1005,0.011,0.002,0.005,0.007,4.6,2.3
25/01/2012,8:00,43,1.9,42.3,1.4,21.9,92.6,14,1005,0.012,0,0.003,0.003,-1.1,-2.1
25/01/2012,9:00,13,2.3,178.1,1,22,92.7,19,1005,0.014,0,0.002,0.002,7.3,0.1
25/01/2012,10:00,359,3.2,16.3,1.2,22.1,92.5,6,1005,0.014,0,0.001,0.001,3.2,-1.2
25/01/2012,11:00,347,4.2,8.5,1.2,22.5,91.4,0,1005,0.012,0.001,0.003,0.004,4.1,0.6
25/01/2012,12:00,340,1.8,23.6,1.5,22.6,90.3,1,1004,0.012,0.001,0.003,0.003,-0.4,-1.6
25/01/2012,13:00,330,1.2,30.5,0.7,23.1,88.8,0,1003,0.011,0.001,0.004,0.005,3.3,0.8
25/01/2012,14:00,350,1.4,30.1,0.7,24.3,81.7,0,1003,0.014,0.001,0.001,0.001,5.7,1.5
25/01/2012,15:00,347,2.2,15,0.8,24.7,80.6,0,1002,0.016,0,0.001,0.001,5.1,1.6
25/01/2012,16:00,346,1.8,16.5,0.7,24.2,84.6,0,1002,0.016,0,0.001,0.001,1.6,-0.6
25/01/2012,17:00,349,1.7,18.4,0.7,24.4,82.8,0,1003,0.013,0,0.001,0.001,5.8,1.3
25/01/2012,18:00,343,1.8,12.7,0.7,24.2,82.9,0,1003,0.014,0,0.001,0.001,8.2,3.4
25/01/2012,19:00,342,0.6,58.8,0.8,23.6,87.1,0,1003,0.012,0,0.002,0.002,7.2,1.2
25/01/2012,20:00,297,0.7,51.9,0.7,23.3,88.3,0,1004,0.004,0,0.007,0.007,7.7,1.7
25/01/2012,21:00,339,0.7,59.6,0.5,23.3,87.4,0,1004,0.007,0,0.004,0.004,6.2,-0.7
25/01/2012,22:00,322,0.4,56.1,0.5,23.1,89.1,8,1004,0.007,0,0.002,0.002,5.4,0.7
25/01/2012,23:00,348,0.2,60,0.2,22.9,90.7,0,1004,0.008,0,0.002,0.002,7.1,2.5
26/01/2012,0:00,165,0.1,85.1,0.2,22.6,91.3,0,1003,,,,,5.1,-0.1
26/01/2012,1:00,187,0.3,38.4,0.2,22.3,91.7,0,1002,0.003,0,0.004,0.004,6.7,0.4
26/01/2012,2:00,156,0.3,46.7,0.3,22.2,92,0,1002,0.002,0,0.004,0.004,9.2,2.3
26/01/2012,3:00,248,0.2,78.1,0.2,22.3,92.3,0,1002,0.001,0,0.004,0.004,7.8,0.5
26/01/2012,4:00,160,0.3,73.5,0.3,22.2,92.2,0,1002,0.001,0.001,0.004,0.004,5.4,-2.2
26/01/2012,5:00,197,0.6,38.7,0.3,22,92.5,0,1003,0,0.003,0.005,0.007,6.3,-0.4
26/01/2012,6:00,154,0.7,31.3,0.4,22.8,92.1,0,1004,0.003,0.003,0.003,0.006,10.5,3.2
26/01/2012,7:00,109,0.8,28.4,0.4,23.4,90.7,0,1004,0.003,0.005,0.004,0.009,11.9,1.9
26/01/2012,8:00,96,0.8,40.2,0.8,24.7,82,0,1005,0.009,0.005,0.006,0.011,26.5,7.6
26/01/2012,9:00,85,1.1,36.2,0.6,25.8,77,0,1005,0.012,0.003,0.004,0.007,43.7,9.2
26/01/2012,10:00,48,1.2,48.2,0.7,26.7,73.3,0,1004,0.02,0.001,0.003,0.004,30.5,6.7
26/01/2012,11:00,82,1.8,28.9,0.8,27,72.4,0,1004,0.021,0.008,0.008,0.016,27.2,6.5
26/01/2012,12:00,84,1.6,39,0.8,27.4,69.5,0,1004,0.024,0.002,0.004,0.005,24.5,8.1
26/01/2012,13:00,100,2.2,29.3,1,27.3,70.7,0,1004,0.02,0.004,0.004,0.007,21.8,7.1
26/01/2012,14:00,116,2.6,23.7,0.9,26.8,74.4,0,1003,0.02,0,0.002,0.002,16.1,4.7
26/01/2012,15:00,115,2.5,23.6,0.9,26.4,77,0,1003,0.021,0,0.001,0.001,14.8,5.4
26/01/2012,16:00,114,2.6,22.7,1,26.1,80.1,0,1003,0.017,0,0.001,0.001,8.9,2.5
26/01/2012,17:00,118,2.7,20.8,1.1,25.7,82.2,0,1004,0.012,0,0.002,0.002,6.6,0.8
26/01/2012,18:00,108,2.5,23,1.1,25.1,83,0,1005,0.012,0,0.001,0.001,9.5,1.8
26/01/2012,19:00,110,2.8,21.4,1.2,24.9,81.7,0,1005,0.012,0,0.001,0.001,11.4,-0.5
26/01/2012,20:00,121,3.4,19.6,1.4,24.5,82.7,0,1006,0.013,0,0.001,0.001,13.3,2.1
26/01/2012,21:00,119,3.3,20,1.2,24.1,84.7,0,1006,0.014,0,0,0,10,0.3
26/01/2012,22:00,133,2.3,20,1,24.1,85.5,0,1006,0.013,0,0.001,0.001,10.2,0.3
26/01/2012,23:00,143,1.8,30.7,0.9,24.1,87.6,0,1006,0.012,0,0,0,17.3,5
27/01/2012,0:00,162,0.6,50.5,0.5,23.5,89.7,0,1005,,,,,10.8,2.5
27/01/2012,1:00,128,1.5,27.2,0.8,24,89.2,0,1005,0.013,0,0,0,8.9,2
27/01/2012,2:00,86,1.2,41.3,0.8,24.5,88.2,0,1004,0.013,0.002,0.003,0.005,15.9,5.6
27/01/2012,3:00,94,1.5,27.7,0.8,24.7,84.6,0,1004,0.009,0.006,0.006,0.012,12.9,3
27/01/2012,4:00,115,1.8,29.6,0.8,24.1,87.7,2,1005,0.011,0.002,0.002,0.003,8.2,-1.1
27/01/2012,5:00,128,1.2,35.7,0.6,23.5,90.4,6,1006,0.013,0.002,0.003,0.005,3.8,-1.6
27/01/2012,6:00,112,2.6,31.9,1.6,23.2,91,4,1006,0.014,0.001,0.004,0.005,3.7,1.2
27/01/2012,7:00,121,1.6,20.5,0.7,22.8,91.5,5,1008,0.017,0,0.004,0.004,8.3,3.9
27/01/2012,8:00,130,2.4,14.6,0.9,22.6,91.4,6,1008,0.015,0.002,0.007,0.009,4.7,-0.2
27/01/2012,9:00,136,1.9,24.1,0.9,22.5,91,1,1009,0.017,0.002,0.007,0.009,5.3,1.2
27/01/2012,10:00,122,3,20,1.2,23.5,89.9,1,1008,0.013,0.001,0.003,0.004,8.9,2.1
27/01/2012,11:00,121,2.8,20.5,1.2,23.3,89.7,2,1008,0.011,0.001,0.003,0.004,10.1,2.4
27/01/2012,12:00,117,3,22.8,1.1,22.9,89.7,3,1008,0.013,0.001,0.002,0.003,11.2,1.8
27/01/2012,13:00,127,3.1,17.2,1.2,23.4,87.5,0,1008,0.011,0.002,0.002,0.004,12.1,2.9
27/01/2012,14:00,122,3,17.5,1.2,24,84.3,0,1007,0.01,0.002,0.003,0.005,11.1,1.2
27/01/2012,15:00,127,3.2,18.6,1.1,24.3,82.4,0,1007,0.01,0.003,0.003,0.006,16.3,5.3
27/01/2012,16:00,136,2.8,20.8,1.1,24.2,81.4,0,1007,0.009,0.001,0.003,0.004,13.7,2.2
27/01/2012,17:00,129,2.6,20.5,1.1,24,82.7,0,1007,0.008,0.001,0.004,0.005,12.8,2.2
27/01/2012,18:00,157,2.6,19.7,1.1,22.9,87.2,0,1008,0.008,0.001,0.003,0.004,16.7,6.4
27/01/2012,19:00,131,2.2,24,1,23.4,87.6,0,1008,0.008,0,0.004,0.004,15.5,4.6
27/01/2012,20:00,125,2.5,22.2,1.2,23.1,87.2,6,1008,0.01,0,0.002,0.002,16.2,-0.2
27/01/2012,21:00,121,2.3,18.9,0.9,23.5,85.7,0,1009,0.009,0,0.001,0.001,18,1.1
27/01/2012,22:00,125,2.4,18.1,0.9,23.6,84.6,0,1009,0.01,0,0.002,0.002,19.8,1.3
27/01/2012,23:00,121,2.2,19.4,1,23.9,82,0,1008,0.01,0,0.001,0.001,22.7,2.9
28/01/2012,0:00,119,2.3,19.8,0.9,23.8,81.6,0,1008,,,,,21.7,2.3
28/01/2012,1:00,121,2.4,17.5,0.9,23.6,82,0,1007,0.011,0,0,0,18.8,1.3
28/01/2012,2:00,123,2,21.3,1.1,23.3,82.5,0,1007,0.012,0,0,0,21.8,4.4
28/01/2012,3:00,135,1.8,20.5,0.7,22.9,83.9,0,1007,0.012,0,0,0,15.4,3
28/01/2012,4:00,119,2.1,21.3,0.9,23.7,78.7,0,1007,0.012,0,0,0,13.9,0.7
28/01/2012,5:00,120,2.1,19.4,0.9,23.9,78,0,1007,0.011,0,0,0,19.9,2.4
28/01/2012,6:00,115,2,21.8,0.8,23.7,81.6,0,1008,0.01,0,0.001,0.001,22.5,4.7
28/01/2012,7:00,130,1.5,28.8,1.2,22.9,84.3,2,1009,0.01,0,0.002,0.002,21.2,4
28/01/2012,8:00,103,2.3,33.2,1.4,23.4,84.4,1,1009,0.008,0.006,0.004,0.01,16.2,2.8
28/01/2012,9:00,140,0.6,82.7,0.6,22.3,89.5,0,1009,0.01,0.002,0.003,0.005,8.9,-0.7
28/01/2012,10:00,109,2.2,24,0.9,23.8,83.4,1,1008,0.01,0.001,0.002,0.003,9,-1.5
28/01/2012,11:00,112,2.3,18.5,0.9,23.7,84.5,0,1008,0.01,0.001,0.001,0.002,17.4,0
28/01/2012,12:00,113,2.3,20.5,0.9,23.9,82.8,0,1007,0.01,0.001,0.001,0.002,22.6,5.6
28/01/2012,13:00,113,2.8,18.4,1.1,23.9,80.4,0,1007,0.01,0.001,0.001,0.002,19,3.1
28/01/2012,14:00,111,2.4,19.7,1.1,23.9,78.8,0,1007,0.009,0,0.001,0.001,20.5,5.8
28/01/2012,15:00,111,1.9,18.2,0.8,23.2,81.9,0,1007,0.009,0.001,0.001,0.002,16.6,2
28/01/2012,16:00,114,1.8,18.6,0.7,23.3,80.3,0,1007,0.008,0.001,0.002,0.003,15.3,2
28/01/2012,17:00,117,2.2,17.8,0.8,23,79.4,0,1007,0.009,0.001,0.002,0.003,16.7,2.7
28/01/2012,18:00,125,1.6,19.6,0.8,22.6,77.4,0,1007,0.008,0.001,0.003,0.004,16.3,4.2
28/01/2012,19:00,128,1,25.9,0.5,22.6,82.6,0,1007,0.005,0.001,0.005,0.006,13.3,0.4
28/01/2012,20:00,121,1.1,30.1,0.5,23,81.7,0,1007,0.008,0.002,0.003,0.004,11.7,-0.8
28/01/2012,21:00,125,1.2,27.9,0.6,23.1,79.9,0,1008,0.007,0.001,0.004,0.004,14,0.4
28/01/2012,22:00,126,1.2,29.8,0.5,23.5,78.3,0,1008,0.009,0,0.002,0.002,17.7,3.7
28/01/2012,23:00,178,0.7,35.9,0.3,22.4,85.1,0,1007,0.003,0,0.005,0.005,14.6,0
29/01/2012,0:00,170,0.8,30.4,0.4,22.1,87.6,0,1006,,,,,14.1,-0.7
29/01/2012,1:00,183,0.7,32.2,0.3,22.1,89.2,0,1006,0.003,0,0.003,0.003,14,0.9
29/01/2012,2:00,64,1.5,45.1,1.1,22.1,86.8,0,1005,0.007,0.004,0.003,0.007,14.9,3.1
29/01/2012,3:00,130,0.5,87.9,0.9,21.8,85.5,0,1005,0.007,0.001,0.002,0.003,9.1,-0.1
29/01/2012,4:00,141,0.9,36.8,0.5,21.6,88.8,0,1005,0.011,0,0,0,13.4,3.4
29/01/2012,5:00,130,0.5,56.8,0.5,22.1,87.9,0,1006,0.005,0.006,0.005,0.01,10.6,2.9
29/01/2012,6:00,184,0.4,53.6,0.3,22.3,88.3,0,1006,0.006,0.001,0.002,0.003,11.3,2.2
29/01/2012,7:00,119,1,26.3,0.5,23.2,85.4,0,1007,0.007,0.005,0.003,0.007,14.9,4.1
29/01/2012,8:00,110,1.4,21,0.5,23.9,83.6,0,1007,0.008,0.002,0.001,0.003,15.7,3.5
29/01/2012,9:00,96,1.8,24.4,0.8,24.9,78.8,0,1007,0.008,0.009,0.004,0.012,18.2,3.4
29/01/2012,10:00,93,1.9,25.3,0.9,24.6,82.3,0,1007,0.007,0.01,0.004,0.014,19.9,6.1
29/01/2012,11:00,56,1.7,46.3,1.1,24,81.2,3,1006,0.006,0.025,0.008,0.033,16.8,3.5
29/01/2012,12:00,31,0.3,133.4,0.7,22.6,87.7,1,1006,0.009,0.005,0.004,0.009,7.3,-1.1
29/01/2012,13:00,44,1.8,33.8,0.9,24.1,84.9,0,1005,0.007,0.005,0.002,0.007,10.8,-0.6
29/01/2012,14:00,38,1.9,36.5,1.1,24.9,80.3,0,1005,0.009,0.004,0.002,0.006,18.9,4.8
29/01/2012,15:00,54,2.2,33.3,1.2,25.1,78.2,0,1005,0.009,0.009,0.004,0.013,25.4,8.9
29/01/2012,16:00,61,2.1,28.1,1.1,25,76.4,0,1005,0.008,0.01,0.005,0.014,15.1,1.6
29/01/2012,17:00,45,1.5,33.7,0.9,25,77.5,0,1005,0.009,0.001,0.001,0.002,15.1,1.3
29/01/2012,18:00,42,1.6,32.1,0.9,24.9,79.3,0,1005,0.009,0,0.001,0.001,21.8,5.4
29/01/2012,19:00,30,1.5,32.5,0.9,24.7,79.9,0,1006,0.009,0,0,0,23.3,3.2
29/01/2012,20:00,47,1.4,35,0.8,24.7,80.4,0,1006,0.008,0,0,0,24.4,3.3
29/01/2012,21:00,42,1.3,37.4,0.8,24.7,80,0,1006,0.008,0,0,0,24.1,2.6
29/01/2012,22:00,44,1.5,32.3,0.8,24.5,81,0,1006,0.009,0,0,0,25.4,3.6
29/01/2012,23:00,30,1.4,30.2,0.8,24.5,80.3,0,1006,0.009,0,0,0,24.6,4.1
30/01/2012,0:00,21,1.3,171.3,0.7,23.5,84.5,0,1005,,,,,20.6,2.9
30/01/2012,1:00,16,1.4,171.7,0.7,24,83,0,1005,0.009,0,0,0,15.9,-1.7
30/01/2012,2:00,19,1.4,34.1,1,23.5,84.2,1,1005,0.01,0,0,0,20.3,0.3
30/01/2012,3:00,13,1.1,64.2,1.2,22.7,88.8,0,1005,0.009,0,0,0,11.5,-1.1
30/01/2012,4:00,34,0.5,77,0.5,22.3,88.8,0,1005,0.009,0.002,0.002,0.004,10.2,0.1
30/01/2012,5:00,265,0.6,56.5,0.5,22.5,89.3,0,1005,0.001,0.006,0.008,0.014,10.7,-0.3
30/01/2012,6:00,10,0.8,176.1,1,22.9,89.5,0,1006,0.006,0.005,0.006,0.011,11.8,6
30/01/2012,7:00,357,1.4,30.4,0.8,23.7,84,0,1006,0.01,0.001,0.002,0.003,15.6,-0.5
30/01/2012,8:00,16,2,177,1.1,24.8,77.6,0,1006,0.011,0.001,0.002,0.002,16.1,1.5
30/01/2012,9:00,24,2.6,29.3,1.1,25.4,74.4,0,1006,0.013,0,0.002,0.002,18.3,0.3
30/01/2012,10:00,15,2.9,23.8,1.3,25.6,73.4,0,1006,0.012,0.001,0.001,0.001,24.4,6.1
30/01/2012,11:00,27,2.8,28.7,1.2,26.2,71.8,0,1005,0.014,0,0.001,0.001,24.3,4.6
30/01/2012,12:00,16,2.9,24.9,1.2,26.1,72.5,0,1005,0.012,0,0,0,23.6,3.5
30/01/2012,13:00,20,2.6,29,1.2,26.3,72.4,0,1004,0.011,0,0.001,0.001,23.4,4.4
30/01/2012,14:00,21,2.9,25.5,1.2,26.1,72,0,1004,0.011,0,0.001,0.001,20.6,2
30/01/2012,15:00,15,2.7,23.5,1.2,25.9,72.6,0,1003,0.01,0.001,0.001,0.002,22.4,5.5
30/01/2012,16:00,15,2.5,24,1.1,25.9,71.9,0,1003,0.01,0.001,0.001,0.001,20.7,4.9
30/01/2012,17:00,11,2,180.7,0.9,25.7,73.7,0,1003,0.013,0,0.001,0.001,18.7,3.1
30/01/2012,18:00,7,1.9,20.2,0.9,25.2,76.2,0,1003,0.01,0,0.001,0.001,17.1,1.3
30/01/2012,19:00,358,1.4,18.7,0.7,24.7,80.1,0,1004,0.008,0,0.001,0.001,15.4,-2.3
30/01/2012,20:00,317,0.5,43.5,0.3,24,83.9,0,1004,0.003,0.001,0.004,0.005,21.3,3.4
30/01/2012,21:00,275,0.4,36.2,0.2,23.3,86.6,0,1005,0.001,0.003,0.004,0.007,17.9,1
30/01/2012,22:00,348,0.4,42.2,0.3,23.3,86.8,0,1005,0.001,0,0.003,0.003,18.2,0.3
30/01/2012,23:00,282,0.5,39,0.3,23.3,86.3,0,1005,0.001,0.005,0.004,0.009,20.1,4.8
31/01/2012,0:00,293,0.3,47,0.2,23.1,87.3,0,1005,,,,,20.4,5
31/01/2012,1:00,300,0.2,53,0.2,23.3,87.4,0,1004,0.001,0,0.004,0.004,17.5,3.8
31/01/2012,2:00,288,0.4,39.5,0.2,23,88.3,0,1004,0.002,0,0.002,0.002,16.9,2.6
31/01/2012,3:00,273,0.3,45.7,0.2,22.7,89.5,0,1003,0.002,0,0.002,0.002,13.7,-0.8
31/01/2012,4:00,262,0.3,40.7,0.2,22.4,90.4,0,1003,0.002,0,0.002,0.002,10.7,-1.3
31/01/2012,5:00,287,0.1,77.8,0.2,22.4,90.9,0,1004,0,0.002,0.003,0.004,11.5,0.2
31/01/2012,6:00,309,0.5,47.3,0.4,23.3,88.5,0,1004,0,0.019,0.007,0.025,22,3.1
31/01/2012,7:00,341,1.1,30.4,0.7,25.1,79.7,0,1005,0.005,0.005,0.004,0.008,27,6.2
31/01/2012,8:00,353,1.8,21.3,0.8,26.2,71.5,0,1005,0.01,0.002,0.002,0.003,25,6.5
31/01/2012,9:00,297,0.7,63.7,0.7,26.3,70.6,0,1005,0.009,0.002,0.003,0.005,28.5,5.3
31/01/2012,10:00,30,0.7,164.6,0.7,27.2,66.2,0,1005,0.012,0.003,0.004,0.007,17.2,6.1
31/01/2012,11:00,13,0.8,175.1,1,28.1,63.3,0,1004,0.015,0.001,0.002,0.002,22.6,6.2
31/01/2012,12:00,47,2.3,34,1.1,28,64.8,0,1004,0.013,0.002,0.002,0.004,24.4,6.6
31/01/2012,13:00,33,2.4,33,1.1,28.2,62.9,0,1003,0.014,0,0.001,0.001,20.7,6.6
31/01/2012,14:00,30,2.2,28.4,1,27.2,66.2,0,1003,0.012,0,0.001,0.001,17.5,4
31/01/2012,15:00,25,2.1,29.9,0.9,26.5,67.9,0,1002,0.012,0.001,0.002,0.003,18,5.2
31/01/2012,16:00,16,1.9,26.7,0.9,26.1,74.3,0,1002,0.014,0.001,0.002,0.003,17.4,5.1
31/01/2012,17:00,11,1.8,180.4,0.9,26.1,74.4,0,1002,0.008,0,0.001,0.001,14.9,2.3
31/01/2012,18:00,6,1.7,22.5,0.8,25.7,77.3,0,1003,0.008,0,0.001,0.001,16.2,3.3
31/01/2012,19:00,358,1.3,19,0.5,25.4,80.1,0,1003,0.007,0,0.001,0.001,17.6,3.6
31/01/2012,20:00,358,1.4,15.8,0.6,25,82.3,0,1004,0.006,0,0.001,0.001,17.5,3.4
31/01/2012,21:00,337,0.3,51.9,0.3,24.3,84.9,0,1004,0.003,0,0.003,0.003,17.1,2.9
31/01/2012,22:00,266,0.2,83.1,0.2,23.8,87.1,0,1004,0.002,0,0.003,0.003,18.9,5.6
31/01/2012,23:00,280,0.2,76.7,0.2,23.6,88.4,0,1004,0.003,0,0.002,0.002,13.6,2.8
1/02/2012,0:00,264,0.4,51.1,0.2,23.3,89.3,0,1004,,,,,11.3,0.3
1/02/2012,1:00,269,0.2,129.1,0.3,23.3,89.7,0,1003,0.001,0,0.002,0.002,11.5,0.8
1/02/2012,2:00,1,1.4,23.3,0.8,23.4,86.6,0,1003,0.005,0,0.001,0.001,16,3.8
1/02/2012,3:00,338,0.9,31.8,0.5,23.6,85.7,0,1003,0.007,0,0,0,16.7,6.1
1/02/2012,4:00,350,0.8,41.4,0.7,23.6,86.5,0,1003,0.005,0,0,0,14.8,4.4
1/02/2012,5:00,326,0.4,54.8,0.3,23.4,86.5,0,1004,0.005,0,0.002,0.002,11.5,-0.3
1/02/2012,6:00,357,0.7,43.9,0.5,24.3,82,0,1004,0.005,0.002,0.002,0.004,13.6,4.1
1/02/2012,7:00,5,1.6,24.2,0.6,25.7,73.8,0,1004,0.01,0,0.001,0.001,19,5.5
1/02/2012,8:00,41,1.8,33.9,0.9,26.8,64.9,0,1004,0.012,0,0.001,0.001,18.7,3.8
1/02/2012,9:00,39,1.8,36.1,0.9,27,62.2,0,1004,0.013,0.001,0.001,0.001,19.3,6.4
1/02/2012,10:00,54,2.1,33.2,1,27.1,60.1,0,1004,0.012,0.005,0.003,0.008,19.6,7.9
1/02/2012,11:00,47,2.3,34.5,1,27.4,59.9,0,1004,0.016,0.003,0.003,0.006,16.9,5.2
1/02/2012,12:00,53,2,36.7,1,27.5,60.9,0,1003,0.012,0.006,0.003,0.009,15.4,2.2
1/02/2012,13:00,68,2.6,30.9,1.1,26.9,64.4,0,1003,0.011,0.011,0.005,0.015,12.2,0.3
1/02/2012,14:00,86,2.9,25.6,1.1,26.9,65.1,0,1002,0.01,0.012,0.005,0.016,15.2,2.7
1/02/2012,15:00,78,2.4,32.6,1.2,26.7,68,0,1002,0.01,0.012,0.005,0.017,13.1,3
1/02/2012,16:00,62,2.6,26.6,1,26.3,66.6,0,1002,0.01,0.013,0.006,0.019,13.6,3.6
1/02/2012,17:00,81,2.1,27,1.1,24.9,74.4,0,1002,0.006,0.017,0.008,0.025,11.4,2.9
1/02/2012,18:00,137,1.2,39.5,0.7,24.6,73.1,0,1003,0.008,0.003,0.005,0.007,8.8,1.6
1/02/2012,19:00,153,1.6,22.2,0.9,23.2,87.1,0,1003,0.008,0.001,0.003,0.004,8.2,1.1
1/02/2012,20:00,163,1.3,29.9,0.6,22.8,90.2,0,1004,0.006,0,0.005,0.005,4.6,1
1/02/2012,21:00,165,1.2,41.1,0.7,22.5,90.2,0,1004,0.006,0.001,0.005,0.005,4.9,1.2
1/02/2012,22:00,174,1.3,26.7,0.5,22.4,90.5,0,1004,0.005,0,0.003,0.003,5.7,1.6
1/02/2012,23:00,159,1.1,23.6,0.4,22.2,90.3,0,1003,0.005,0,0.003,0.003,5.1,-0.3
2/02/2012,0:00,165,0.8,25.6,0.4,22,90.1,0,1003,,,,,8.8,2.2
2/02/2012,1:00,166,0.6,32.6,0.3,22,89.8,0,1002,0.003,0,0.002,0.002,12,2.9
2/02/2012,2:00,96,0.5,74.1,0.6,22.4,87.3,0,1002,0.003,0.008,0.008,0.016,13.2,2.7
2/02/2012,3:00,105,1.4,22.8,0.6,23.3,77.3,0,1002,0.008,0.009,0.006,0.014,15,2
2/02/2012,4:00,98,1.1,33.5,0.7,23.4,75.6,0,1002,0.006,0.021,0.009,0.03,15.5,1.9
2/02/2012,5:00,82,1.2,39.8,0.8,23.6,74.1,0,1002,0.005,0.019,0.011,0.03,16.8,1.9
2/02/2012,6:00,69,1.7,32.1,0.9,24.4,69.2,0,1002,0.004,0.029,0.014,0.043,13.9,1
2/02/2012,7:00,68,2.5,26.6,1.1,24.8,64.6,0,1003,0.009,0.023,0.011,0.034,15.7,2.1
2/02/2012,8:00,62,1.9,37.7,1,25.5,60.5,0,1003,0.012,0.013,0.006,0.019,17.1,5.1
2/02/2012,9:00,86,2.3,33.7,1.1,26.1,56.4,0,1003,0.019,0,0,0,16.1,4.6
2/02/2012,10:00,78,2.5,36.9,1.3,26.2,56.4,0,1003,0.018,0,0,0,14.1,3.5
2/02/2012,11:00,88,2.4,35.8,1.2,26.1,56.5,0,1002,0.018,0,0,0,12.8,1.6
2/02/2012,12:00,91,2.3,38.2,1.1,26.1,56,0,1002,0.016,0.004,0.002,0.006,18.6,5.6
2/02/2012,13:00,73,2.6,27.9,1.2,26.4,51.4,0,1002,0.013,0.013,0.007,0.019,12.8,3.8
2/02/2012,14:00,81,2.2,32.9,1.1,26.5,54.3,0,1001,0.017,0.004,0.003,0.006,14.9,2.6
2/02/2012,15:00,103,2.4,28.9,1,26.1,57.5,0,1001,0.016,0.003,0.003,0.006,18,5.6
2/02/2012,16:00,117,2.5,22.7,1.1,25.7,60.5,0,1001,0.016,0.002,0.002,0.004,11.3,0.2
2/02/2012,17:00,108,1.9,28.9,1.1,25.5,62.3,0,1001,0.015,0.005,0.004,0.009,11.4,0.2
2/02/2012,18:00,97,1.6,27.8,0.8,25,62.6,0,1001,0.012,0.013,0.009,0.022,15.3,3.3
2/02/2012,19:00,109,1.4,24,0.7,24.6,62.7,0,1002,0.016,0.001,0.003,0.004,11.8,0.8
2/02/2012,20:00,109,1.3,41.6,0.9,23.8,73,1,1002,0.013,0.007,0.006,0.013,10.3,-0.9
2/02/2012,21:00,99,1.1,41.7,0.9,23,80.6,1,1002,0.01,0.006,0.007,0.013,12.3,2.2
2/02/2012,22:00,116,0.8,36.1,0.5,22.4,84,0,1002,0.013,0.006,0.006,0.012,9.3,2.3
2/02/2012,23:00,116,0.8,53,0.8,22.4,80.5,0,1002,0.01,0.008,0.007,0.014,6.4,-0.3
3/02/2012,0:00,115,0.7,58.5,0.6,22.8,77.2,0,1001,,,,,11.5,4.2
3/02/2012,1:00,98,1.7,36.9,1.1,22.7,76.8,0,1000,0.014,0.008,0.007,0.014,11.9,3.9
3/02/2012,2:00,119,1.6,29.7,0.8,22.6,71.3,0,1000,0.02,0.003,0.002,0.005,9.8,3.5
3/02/2012,3:00,152,1.3,26.1,0.6,22.4,72.8,0,1000,0.02,0,0,0,10.6,4.8
3/02/2012,4:00,186,1.1,35.7,0.7,21.8,75.9,1,1000,0.018,0,0.001,0.001,7.1,-0.9
3/02/2012,5:00,180,0.8,43.5,0.5,21,85.2,0,1000,0.012,0.001,0.004,0.005,6.1,1.1
3/02/2012,6:00,163,1.1,29.1,0.5,21.5,79.7,0,1001,0.009,0.003,0.007,0.01,7.8,0.8
3/02/2012,7:00,157,1.7,29.9,0.7,24.1,67.1,0,1001,0.012,0.006,0.006,0.012,7.1,-1.3
3/02/2012,8:00,114,2.4,22.8,1,25.2,55.5,0,1001,0.02,0.002,0.005,0.007,8.4,-2.9
3/02/2012,9:00,107,3,24.1,1.2,25.6,59.4,0,1001,0.022,0.003,0.002,0.005,13.9,2.7
3/02/2012,10:00,97,2.7,32.8,1.1,26,53.4,0,1001,0.021,0.006,0.004,0.01,11.3,1.2
3/02/2012,11:00,88,2.7,26.5,1,26,51.5,0,1000,0.019,0.008,0.005,0.012,12.7,4.1
3/02/2012,12:00,79,2,36.1,1,26.2,52.3,0,1000,0.018,0.009,0.005,0.014,9.1,0.4
3/02/2012,13:00,95,2,37.9,1,26,56,0,1000,0.02,0.006,0.006,0.011,13,3.5
3/02/2012,14:00,94,2.3,26.7,0.8,25.3,58.7,0,999,0.014,0.017,0.009,0.026,10.7,0
3/02/2012,15:00,112,1.8,26.4,0.8,24.9,60.6,0,999,0.015,0.004,0.004,0.008,10,0.2
3/02/2012,16:00,113,1.6,22.2,0.6,24.9,61.6,0,999,0.016,0.001,0.004,0.005,15.7,5.6
3/02/2012,17:00,112,1.7,21.6,0.7,24.8,60.3,0,999,0.017,0.001,0.003,0.004,15,6.3
3/02/2012,18:00,113,1.5,19.9,0.6,24.6,62,0,1000,0.015,0,0.004,0.004,13,3
3/02/2012,19:00,120,1.1,22.3,0.5,24.3,65,0,1000,0.013,0,0.005,0.005,11.8,2.7
3/02/2012,20:00,123,0.7,24.2,0.4,24.1,65.8,0,1001,0.011,0,0.006,0.006,10.1,-0.3
3/02/2012,21:00,171,0.8,30.9,0.4,23.9,68.6,0,1001,0.008,0,0.007,0.007,12.5,1.8
3/02/2012,22:00,187,0.8,27.7,0.4,23.3,72.1,0,1001,0.008,0,0.007,0.007,7,-2.6
3/02/2012,23:00,176,0.4,54.9,0.3,23,72.3,0,1000,0.009,0,0.005,0.005,11.8,3.6
4/02/2012,0:00,167,0.1,73.2,0.2,21.8,78.7,0,1000,,,,,12.4,4.8
4/02/2012,1:00,171,0.6,16.9,0.3,21.2,80,0,999,0.007,0,0.003,0.003,10,2.2
4/02/2012,2:00,183,0.7,24.3,0.3,21.5,76.3,0,999,0.011,0,0.001,0.001,,
4/02/2012,3:00,181,0.8,20.1,0.4,21.2,76.4,0,999,0.011,0,0.001,0.001,8,0.6
4/02/2012,4:00,178,0.5,25.8,0.3,20.7,78.7,0,999,0.01,0,0.001,0.001,,
4/02/2012,5:00,185,0.5,25.2,0.3,20.4,79.9,0,999,0.005,0,0.003,0.003,8.7,-0.6
4/02/2012,6:00,147,0.5,51.8,0.4,21,78,0,1000,0.005,0.003,0.005,0.008,6.4,-0.5
4/02/2012,7:00,152,0.5,82.4,0.6,22.4,72.5,0,1000,0.008,0.004,0.005,0.008,13.4,5.1
4/02/2012,8:00,157,1.6,37.7,0.8,25.1,59.6,0,1000,0.017,0.002,0.002,0.004,9.1,1.3
4/02/2012,9:00,148,1.9,35.8,1,25.6,56.5,0,1000,0.021,0.001,0.002,0.003,15.3,6.4
4/02/2012,10:00,123,2.7,29.7,1.1,26.4,55.3,0,1000,0.026,0,0.002,0.002,17.1,5.8
4/02/2012,11:00,117,2.9,25.9,1.2,26.6,54.5,0,999,0.023,0.001,0.002,0.002,20,6.5
4/02/2012,12:00,112,3.2,25.7,1.3,26.6,54,0,999,0.021,0.001,0.002,0.002,15.7,4.1
4/02/2012,13:00,117,3.2,24.1,1.2,25.6,58.8,0,998,0.018,0.001,0.001,0.002,16.6,7.4
4/02/2012,14:00,122,2.7,23.7,1.1,25.2,63.2,0,998,0.019,0,0.001,0.001,8.8,-1.1
4/02/2012,15:00,122,2.5,22.7,1,25.4,61.5,0,998,0.018,0,0.002,0.002,11.5,1.1
4/02/2012,16:00,110,2.6,24.9,1.1,25.5,61.9,0,998,0.017,0.002,0.003,0.004,13.1,1.8
4/02/2012,17:00,109,2.2,26.1,1,25,64.1,0,998,0.015,0.001,0.001,0.002,16.9,6.1
4/02/2012,18:00,108,1.2,23.8,0.6,24.4,67.2,0,999,0.013,0,0.002,0.002,15.4,4.4
4/02/2012,19:00,128,0.4,60,0.5,23.7,71.4,0,999,0.01,0,0.004,0.004,15.8,3.8
4/02/2012,20:00,175,0.3,37.3,0.2,23,75.3,0,1000,0.006,0.001,0.006,0.006,13.7,3.6
4/02/2012,21:00,228,0.3,50.9,0.2,22.5,77.4,0,1000,0.002,0.01,0.009,0.019,17,6.6
4/02/2012,22:00,212,0.3,71.6,0.3,22.1,77.8,0,1000,0.003,0.002,0.007,0.009,14,3.1
4/02/2012,23:00,168,0.2,120.9,0.3,21.3,82.4,0,1000,0.001,0.007,0.008,0.015,16.2,6.6
5/02/2012,0:00,137,0.1,90.7,0.2,20.8,84.9,0,999,,,,,14,4
5/02/2012,1:00,169,0.5,29.2,0.3,20.7,85.2,0,999,0.002,0,0.004,0.004,10.2,0.8
5/02/2012,2:00,168,0.7,22.2,0.3,20.7,84.4,0,998,0.004,0,0.002,0.002,12.5,3.9
5/02/2012,3:00,198,0.5,60.5,0.4,20.6,84.2,0,998,0.005,0,0.002,0.002,11.3,1.8
5/02/2012,4:00,292,0.2,106.4,0.2,20,85.5,0,998,0.003,0,0.003,0.003,10.7,2.1
5/02/2012,5:00,289,0.2,64.6,0.3,19.7,87.9,0,999,0.001,0.001,0.003,0.004,9.5,1.5
5/02/2012,6:00,215,0.3,91,0.3,22,79.1,0,1000,0.002,0.005,0.003,0.007,10.1,1.7
5/02/2012,7:00,146,1.3,36.2,0.9,24.5,63.7,0,1000,0.01,0.002,0.002,0.004,11.9,3.5
5/02/2012,8:00,143,1.8,33.3,0.8,25.4,58.8,0,1000,0.017,0,0,0,8.9,1.7
5/02/2012,9:00,141,0.9,61.3,0.7,26.5,52.6,0,1000,0.022,0,0,0,9.6,3.9
5/02/2012,10:00,99,1.2,64.1,0.9,27,53.3,0,999,0.025,0.003,0.004,0.007,12.8,5.5
5/02/2012,11:00,91,2.2,27.2,0.9,26.9,56.9,0,999,0.024,0.005,0.006,0.01,26.3,11
5/02/2012,12:00,66,2.1,33.8,0.9,27.3,56.3,0,998,0.024,0.007,0.006,0.013,20.6,5.3
5/02/2012,13:00,84,2.4,35.6,1.1,26.9,59,0,997,0.021,0.006,0.005,0.011,16,2.4
5/02/2012,14:00,100,2.7,27.4,1.1,26.4,61.4,0,997,0.019,0.003,0.003,0.006,15.1,3.8
5/02/2012,15:00,105,2.5,27.7,1,26.3,61.7,0,997,0.02,0.001,0.001,0.002,12.4,2.5
5/02/2012,16:00,113,2.6,25.6,1,26,63.6,0,996,0.019,0.001,0.002,0.003,12.1,2.8
5/02/2012,17:00,104,2.2,25.9,0.9,25.5,67.6,0,997,0.016,0.001,0.002,0.003,12.4,4.5
5/02/2012,18:00,110,1.7,24.2,0.8,24.8,71.4,0,997,0.014,0,0.002,0.002,6.9,0.3
5/02/2012,19:00,115,1.6,21.7,0.8,24.7,71.8,0,998,0.014,0,0.001,0.001,10.9,3
5/02/2012,20:00,129,1.3,26.5,0.7,24.6,72.2,0,998,0.013,0,0.001,0.001,6,-0.6
5/02/2012,21:00,126,0.6,48.3,0.5,24.1,74.2,0,998,0.011,0,0.002,0.002,8.6,2.6
5/02/2012,22:00,212,0.4,41.1,0.2,23.6,76.8,0,998,0.009,0,0.002,0.002,8.8,2.2
5/02/2012,23:00,282,0.3,49.4,0.2,23,80,0,998,0.004,0.002,0.007,0.008,9.3,1.1
6/02/2012,0:00,271,0.8,20,0.4,22.8,81.6,0,997,,,,,10.2,2.6
6/02/2012,1:00,279,0.8,26.7,0.4,22.8,81.5,0,997,0.004,0,0.004,0.004,6.9,-0.9
6/02/2012,2:00,294,1,18.1,0.4,22.6,81,0,997,0.008,0,0.001,0.001,12.5,5.4
6/02/2012,3:00,316,0.8,30.9,0.3,22.5,81.3,0,997,0.007,0,0.001,0.001,14,7.1
6/02/2012,4:00,346,0.4,37.3,0.2,22.1,84.1,0,997,0.005,0,0.003,0.003,9.3,3.1
6/02/2012,5:00,344,0.4,45.2,0.3,22.1,83.8,0,997,0.002,0.001,0.004,0.004,8.7,1.6
6/02/2012,6:00,345,0.4,61.1,0.3,24,75.4,0,997,0.006,0.003,0.005,0.008,6.2,-1.4
6/02/2012,7:00,281,1,55.8,0.8,26.2,64.6,0,997,0.018,0.002,0.002,0.004,10.5,1.6
6/02/2012,8:00,299,1.4,45.1,0.8,27.2,60.5,0,997,0.025,0.001,0.001,0.002,12.3,4.5
6/02/2012,9:00,279,0.6,84.5,0.7,28.3,56.4,0,997,0.03,0,0.001,0.001,18.2,9.7
6/02/2012,10:00,113,0.8,109.9,1.1,29.2,53.3,0,997,0.038,0,0.002,0.002,17.7,7.6
6/02/2012,11:00,121,2.8,25.3,1,28.4,58.4,0,997,0.051,0,0.002,0.002,21,8.2
6/02/2012,12:00,114,2.8,28.2,1.1,28.1,61.8,0,996,0.052,0,0.002,0.002,23.8,7.8
6/02/2012,13:00,95,2.6,27.6,1.1,27.5,64.4,0,996,0.049,0,0.001,0.001,24.5,7.9
6/02/2012,14:00,107,2.3,22.9,0.8,27.4,64.7,0,996,0.046,0,0.002,0.002,21.4,5.5
6/02/2012,15:00,90,2,25.8,0.8,27.1,63.8,0,996,0.048,0,0.002,0.002,21.4,6.5
6/02/2012,16:00,106,2,27,0.8,27.1,62.9,0,996,0.047,0,0.002,0.002,20.7,7.9
6/02/2012,17:00,100,1.3,30.4,0.6,26.8,66,0,996,0.045,0,0.002,0.002,21.8,8.3
6/02/2012,18:00,105,1.1,23.4,0.4,26,70.9,0,997,0.043,0,0.001,0.001,19.8,7.3
6/02/2012,19:00,114,0.6,37.2,0.4,25.4,75.4,0,998,0.037,0,0.003,0.003,17.8,6.3
6/02/2012,20:00,147,0.4,36.4,0.2,24.8,78.6,0,999,0.021,0,0.01,0.01,14.9,3.6
6/02/2012,21:00,164,0.3,32,0.2,24.3,80.3,0,999,0.012,0,0.015,0.015,14.6,3.9
6/02/2012,22:00,151,0.7,22,0.3,24.2,81.5,0,999,0.011,0,0.011,0.011,11.1,0.6
6/02/2012,23:00,217,0.3,63.8,0.3,24,82.5,0,999,0.013,0.001,0.009,0.009,18.4,6.6
7/02/2012,0:00,223,0.4,49.3,0.3,23.7,83.2,0,999,,,,,16.9,6.5
7/02/2012,1:00,167,0.9,53,1,24.4,79.2,0,999,0.013,0,0.004,0.004,15.4,5.7
7/02/2012,2:00,154,1.8,23.4,0.7,24.5,76.4,0,999,0.016,0,0.001,0.001,13.8,6.2
7/02/2012,3:00,164,1.1,27.1,0.6,24.2,75.6,0,1000,0.016,0,0,0,11,3.7
7/02/2012,4:00,167,1,25.4,0.5,23.7,76.7,0,1000,0.015,0,0.001,0.001,5.2,-0.6
7/02/2012,5:00,172,0.7,33,0.4,23.3,77.8,0,1000,0.01,0,0.005,0.005,7.1,1.5
7/02/2012,6:00,174,1.2,32,0.7,24.5,73.2,0,1000,0.008,0.004,0.007,0.01,8.1,3.1
7/02/2012,7:00,160,1.7,26.3,0.7,25.3,69,0,1001,0.012,0.002,0.004,0.006,10.4,4.2
7/02/2012,8:00,135,1.7,40.9,1,26.3,62.6,0,1001,0.015,0.003,0.004,0.007,7.4,2.4
7/02/2012,9:00,116,2,28.2,0.8,26.6,61.7,0,1001,0.02,0.002,0.003,0.004,9.3,2.7
7/02/2012,10:00,90,2.1,28.6,0.8,26.4,64.6,0,1002,0.021,0,0.002,0.002,11.9,3.5
7/02/2012,11:00,92,2.5,26.5,1,26.9,63,0,1001,0.022,0,0.002,0.002,19.3,8.3
7/02/2012,12:00,112,2.8,30.8,1.1,27.5,60.3,0,1001,0.023,0,0.002,0.002,20.8,7.7
7/02/2012,13:00,106,3,25.3,1.1,27.2,60.9,0,1000,0.024,0,0.002,0.002,15.4,4.5
7/02/2012,14:00,116,3.2,24.2,1.2,27.3,60.6,0,999,0.024,0,0.001,0.001,12.9,1.9
7/02/2012,15:00,107,2.9,26.9,1.1,27.1,61.6,0,999,0.021,0.001,0.002,0.003,12.9,5.1
7/02/2012,16:00,106,2.6,24.5,1,26.9,63,0,999,0.021,0,0.003,0.003,10.9,4
7/02/2012,17:00,112,2.2,23.5,0.9,26,68.9,0,1000,0.017,0.001,0.002,0.003,12,6.4
7/02/2012,18:00,122,2.5,20.3,1,25.5,72.5,0,1001,0.018,0,0.004,0.004,11.6,5
7/02/2012,19:00,142,2,26.5,0.9,25.4,73.1,1,1002,0.019,0,0.003,0.003,14,6.4
7/02/2012,20:00,142,2,26.6,0.9,24,83.1,2,1002,0.014,0,0.003,0.003,11.8,3.4
7/02/2012,21:00,146,1.8,28.5,1.1,23.7,79.8,0,1002,0.018,0,0.002,0.002,11.7,4.2
7/02/2012,22:00,182,0.9,40,0.6,22.9,81.4,0,1002,0.02,0,0.002,0.002,7.7,3.1
7/02/2012,23:00,160,0.3,71.5,0.3,22.5,85.8,0,1002,0.012,0,0.003,0.003,5.8,2.3
8/02/2012,0:00,209,0.7,50.1,0.3,22.4,85.3,0,1002,,,,,5.2,1.5
8/02/2012,1:00,311,0.5,63,0.6,22.4,86.4,0,1001,0.007,0,0.005,0.005,4.8,-0.8
8/02/2012,2:00,268,1,23.4,0.5,22.2,88.3,0,1001,0.006,0,0.004,0.004,7.5,1.6
8/02/2012,3:00,271,0.7,38.2,0.4,22.1,86.8,0,1001,0.009,0,0.002,0.002,10.5,4.1
8/02/2012,4:00,181,0.4,54.4,0.3,22,86.1,0,1001,0.007,0,0.002,0.002,9.1,2.9
8/02/2012,5:00,275,0.1,94.1,0.3,21.8,85.1,0,1002,0.006,0,0.005,0.005,7.7,0.1
8/02/2012,6:00,233,0.3,62.3,0.3,22.6,81.8,0,1002,0.003,0.012,0.01,0.022,11.6,1.7
8/02/2012,7:00,209,0.7,57.3,0.4,25,66.8,0,1002,0.011,0.009,0.007,0.016,11.1,3.9
8/02/2012,8:00,164,0.8,86.5,1,26.2,59.4,0,1003,0.02,0.002,0.004,0.006,5.5,1.5
8/02/2012,9:00,146,1.1,58.7,0.8,27,57.1,0,1003,0.026,0.002,0.004,0.006,9,4.7
8/02/2012,10:00,172,1.1,50.7,0.9,27.7,52.7,0,1004,0.031,0,0.003,0.003,9.9,7.1
8/02/2012,11:00,168,1.9,31.8,1,27.8,52.5,0,1003,0.028,0,0.003,0.003,6,1.7
8/02/2012,12:00,148,2.1,40.4,1.1,28.4,51.7,0,1003,0.028,0,0.002,0.002,12.8,2.1
8/02/2012,13:00,122,3.6,20.6,1.3,27.1,64.2,0,1002,0.023,0.001,0.002,0.003,12.5,3.9
8/02/2012,14:00,121,3.4,22.5,1.3,26.8,67.6,0,1002,0.023,0.001,0.002,0.003,19.1,3.3
8/02/2012,15:00,128,3.5,19.2,1.3,26.3,69.6,0,1002,0.019,0.002,0.005,0.007,18.1,2.3
8/02/2012,16:00,155,3.6,25.2,1.4,25.6,69.7,0,1002,0.017,0.002,0.004,0.005,18.4,3.7
8/02/2012,17:00,165,2.2,37.6,1.4,23.4,82.8,3,1003,0.012,0.001,0.005,0.006,10.3,3.6
8/02/2012,18:00,160,2.3,20.3,0.9,22.9,85.8,1,1004,0.008,0.001,0.005,0.006,9.3,3.4
8/02/2012,19:00,162,2.5,22.5,1.1,22.7,81.9,0,1005,0.011,0.001,0.003,0.004,3.1,-1.5
8/02/2012,20:00,173,2.3,21.6,1.1,22.4,72.5,0,1005,0.021,0,0.002,0.002,2.5,0.7
8/02/2012,21:00,158,1.2,25.7,0.7,22.2,74.9,0,1006,0.018,0,0.003,0.003,2,-0.2
8/02/2012,22:00,162,2.5,19.7,0.9,22.6,73.3,0,1005,0.018,0,0.001,0.001,3.2,1.2
8/02/2012,23:00,184,1.6,24.7,0.7,22.5,74.4,0,1005,0.017,0,0.001,0.001,5.9,2.5
9/02/2012,0:00,190,0.9,26.6,0.4,22.1,76.4,0,1004,,,,,8.4,3.8
9/02/2012,1:00,203,0.5,40.5,0.4,22,76.8,0,1004,0.014,0,0.001,0.001,5.3,-0.8
9/02/2012,2:00,203,0.6,39.9,0.4,21.7,78.4,0,1004,0.011,0,0.001,0.001,7.4,1
9/02/2012,3:00,201,0.8,33.6,0.5,22,76.5,0,1004,0.013,0,0.001,0.001,,
9/02/2012,4:00,196,0.6,34.3,0.3,21.8,77.2,0,1004,0.012,0,0.002,0.002,11.2,4.2
9/02/2012,5:00,188,0.7,32.3,0.4,21.6,77,0,1005,0.009,0.001,0.005,0.006,9.5,0.7
9/02/2012,6:00,170,0.7,39.9,0.4,23.1,71.3,0,1005,0.007,0.006,0.009,0.015,12.1,3.4
9/02/2012,7:00,168,2.2,25,1.2,24.7,64.8,0,1006,0.012,0.004,0.005,0.008,10,-0.4
9/02/2012,8:00,154,3.5,25.4,1.3,25.5,61.8,0,1006,0.017,0.003,0.002,0.005,11.9,3.1
9/02/2012,9:00,162,3.4,25.8,1.3,26.1,59.3,0,1006,0.018,0.002,0.002,0.004,9.1,0.9
9/02/2012,10:00,162,3.5,27.7,1.3,26.4,57.1,0,1007,0.02,0,0.002,0.002,8.4,2.1
9/02/2012,11:00,146,3.7,23.5,1.4,26.9,56.4,0,1006,0.021,0.001,0.003,0.004,6.9,1.9
9/02/2012,12:00,153,4.5,22.4,1.7,26.3,57.5,0,1006,0.022,0.001,0.002,0.003,13.2,4.1
9/02/2012,13:00,166,3.9,22.3,1.7,25.9,59.4,0,1006,0.021,0.001,0.001,0.002,7.9,1.5
9/02/2012,14:00,147,3.8,19.5,1.5,24.4,68.7,0,1006,0.018,0.001,0.003,0.004,37,5.2
9/02/2012,15:00,147,3.4,24.4,1.3,24.5,69.3,0,1006,0.015,0.004,0.005,0.009,16.4,8
9/02/2012,16:00,139,3.5,20.4,1.4,23.4,75.7,0,1006,0.015,0.002,0.004,0.006,10.7,4.7
9/02/2012,17:00,143,3.8,20.9,1.5,23.5,75.6,0,1006,0.015,0.001,0.003,0.004,9.2,2.7
9/02/2012,18:00,154,2.7,19.5,1.1,23.6,75,0,1007,0.012,0.001,0.004,0.005,13.6,5
9/02/2012,19:00,154,2.7,19.2,1.1,23.5,74.3,0,1007,0.013,0,0.004,0.004,15.7,2.8
9/02/2012,20:00,155,2,21.4,0.9,23.2,74.6,0,1008,0.012,0,0.004,0.004,22.3,6.5
9/02/2012,21:00,158,2.4,20.6,0.9,22.8,73.8,0,1008,0.014,0,0.003,0.003,19.8,2.6
9/02/2012,22:00,170,1.9,21.4,0.7,22.4,73.8,0,1008,0.014,0,0.002,0.002,21.1,5
9/02/2012,23:00,182,1.3,21.9,0.6,21.8,74.2,0,1008,0.014,0,0.001,0.001,16.5,1.1
10/02/2012,0:00,182,1,18.3,0.4,21.3,76,0,1008,,,,,17.5,3.7
10/02/2012,1:00,187,0.8,17.6,0.3,21.1,77.1,0,1007,0.013,0,0.002,0.002,14.1,0.7
10/02/2012,2:00,184,1,17.9,0.4,20.6,79,0,1007,0.011,0,0.002,0.002,15.4,3
10/02/2012,3:00,194,1,20.2,0.4,20.4,78.3,0,1007,0.01,0,0.003,0.003,16,2.5
10/02/2012,4:00,198,0.7,31.1,0.4,20.6,76.7,0,1007,0.012,0,0.002,0.002,16.5,3.1
10/02/2012,5:00,189,1.1,23.3,0.6,20.7,75.4,0,1007,0.012,0.001,0.004,0.004,14.2,-0.5
10/02/2012,6:00,190,1.4,22.6,0.6,21.9,70.5,0,1008,0.01,0.003,0.005,0.008,16.4,1.7
10/02/2012,7:00,173,1.8,31.6,1,23.7,63.9,0,1008,0.013,0.005,0.006,0.01,17.6,1.3
10/02/2012,8:00,152,2.8,26.9,1.1,24.6,58.2,0,1009,0.019,0.003,0.003,0.006,28.8,6.2
10/02/2012,9:00,141,2.7,22.7,1,24.9,54.6,0,1009,0.022,0.001,0.003,0.004,20.4,1.8
10/02/2012,10:00,133,2.6,26.5,1.2,25.5,55.2,0,1009,0.026,0.001,0.002,0.003,21.6,5.2
10/02/2012,11:00,108,3.2,28.9,1.3,25.8,54.7,0,1008,0.026,0.001,0.002,0.002,25.2,6.4
10/02/2012,12:00,114,3.3,23.5,1.2,25.9,54.6,0,1008,0.025,0,0.002,0.002,28.6,8.8
10/02/2012,13:00,97,3.2,25.3,1.3,25.6,56.6,0,1007,0.025,0,0.001,0.001,23.4,3.5
10/02/2012,14:00,104,3,27.5,1.1,25.6,55.7,0,1007,0.023,0,0.001,0.001,28.2,4.3
10/02/2012,15:00,111,2.6,28.2,1.1,25.1,59,0,1007,0.022,0.002,0.001,0.003,19.5,3.4
10/02/2012,16:00,109,2.3,26.2,0.9,24.7,62.4,0,1006,0.02,0,0.001,0.001,20.6,5.2
10/02/2012,17:00,108,1.8,27.1,0.8,24.3,63.7,0,1006,0.02,0,0.001,0.001,15.3,1.3
10/02/2012,18:00,112,1.4,21.9,0.6,24.2,62.9,0,1007,0.018,0,0.003,0.003,18.2,4.7
10/02/2012,19:00,112,1.2,16.2,0.5,23.9,63.5,0,1007,0.019,0,0.002,0.002,14.8,2.5
10/02/2012,20:00,112,1.1,19.4,0.4,23.8,65.1,0,1008,0.019,0,0.002,0.002,14.9,2.4
10/02/2012,21:00,141,0.4,45.4,0.3,23.1,69.4,0,1008,0.012,0,0.006,0.006,12.8,0.4
10/02/2012,22:00,201,0.3,32.3,0.2,22.4,73.8,0,1008,0.006,0,0.01,0.01,14.6,2.8
10/02/2012,23:00,172,0.6,16.8,0.3,21.8,77,0,1008,0.004,0,0.01,0.01,13.9,3.2
11/02/2012,0:00,198,0.3,79.6,0.3,21.4,78,0,1008,,,,,15.6,4.8
11/02/2012,1:00,297,0.2,62.1,0.2,20.6,82.2,0,1007,0.005,0.002,0.007,0.008,13.4,3.3
11/02/2012,2:00,200,0.1,81.6,0.1,19.9,85.2,0,1007,0.001,0.005,0.009,0.014,10.8,2
11/02/2012,3:00,196,0.2,109,0.2,19.8,85.9,0,1007,0.002,0.001,0.006,0.006,8.6,1.5
11/02/2012,4:00,283,0.5,56.2,0.5,19.5,86.9,0,1007,0.003,0.001,0.005,0.006,10.4,3.2
11/02/2012,5:00,235,0.4,38.7,0.3,19.6,86.6,0,1007,0.002,0.003,0.007,0.01,7.1,0.1
11/02/2012,6:00,246,0.8,31.2,0.6,21.5,79.8,0,1008,0.005,0.007,0.007,0.013,8.1,0.7
11/02/2012,7:00,251,0.7,48.2,0.5,24.1,70.1,0,1009,0.009,0.007,0.006,0.013,12.2,0.1
11/02/2012,8:00,253,0.8,49.8,0.6,24.6,67.4,0,1009,0.016,0.001,0.002,0.003,13.3,-1
11/02/2012,9:00,250,0.7,47.4,0.5,24.8,65.8,0,1009,0.017,0,0.003,0.003,21.4,5.2
11/02/2012,10:00,345,0.6,169.6,0.6,25.1,63.2,0,1008,0.02,0,0.001,0.001,20.7,5.1
11/02/2012,11:00,337,0.9,57.5,0.6,25.8,61.3,0,1008,0.024,0,0.002,0.002,23,8
11/02/2012,12:00,349,1.8,32,0.8,27.1,53.6,0,1007,0.029,0,0.002,0.002,21.4,5.9
11/02/2012,13:00,33,1.9,37.6,1,27.6,55.9,0,1006,0.036,0,0.001,0.001,22.8,7.6
11/02/2012,14:00,40,2.3,31.7,1,26.9,60.6,0,1006,0.033,0,0.001,0.001,26.2,7.2
11/02/2012,15:00,55,2.4,29.5,1.1,26.5,63,0,1006,0.027,0,0.001,0.001,18.7,0.9
11/02/2012,16:00,52,2.1,31.7,1.1,26,66.3,0,1006,0.022,0,0,0,22.4,4.8
11/02/2012,17:00,38,1.7,35.5,0.8,25.5,68.1,0,1006,0.022,0,0,0,18.5,3.4
11/02/2012,18:00,15,1.1,173.9,0.6,25.2,68.9,0,1006,0.021,0,0,0,17.1,2.9
11/02/2012,19:00,311,0.4,61.5,0.3,24.2,73.1,0,1007,0.015,0,0.003,0.003,14.6,3
11/02/2012,20:00,281,0.4,57,0.3,24.2,74.4,0,1008,0.008,0.001,0.009,0.01,15.2,3.7
11/02/2012,21:00,352,0.8,42.5,0.6,24.1,75.8,0,1008,0.007,0,0.007,0.007,17.6,6.8
11/02/2012,22:00,315,0.5,55.4,0.3,24,75.8,0,1009,0.011,0,0.004,0.004,17.3,5.4
11/02/2012,23:00,261,0.5,45.6,0.3,23.7,76.7,0,1009,0.009,0,0.005,0.005,14.2,3.9
12/02/2012,0:00,225,0.5,28.7,0.2,23.4,78.5,0,1008,,,,,12.8,2.9
12/02/2012,1:00,278,0.4,33.4,0.3,23.5,78.2,0,1008,0.009,0,0.004,0.004,14.6,6.6
12/02/2012,2:00,273,0.4,33.5,0.3,22.4,83.7,0,1008,0.003,0.002,0.007,0.009,10.5,2.9
12/02/2012,3:00,253,0.7,28.9,0.3,22,85.6,0,1008,0.002,0.002,0.007,0.009,11.3,4
12/02/2012,4:00,258,0.2,71.1,0.3,21.9,85.4,0,1008,0.005,0,0.005,0.005,8.9,2.6
12/02/2012,5:00,300,0.3,64.5,0.3,22,84.5,0,1009,0.007,0,0.003,0.003,9.4,3.8
12/02/2012,6:00,334,0.4,41.5,0.3,23.4,78.6,0,1010,0.007,0.001,0.003,0.004,6.5,0.9
12/02/2012,7:00,339,1.5,34.2,0.9,25.7,69.7,0,1010,0.015,0.001,0.002,0.003,5.7,-2.2
12/02/2012,8:00,339,2.2,24.1,0.9,27,61.5,0,1010,0.021,0,0,0,13,2.4
12/02/2012,9:00,335,1.8,32.1,1,27.9,55.8,0,1010,0.028,0,0.001,0.001,12.8,5.8
12/02/2012,10:00,344,1.4,45.3,0.8,29.1,52.3,0,1010,0.036,0,0.001,0.001,12.5,7.6
12/02/2012,11:00,339,1.4,49.9,0.9,29.8,49.4,0,1009,0.042,0,0.001,0.001,10.3,5.7
12/02/2012,12:00,21,2.2,160.9,0.9,30,52.1,0,1009,0.045,0,0.001,0.001,12.7,6.4
12/02/2012,13:00,40,2.8,30.7,1.2,29,57.8,0,1008,0.04,0,0.001,0.001,17.3,6.4
12/02/2012,14:00,46,2.7,31,1.1,28.7,59.2,0,1008,0.035,0,0.001,0.001,24.3,10
12/02/2012,15:00,29,2.3,31.6,1,28.2,62.7,0,1008,0.027,0,0,0,20.3,6.2
12/02/2012,16:00,124,1.8,54.6,1.2,26.1,63.6,1,1008,0.028,0,0.001,0.001,19.9,5
12/02/2012,17:00,208,1.4,51.6,1.1,21.3,84.3,3,1010,0.027,0,0.005,0.005,12.4,3.8
12/02/2012,18:00,18,0.1,143,0.4,21.3,87.5,0,1010,0.022,0,0.006,0.006,11.7,6.5
12/02/2012,19:00,268,0.5,87.5,0.4,21.6,88.7,0,1011,0.016,0,0.006,0.006,7.6,3.3
12/02/2012,20:00,274,0.5,80.4,0.7,21.7,88.8,0,1011,0.011,0,0.01,0.01,12.1,6.8
12/02/2012,21:00,290,0.5,52.7,0.5,21.6,88.2,0,1011,0.011,0,0.006,0.006,9.7,4.9
12/02/2012,22:00,204,0.6,48.8,0.3,21.7,88.5,0,1011,0.01,0,0.006,0.006,11.3,4.9
12/02/2012,23:00,188,0.5,43.9,0.3,21.5,88,0,1011,0.01,0,0.004,0.004,9.8,4.8
13/02/2012,0:00,172,0.4,63.3,0.4,21.6,86.1,0,1011,,,,,8.9,2.8
13/02/2012,1:00,174,0.1,93.5,0.2,21.8,86.6,0,1010,0.008,0,0.001,0.001,8.3,2.1
13/02/2012,2:00,279,0.8,28.1,0.4,21.8,87,0,1010,0.006,0,0.004,0.004,8.3,0.3
13/02/2012,3:00,229,0.5,48.4,0.2,21.7,86.7,0,1010,0.006,0,0.002,0.002,8.6,-0.1
13/02/2012,4:00,111,0.1,106.7,0.2,21.3,88.8,0,1011,0.003,0,0.003,0.003,9.2,-0.9
13/02/2012,5:00,186,0.1,100.3,0.2,21.1,89.8,0,1011,0.001,0.002,0.005,0.007,10,1.6
13/02/2012,6:00,129,0.4,41.5,0.2,22,87.3,0,1012,0.001,0.012,0.007,0.018,12.7,4.3
13/02/2012,7:00,128,1.2,30.5,0.6,24.6,74,0,1012,0.006,0.012,0.008,0.019,14.5,4.3
13/02/2012,8:00,123,1.7,24.6,0.7,26.1,65.2,0,1012,0.017,0.003,0.004,0.007,18.5,5.2
13/02/2012,9:00,121,2.6,22.3,1.1,26.2,63.2,0,1013,0.025,0.001,0.004,0.005,11.8,4.7
13/02/2012,10:00,124,3,24.1,1.1,26.6,63.4,0,1012,0.03,0.001,0.002,0.002,11.7,3.4
13/02/2012,11:00,112,2.8,28.6,1.2,26.7,66.1,0,1012,0.029,0,0.002,0.002,14.3,5.7
13/02/2012,12:00,96,2.5,33,1.2,26.5,64.9,0,1012,0.026,0,0.001,0.001,13.8,2.5
13/02/2012,13:00,157,2.5,41.8,1.6,22.9,74.6,3,1011,0.025,0.001,0.005,0.005,10,3.5
13/02/2012,14:00,163,1.1,52.2,0.7,22.9,81.6,2,1011,0.024,0.002,0.006,0.008,11,5.8
13/02/2012,15:00,181,1.5,25.9,0.9,23.3,75.7,0,1010,0.016,0.005,0.013,0.018,13.5,7.9
13/02/2012,16:00,218,0.6,71.7,0.5,22.3,79.6,0,1010,0.01,0.006,0.014,0.02,9.1,4.6
13/02/2012,17:00,189,0.6,69.5,0.6,22.5,82.4,0,1011,0.004,0.006,0.015,0.021,10.9,7.2
13/02/2012,18:00,182,0.6,60.6,0.4,23.1,82.2,0,1011,0.003,0.004,0.014,0.018,10.8,5.5
13/02/2012,19:00,271,0.3,68.3,0.3,22.4,85.9,0,1011,0,0.009,0.013,0.021,8.6,4.2
13/02/2012,20:00,181,1,22.6,0.5,22.2,86.7,0,1012,0.002,0.004,0.009,0.013,6.5,0.5
13/02/2012,21:00,166,0.6,29.4,0.4,22,86.9,0,1013,0.003,0.001,0.007,0.008,14.1,7.9
13/02/2012,22:00,173,0.3,58.8,0.3,21.8,86,0,1013,0.006,0.001,0.003,0.003,12.2,5.6
13/02/2012,23:00,167,0.7,23.3,0.3,21.6,87.2,0,1013,0.005,0,0.003,0.003,14.1,5.7
14/02/2012,0:00,180,0.3,71.1,0.3,21.5,86.8,0,1013,,,,,11.1,1.5
14/02/2012,1:00,179,1,25.1,0.5,21.5,85,0,1013,0.008,0,0.001,0.001,12.2,2.1
14/02/2012,2:00,173,1,21.1,0.4,21.3,85.1,0,1012,0.008,0,0.003,0.003,11.7,3.8
14/02/2012,3:00,185,0.6,47.9,0.4,20.8,87.7,0,1012,0.004,0,0.003,0.003,13.1,3.8
14/02/2012,4:00,258,0.1,96,0.3,20.5,87.1,0,1012,0.007,0,0.003,0.003,12.8,3.1
14/02/2012,5:00,207,0.1,111.2,0.3,20,88.8,0,1013,0.002,0.001,0.005,0.005,14,5.4
14/02/2012,6:00,155,1.2,24.8,0.5,21.5,81.8,0,1013,0.003,0.008,0.008,0.015,10.7,1.7
14/02/2012,7:00,161,2.4,26.5,1,23.6,68.5,0,1014,0.014,0.004,0.006,0.01,14.6,1.9
14/02/2012,8:00,163,3.4,21.2,1.3,24.6,62.1,0,1014,0.021,0.003,0.005,0.007,6.8,-1.5
14/02/2012,9:00,158,3.6,24.6,1.4,25.5,59,0,1014,0.026,0.001,0.002,0.003,11.4,6.8
14/02/2012,10:00,156,3.3,23.7,1.4,26.2,57.4,0,1014,0.029,0,0.002,0.002,6.4,0.9
14/02/2012,11:00,143,3.5,22.9,1.5,26.6,57.1,0,1013,0.031,0.001,0.003,0.003,14.2,7.9
14/02/2012,12:00,130,4.2,23.2,1.7,26.4,58.5,0,1013,0.033,0,0.003,0.003,14.2,1.3
14/02/2012,13:00,125,4.4,20.1,1.6,26.3,58.9,0,1012,0.034,0,0.002,0.002,15.9,2.5
14/02/2012,14:00,126,4.5,19.9,1.8,26,59.8,0,1012,0.033,0.001,0.002,0.003,19.9,4.7
14/02/2012,15:00,133,4.3,20.9,1.4,26,58.8,0,1012,0.032,0.002,0.004,0.006,16.7,5.8
14/02/2012,16:00,132,4.2,17,1.6,25.2,59.1,0,1012,0.034,0.001,0.004,0.004,11.1,-0.5
14/02/2012,17:00,138,4.6,19.5,1.7,25,55.6,0,1012,0.034,0,0.003,0.003,13.1,3.6
14/02/2012,18:00,153,3.9,20.5,1.6,24.1,59.9,0,1013,0.03,0,0.003,0.003,11.2,3
14/02/2012,19:00,159,3,19,1.2,23.5,64.6,0,1014,0.027,0,0.003,0.003,12.2,5.7
14/02/2012,20:00,165,2,21,0.8,23,66.5,0,1014,0.025,0,0.003,0.003,9.4,1.9
14/02/2012,21:00,175,1.9,18.3,0.7,22.6,68.4,0,1014,0.024,0,0.003,0.003,11,3.4
14/02/2012,22:00,175,1.6,21.9,0.7,22.4,68.9,0,1014,0.024,0,0.002,0.002,11.4,2.9
14/02/2012,23:00,177,1.5,20.3,0.6,22.2,70.3,0,1014,0.024,0,0.002,0.002,13,3.8
15/02/2012,0:00,180,1.3,20.3,0.5,21.8,72.8,0,1014,,,,,10.1,1.6
15/02/2012,1:00,179,1.5,17.2,0.6,21.2,75.5,0,1013,0.023,0,0.001,0.001,9.8,2.7
15/02/2012,2:00,176,1.4,23.1,0.5,21,77,0,1013,0.022,0,0.001,0.001,9.4,2.9
15/02/2012,3:00,176,1.5,19.3,0.6,20.8,77.3,0,1013,0.021,0,0.001,0.001,12,6.3
15/02/2012,4:00,183,1,20.6,0.4,20.6,77.6,0,1013,0.02,0,0.002,0.002,9.7,2.2
15/02/2012,5:00,179,0.8,22.5,0.4,20.4,78.7,0,1013,0.013,0.001,0.008,0.009,10.9,4.7
15/02/2012,6:00,179,1.5,23.8,0.7,22.2,71.2,0,1014,0.014,0.003,0.01,0.013,8.4,1.7
15/02/2012,7:00,163,2.5,25.4,1.1,23.9,63.8,0,1015,0.022,0.002,0.004,0.006,11.2,3
15/02/2012,8:00,157,3.4,20.9,1.2,24.7,59.6,0,1015,0.025,0.002,0.004,0.006,11.4,2.6
15/02/2012,9:00,154,2.9,27,1.1,25.4,54.7,0,1015,0.027,0.002,0.002,0.004,14,6.7
15/02/2012,10:00,136,3.1,26.4,1.2,26.1,52,0,1014,0.029,0.001,0.002,0.003,5.7,-1.9
15/02/2012,11:00,131,3.4,24.3,1.4,26.6,50.2,0,1014,0.027,0.003,0.004,0.007,12.5,2.5
