Date,Time,Wind Direction (degTN),Wind Speed (m/s),Wind Sigma Theta (deg),Wind Speed Std Dev (m/s),Air Temperature (degC),PM10 (ug/m^3),Visibility-reducing Particles (Mm^-1)
01/01/2016,00:00,51,1.0,20.0,0.4,27.4,24.4,
01/01/2016,01:00,51,0.7,20.5,0.3,26.9,22.4,27
01/01/2016,02:00,61,1.0,14.8,0.3,26.7,19.5,26
01/01/2016,03:00,60,0.9,25.0,0.3,26.6,19.5,28
01/01/2016,04:00,108,0.6,29.3,0.3,26.3,26.6,28
01/01/2016,05:00,77,0.9,16.3,0.3,26.0,20.5,29
01/01/2016,06:00,76,1.7,13.9,0.6,27.7,23.7,30
01/01/2016,07:00,78,2.3,19.2,1.0,30.3,22.6,30
01/01/2016,08:00,82,3.3,22.5,1.2,31.4,13.6,25
01/01/2016,09:00,85,3.5,18.2,1.0,32.3,10.6,20
01/01/2016,10:00,72,3.4,21.8,1.2,32.8,18.8,20
01/01/2016,11:00,60,3.1,23.8,1.3,32.7,18.2,20
01/01/2016,12:00,53,2.9,24.8,1.2,33.3,8.8,19
01/01/2016,13:00,50,2.7,29.9,1.3,33.4,17.6,18
01/01/2016,14:00,51,2.7,25.6,1.2,33.5,21.8,18
01/01/2016,15:00,52,2.8,25.4,1.2,32.8,19.3,20
01/01/2016,16:00,56,2.9,22.9,1.3,32.3,22.6,21
01/01/2016,17:00,46,2.1,26.2,1.0,31.5,26.7,25
01/01/2016,18:00,46,1.7,21.4,0.8,30.1,28.5,29
01/01/2016,19:00,39,1.0,23.8,0.4,29.2,26.2,31
01/01/2016,20:00,29,0.9,28.4,0.5,28.9,25.1,33
01/01/2016,21:00,49,1.0,19.2,0.4,28.2,28.9,32
01/01/2016,22:00,50,0.7,24.3,0.4,27.6,36.4,32
01/01/2016,23:00,30,0.6,22.3,0.3,27.5,29.1,30
02/01/2016,00:00,32,1.0,22.4,0.4,27.8,18.3,
02/01/2016,01:00,32,0.7,22.3,0.3,27.4,15.9,27
02/01/2016,02:00,26,0.8,23.0,0.4,27.6,15.4,28
02/01/2016,03:00,30,0.7,21.8,0.4,27.4,20.8,29
02/01/2016,04:00,29,0.6,21.8,0.3,27.1,22.6,28
02/01/2016,05:00,20,0.7,22.4,0.4,27.7,22.6,28
02/01/2016,06:00,20,0.8,25.7,0.4,28.5,22.9,27
02/01/2016,07:00,45,1.6,26.9,0.8,30.0,29.2,27
02/01/2016,08:00,52,2.6,23.0,1.2,30.8,20.1,26
02/01/2016,09:00,58,2.7,21.4,1.1,31.6,17.5,24
02/01/2016,10:00,54,2.9,25.0,1.2,32.3,20.6,22
02/01/2016,11:00,56,3.3,23.9,1.3,32.4,18.2,21
02/01/2016,12:00,52,2.7,26.6,1.2,32.6,16.0,22
02/01/2016,13:00,54,3.3,22.5,1.5,32.8,26.8,23
02/01/2016,14:00,44,2.8,26.1,1.3,32.4,18.3,22
02/01/2016,15:00,54,3.5,20.3,1.5,32.2,15.7,23
02/01/2016,16:00,53,2.8,22.3,1.2,31.5,21.7,26
02/01/2016,17:00,55,2.8,20.4,1.2,30.8,21.3,26
02/01/2016,18:00,56,2.2,20.4,1.0,30.1,22.8,27
02/01/2016,19:00,54,1.6,19.7,0.7,29.5,32.1,26
02/01/2016,20:00,56,1.8,18.4,0.7,29.3,31.7,26
02/01/2016,21:00,59,2.4,17.5,0.9,29.5,26.9,26
02/01/2016,22:00,61,2.9,17.8,1.0,29.4,29.0,28
02/01/2016,23:00,56,2.5,18.0,1.1,28.7,32.2,30
03/01/2016,00:00,50,2.6,20.7,1.0,29.0,25.6,
03/01/2016,01:00,39,2.8,26.4,1.4,28.9,25.9,30
03/01/2016,02:00,25,2.4,28.0,1.3,28.5,21.6,31
03/01/2016,03:00,11,1.9,27.6,1.1,29.2,24.7,27
03/01/2016,04:00,14,1.7,27.3,0.9,29.3,24.0,26
03/01/2016,05:00,325,0.5,85.0,0.8,27.8,,20
03/01/2016,06:00,360,0.7,164.7,0.8,28.2,34.5,20
03/01/2016,07:00,325,1.5,42.3,1.1,31.5,33.9,30
03/01/2016,08:00,329,1.6,40.9,1.1,32.9,22.2,28
03/01/2016,09:00,341,1.5,39.6,1.1,33.3,20.1,26
03/01/2016,10:00,335,1.8,38.9,1.3,34.4,7.8,22
03/01/2016,11:00,336,2.1,36.9,1.3,35.3,,17
03/01/2016,12:00,342,2.3,37.0,1.3,35.3,6.2,17
03/01/2016,13:00,356,2.3,35.1,1.5,35.5,19.8,18
03/01/2016,14:00,354,2.2,36.1,1.3,35.2,14.6,19
03/01/2016,15:00,344,1.9,40.8,1.3,35.3,25.0,18
03/01/2016,16:00,345,1.8,41.3,1.3,34.6,26.7,21
03/01/2016,17:00,354,1.9,37.1,1.3,33.3,40.4,29
03/01/2016,18:00,360,1.8,39.6,1.2,31.9,29.9,34
03/01/2016,19:00,349,1.2,41.9,0.8,31.0,25.1,33
03/01/2016,20:00,338,1.2,44.6,0.9,31.1,41.2,47
03/01/2016,21:00,333,1.0,45.6,0.7,31.0,40.1,55
03/01/2016,22:00,338,0.9,46.6,0.7,30.9,35.7,55
03/01/2016,23:00,321,0.8,41.0,0.6,30.9,20.1,36
04/01/2016,00:00,216,2.2,36.2,1.1,29.3,,
04/01/2016,01:00,212,1.4,25.9,0.7,28.1,,8
04/01/2016,02:00,243,0.8,41.8,0.7,27.6,,5
04/01/2016,03:00,236,0.9,29.6,0.4,27.4,,5
04/01/2016,04:00,250,1.5,24.8,0.7,27.5,,6
04/01/2016,05:00,236,2.3,23.0,1.1,27.4,,5
04/01/2016,06:00,241,2.5,24.5,1.2,27.3,,4
04/01/2016,07:00,238,2.6,23.8,1.3,28.7,,4
04/01/2016,08:00,224,2.8,27.2,1.3,30.9,,4
04/01/2016,09:00,223,2.5,31.2,1.2,33.1,,3
04/01/2016,10:00,251,2.8,30.3,1.2,34.8,3.9,4
04/01/2016,11:00,247,2.4,34.9,1.2,35.7,3.9,5
04/01/2016,12:00,255,1.9,32.1,1.1,36.6,3.2,6
04/01/2016,13:00,256,1.4,45.2,0.9,37.3,9.7,7
04/01/2016,14:00,275,1.6,46.7,1.1,37.5,4.2,8
04/01/2016,15:00,1,1.5,35.5,0.9,35.4,5.9,6
04/01/2016,16:00,345,1.3,44.4,0.9,35.6,11.9,7
04/01/2016,17:00,346,1.3,40.1,0.9,34.4,12.6,8
04/01/2016,18:00,354,1.1,45.3,0.8,32.5,13.0,7
04/01/2016,19:00,346,0.8,47.3,0.6,31.4,22.2,8
04/01/2016,20:00,337,0.9,45.6,0.7,30.8,18.3,9
04/01/2016,21:00,329,1.0,41.7,0.7,30.6,22.1,10
04/01/2016,22:00,324,1.1,41.5,0.8,30.5,23.4,12
04/01/2016,23:00,318,1.2,31.9,0.7,30.3,16.9,12
05/01/2016,00:00,318,1.0,35.7,0.6,30.1,11.6,
05/01/2016,01:00,314,1.1,30.9,0.6,29.8,13.6,14
05/01/2016,02:00,305,1.3,19.6,0.5,29.3,15.4,13
05/01/2016,03:00,276,0.7,18.5,0.3,28.6,9.8,12
05/01/2016,04:00,272,0.7,20.7,0.3,28.1,6.4,11
05/01/2016,05:00,284,1.1,13.6,0.4,27.6,10.0,12
05/01/2016,06:00,259,1.9,20.5,0.7,29.5,,11
05/01/2016,07:00,247,2.4,20.2,1.0,32.1,,8
05/01/2016,08:00,251,2.5,24.8,1.1,34.4,,7
05/01/2016,09:00,242,2.4,30.0,1.2,35.7,,7
05/01/2016,10:00,250,2.6,30.7,1.3,37.2,,7
05/01/2016,11:00,250,2.9,29.8,1.3,37.8,,7
05/01/2016,12:00,249,2.8,30.8,1.4,38.7,,7
05/01/2016,13:00,255,3.0,28.5,1.5,39.6,,7
05/01/2016,14:00,235,2.9,28.8,1.5,40.2,,7
05/01/2016,15:00,258,2.6,27.4,1.4,40.9,,7
05/01/2016,16:00,243,2.3,27.7,1.2,41.1,,8
05/01/2016,17:00,234,2.1,25.9,1.0,40.3,,8
05/01/2016,18:00,240,1.0,45.8,0.7,37.5,15.6,13
05/01/2016,19:00,352,0.5,44.0,0.4,34.0,45.6,9
05/01/2016,20:00,337,0.4,52.4,0.4,32.4,39.5,10
05/01/2016,21:00,326,0.5,42.9,0.3,31.4,43.8,11
05/01/2016,22:00,323,0.5,42.2,0.4,30.6,39.0,11
05/01/2016,23:00,334,0.5,49.0,0.4,30.1,32.4,11
06/01/2016,00:00,325,0.5,46.6,0.4,29.7,24.9,
06/01/2016,01:00,307,0.8,41.0,0.6,29.3,43.9,15
06/01/2016,02:00,289,1.1,22.8,0.4,28.5,,14
06/01/2016,03:00,194,0.7,50.8,0.6,27.4,,13
06/01/2016,04:00,36,0.3,75.4,0.4,26.9,,14
06/01/2016,05:00,177,0.1,112.7,0.5,26.3,,14
06/01/2016,06:00,251,0.5,78.3,0.6,27.6,,16
06/01/2016,07:00,249,0.6,58.0,0.6,32.6,,16
06/01/2016,08:00,206,1.4,34.1,0.7,34.6,,16
06/01/2016,09:00,209,1.5,34.8,0.8,37.3,,16
06/01/2016,10:00,163,1.1,34.7,0.7,38.6,,20
06/01/2016,11:00,184,1.0,48.6,0.7,40.0,,18
06/01/2016,12:00,192,0.6,65.2,0.6,41.5,,14
06/01/2016,13:00,249,0.8,75.7,0.9,42.7,,11
06/01/2016,14:00,57,1.1,155.4,1.4,40.8,48.3,17
06/01/2016,15:00,52,2.4,31.5,1.3,39.3,33.8,24
06/01/2016,16:00,10,1.7,180.2,1.0,38.6,77.2,47
06/01/2016,17:00,12,1.4,175.7,0.9,37.5,114.5,50
06/01/2016,18:00,23,1.0,165.1,0.6,35.4,58.4,29
06/01/2016,19:00,342,0.6,46.6,0.5,33.1,36.3,23
06/01/2016,20:00,325,0.6,44.1,0.5,31.7,45.6,27
06/01/2016,21:00,319,0.8,39.7,0.5,31.2,48.4,36
06/01/2016,22:00,318,0.9,40.2,0.6,30.6,41.6,43
06/01/2016,23:00,120,0.1,101.7,0.4,29.4,35.8,47
07/01/2016,00:00,76,0.7,31.5,0.3,28.0,36.2,
07/01/2016,01:00,136,0.7,34.4,0.3,26.8,34.8,42
07/01/2016,02:00,165,0.7,25.7,0.3,26.3,30.2,38
07/01/2016,03:00,111,0.3,50.0,0.3,26.1,22.3,34
07/01/2016,04:00,107,0.5,60.4,0.4,25.7,24.6,33
07/01/2016,05:00,176,0.9,17.9,0.3,25.1,20.4,33
07/01/2016,06:00,150,0.4,42.4,0.3,27.3,50.2,35
07/01/2016,07:00,159,0.7,31.4,0.4,31.3,35.3,34
07/01/2016,08:00,175,1.1,31.0,0.5,34.3,,30
07/01/2016,09:00,151,1.0,32.6,0.5,37.1,,24
07/01/2016,10:00,277,0.7,67.0,0.6,40.0,,17
07/01/2016,11:00,278,0.6,87.8,0.8,41.1,,14
07/01/2016,12:00,244,0.6,85.0,0.7,41.9,,13
07/01/2016,13:00,35,1.7,38.8,1.0,40.0,68.0,19
07/01/2016,14:00,8,1.5,179.2,1.0,39.9,20.9,15
07/01/2016,15:00,42,2.6,29.1,1.3,38.4,46.6,17
07/01/2016,16:00,47,2.5,22.5,1.1,36.5,51.7,21
07/01/2016,17:00,43,2.3,25.0,1.0,35.0,98.3,30
07/01/2016,18:00,46,1.6,28.1,0.8,33.1,55.6,31
07/01/2016,19:00,72,1.9,16.6,0.7,31.6,52.5,44
07/01/2016,20:00,58,1.3,18.1,0.6,31.0,34.4,42
07/01/2016,21:00,60,1.1,20.5,0.5,30.6,33.2,44
07/01/2016,22:00,66,0.9,19.4,0.3,30.4,32.2,45
07/01/2016,23:00,71,0.8,28.9,0.3,29.7,29.0,49
08/01/2016,00:00,54,0.6,28.9,0.3,29.5,44.3,
08/01/2016,01:00,43,0.8,19.7,0.3,29.3,4.8,45
08/01/2016,02:00,52,0.9,21.1,0.3,29.1,14.4,45
08/01/2016,03:00,96,0.8,40.1,0.3,28.8,13.9,42
08/01/2016,04:00,102,0.9,10.3,0.3,28.3,14.0,37
08/01/2016,05:00,100,0.6,25.8,0.3,28.3,15.3,37
08/01/2016,06:00,80,0.6,35.5,0.3,29.6,42.7,42
08/01/2016,07:00,63,1.6,23.9,0.7,32.5,34.7,43
08/01/2016,08:00,68,2.3,20.7,0.8,33.7,9.7,35
08/01/2016,09:00,66,2.1,27.2,0.9,34.7,23.6,33
08/01/2016,10:00,63,2.1,28.8,1.1,35.1,67.2,39
08/01/2016,11:00,71,1.7,36.9,1.0,36.1,88.6,37
08/01/2016,12:00,74,2.5,29.0,1.2,36.7,38.9,28
08/01/2016,13:00,66,3.3,22.1,1.2,35.7,188.4,55
08/01/2016,14:00,66,3.4,23.1,1.3,35.3,138.1,44
08/01/2016,15:00,60,3.5,20.6,1.3,34.6,114.8,45
08/01/2016,16:00,59,3.4,20.8,1.4,34.2,95.8,40
08/01/2016,17:00,70,3.5,18.1,1.3,33.1,40.3,34
08/01/2016,18:00,67,2.9,17.4,1.0,31.9,28.3,34
08/01/2016,19:00,70,2.5,14.4,0.8,31.2,30.9,36
08/01/2016,20:00,71,2.0,16.1,0.7,30.8,24.5,36
08/01/2016,21:00,77,1.9,14.6,0.5,30.4,21.7,34
08/01/2016,22:00,72,2.2,15.9,0.7,30.4,16.7,32
08/01/2016,23:00,87,2.2,15.1,0.6,30.1,9.3,25
09/01/2016,00:00,80,2.0,14.7,0.6,29.8,15.6,
09/01/2016,01:00,91,2.0,14.7,0.5,29.7,15.9,24
09/01/2016,02:00,78,2.1,14.3,0.6,29.6,15.8,26
09/01/2016,03:00,84,1.9,16.2,0.5,29.4,16.3,25
09/01/2016,04:00,91,2.0,14.2,0.6,29.3,20.7,26
09/01/2016,05:00,88,2.0,15.1,0.5,29.4,21.5,26
09/01/2016,06:00,84,2.3,16.6,0.9,30.8,26.7,27
09/01/2016,07:00,86,3.4,16.0,1.0,32.3,21.5,24
09/01/2016,08:00,74,3.1,19.6,1.2,31.9,23.5,25
09/01/2016,09:00,78,3.1,21.0,1.3,30.9,69.4,31
09/01/2016,10:00,86,2.5,19.6,0.9,29.8,43.6,25
09/01/2016,11:00,70,4.1,15.6,1.4,32.7,19.9,23
09/01/2016,12:00,72,3.5,18.8,1.2,33.6,11.1,23
09/01/2016,13:00,78,3.7,20.4,1.2,34.2,111.8,32
09/01/2016,14:00,65,3.5,20.6,1.4,34.0,88.6,26
09/01/2016,15:00,67,3.7,18.7,1.3,32.8,78.8,25
09/01/2016,16:00,67,3.7,19.2,1.3,33.0,38.4,23
09/01/2016,17:00,72,3.8,18.6,1.3,32.5,45.2,20
09/01/2016,18:00,70,3.4,15.8,1.1,31.4,21.1,22
09/01/2016,19:00,69,1.9,16.8,0.8,30.6,24.5,25
09/01/2016,20:00,81,2.6,16.5,0.9,29.9,,25
09/01/2016,21:00,74,2.2,17.3,0.8,29.9,30.8,25
09/01/2016,22:00,77,2.4,14.7,0.7,30.0,26.7,27
09/01/2016,23:00,85,2.6,16.0,0.8,30.0,19.6,30
10/01/2016,00:00,85,1.7,16.8,0.6,30.0,21.8,
10/01/2016,01:00,97,1.2,29.3,0.5,29.6,23.0,31
10/01/2016,02:00,338,0.9,42.9,0.8,28.4,,17
10/01/2016,03:00,23,1.3,34.7,0.9,27.6,4.0,15
10/01/2016,04:00,46,0.4,58.9,0.5,27.8,20.2,16
10/01/2016,05:00,22,0.4,53.4,0.4,28.3,30.4,24
10/01/2016,06:00,317,0.8,148.4,0.7,28.0,15.0,21
10/01/2016,07:00,329,0.4,52.0,0.5,28.3,18.1,24
10/01/2016,08:00,69,0.3,82.8,0.4,29.4,21.7,28
10/01/2016,09:00,81,2.0,20.0,0.7,30.8,,27
10/01/2016,10:00,66,2.8,16.4,0.9,32.0,7.3,24
10/01/2016,11:00,67,3.0,19.1,1.2,32.4,15.0,25
10/01/2016,12:00,87,2.5,23.2,1.0,30.5,27.1,28
10/01/2016,13:00,57,2.0,20.8,0.8,30.4,6.0,27
10/01/2016,14:00,61,2.2,21.3,1.0,30.9,17.2,27
10/01/2016,15:00,56,2.4,18.6,1.0,31.7,11.4,25
10/01/2016,16:00,51,2.0,24.1,0.9,31.8,14.0,25
10/01/2016,17:00,71,2.6,19.9,0.9,31.4,16.2,24
10/01/2016,18:00,77,2.2,16.0,0.7,30.3,20.3,26
10/01/2016,19:00,71,1.6,21.0,0.6,29.7,15.7,26
10/01/2016,20:00,57,1.2,17.4,0.5,29.1,19.8,26
10/01/2016,21:00,89,1.5,12.9,0.4,28.7,18.1,25
10/01/2016,22:00,82,1.7,14.4,0.6,28.6,12.0,24
10/01/2016,23:00,77,1.4,14.0,0.5,28.2,4.5,23
11/01/2016,00:00,78,0.6,35.2,0.5,27.3,8.3,
11/01/2016,01:00,51,0.3,34.5,0.2,26.6,10.6,19
11/01/2016,02:00,30,0.4,31.3,0.2,26.3,15.4,20
11/01/2016,03:00,135,0.1,86.1,0.1,26.2,12.1,19
11/01/2016,04:00,100,0.5,29.8,0.3,25.9,13.7,20
11/01/2016,05:00,152,0.7,31.6,0.2,25.5,10.6,19
11/01/2016,06:00,168,0.9,23.0,0.4,26.6,26.3,20
11/01/2016,07:00,158,0.7,36.3,0.5,29.8,21.1,23
11/01/2016,08:00,113,1.4,43.2,1.0,31.6,9.8,22
11/01/2016,09:00,93,3.0,20.7,0.9,32.7,,19
11/01/2016,10:00,96,2.9,22.7,0.9,32.9,5.4,18
11/01/2016,11:00,96,3.0,24.0,1.1,33.5,,17
11/01/2016,12:00,88,3.2,22.3,1.0,33.7,13.6,16
11/01/2016,13:00,78,3.7,20.4,1.2,33.7,,14
11/01/2016,14:00,64,2.6,30.4,1.2,34.2,,13
11/01/2016,15:00,48,2.4,27.5,1.2,34.1,1.0,13
11/01/2016,16:00,56,2.6,21.5,1.0,33.3,14.8,13
11/01/2016,17:00,47,2.0,25.4,1.0,32.3,21.5,14
11/01/2016,18:00,55,1.9,20.8,0.7,30.9,22.7,16
11/01/2016,19:00,55,1.3,19.7,0.5,29.6,24.5,17
11/01/2016,20:00,46,0.7,23.1,0.4,29.0,21.0,17
11/01/2016,21:00,39,0.6,24.1,0.3,28.7,21.9,17
11/01/2016,22:00,41,0.5,24.7,0.3,28.4,16.3,18
11/01/2016,23:00,52,0.4,23.1,0.2,27.7,19.7,20
12/01/2016,00:00,351,0.1,150.4,0.2,26.6,17.0,
12/01/2016,01:00,247,0.3,39.9,0.3,26.2,22.7,20
12/01/2016,02:00,246,0.4,22.0,0.2,25.8,21.4,19
12/01/2016,03:00,240,0.4,30.2,0.2,25.7,14.5,19
12/01/2016,04:00,187,0.3,74.1,0.4,25.4,13.1,18
12/01/2016,05:00,188,0.7,26.4,0.3,25.1,14.8,20
12/01/2016,06:00,183,0.7,27.5,0.3,26.4,33.5,22
12/01/2016,07:00,157,1.3,25.8,0.6,29.8,19.9,24
12/01/2016,08:00,148,1.3,28.5,0.7,31.8,14.0,24
12/01/2016,09:00,134,1.5,39.1,0.9,33.4,9.5,25
12/01/2016,10:00,102,2.2,39.7,1.4,33.5,,21
12/01/2016,11:00,95,2.9,26.6,1.0,33.9,7.4,18
12/01/2016,12:00,90,3.2,23.9,1.3,34.2,2.9,17
12/01/2016,13:00,77,3.6,22.3,1.3,34.1,8.8,15
12/01/2016,14:00,80,3.9,18.7,1.2,34.0,11.4,13
12/01/2016,15:00,78,4.1,19.4,1.3,33.6,10.3,12
12/01/2016,16:00,73,4.3,15.8,1.2,33.1,,9
12/01/2016,17:00,74,3.3,20.3,1.3,32.4,8.1,9
12/01/2016,18:00,58,2.4,18.5,1.0,31.0,25.2,11
12/01/2016,19:00,65,1.9,13.2,0.6,29.5,32.3,13
12/01/2016,20:00,70,1.3,14.2,0.4,28.8,28.0,14
12/01/2016,21:00,72,1.2,16.5,0.5,28.5,20.9,13
12/01/2016,22:00,82,0.7,35.0,0.5,27.7,24.5,15
12/01/2016,23:00,90,0.5,45.4,0.4,27.0,17.5,15
13/01/2016,00:00,185,0.3,52.9,0.2,26.1,14.1,
13/01/2016,01:00,190,0.5,24.6,0.2,25.4,12.9,13
13/01/2016,02:00,168,0.9,26.0,0.4,25.2,17.1,14
13/01/2016,03:00,165,1.0,18.0,0.3,24.9,10.2,17
13/01/2016,04:00,183,1.0,25.0,0.4,25.1,7.2,23
13/01/2016,05:00,187,1.1,20.7,0.4,24.9,11.1,25
13/01/2016,06:00,174,1.1,22.1,0.5,26.5,22.5,27
13/01/2016,07:00,154,1.4,23.9,0.8,29.7,21.1,23
13/01/2016,08:00,149,1.7,26.1,0.9,31.9,16.8,17
13/01/2016,09:00,125,2.0,26.3,1.0,33.1,,10
13/01/2016,10:00,124,1.4,58.5,0.9,34.2,3.4,9
13/01/2016,11:00,95,2.2,35.8,1.0,34.3,,9
13/01/2016,12:00,94,3.0,22.4,1.1,34.3,10.4,9
13/01/2016,13:00,80,3.1,25.6,1.3,34.5,16.3,9
13/01/2016,14:00,71,3.2,21.2,1.2,34.3,,8
13/01/2016,15:00,73,3.1,21.2,1.1,34.2,12.6,8
13/01/2016,16:00,76,3.5,19.1,1.2,33.4,13.6,8
13/01/2016,17:00,76,3.6,15.7,1.1,32.3,18.4,10
13/01/2016,18:00,67,3.0,17.1,1.1,31.0,23.0,12
13/01/2016,19:00,73,2.2,14.1,0.8,29.8,24.9,13
13/01/2016,20:00,74,1.6,13.9,0.5,29.2,21.3,14
13/01/2016,21:00,71,1.2,16.3,0.4,28.9,17.2,15
13/01/2016,22:00,94,1.3,14.7,0.5,28.4,64.3,299
13/01/2016,23:00,106,0.9,16.3,0.3,27.8,38.5,84
14/01/2016,00:00,95,0.8,15.1,0.3,27.7,15.8,
14/01/2016,01:00,133,0.9,30.8,0.4,27.1,21.2,19
14/01/2016,02:00,182,0.9,23.5,0.4,26.3,12.4,17
14/01/2016,03:00,185,0.9,20.0,0.4,25.7,6.9,22
14/01/2016,04:00,182,0.8,23.1,0.3,25.2,8.7,23
14/01/2016,05:00,178,1.0,15.3,0.3,24.9,12.3,21
14/01/2016,06:00,179,0.9,22.2,0.4,25.4,23.6,19
14/01/2016,07:00,163,1.2,28.9,0.8,28.2,25.4,19
14/01/2016,08:00,132,2.0,23.4,1.1,31.0,15.9,18
14/01/2016,09:00,110,3.3,19.5,1.1,31.9,23.0,17
14/01/2016,10:00,99,3.5,19.4,1.1,32.3,22.0,43
14/01/2016,11:00,92,3.4,24.2,1.2,33.2,20.2,15
14/01/2016,12:00,94,3.6,21.7,1.2,33.5,9.5,15
14/01/2016,13:00,100,2.9,22.2,1.0,34.3,,11
14/01/2016,14:00,87,3.2,25.2,1.2,34.3,15.1,11
14/01/2016,15:00,72,3.5,18.1,1.1,33.5,21.1,12
14/01/2016,16:00,75,3.9,15.9,1.2,33.0,11.4,14
14/01/2016,17:00,70,3.7,17.1,1.1,32.3,17.4,14
14/01/2016,18:00,76,3.2,16.9,1.1,31.0,28.0,18
14/01/2016,19:00,78,2.6,14.9,0.9,30.1,7.8,16
14/01/2016,20:00,83,2.6,14.8,0.8,29.9,12.0,14
14/01/2016,21:00,83,2.7,13.9,0.8,29.8,16.0,15
14/01/2016,22:00,87,2.4,15.2,0.7,30.0,27.0,16
14/01/2016,23:00,90,1.5,22.1,0.7,30.2,32.4,19
15/01/2016,00:00,90,1.1,21.4,0.4,30.0,29.7,
15/01/2016,01:00,81,1.0,19.0,0.4,29.7,25.4,18
15/01/2016,02:00,97,1.0,16.9,0.5,28.9,33.6,18
15/01/2016,03:00,168,0.7,41.4,0.4,27.5,,17
15/01/2016,04:00,178,0.8,16.8,0.2,26.6,2.2,15
15/01/2016,05:00,168,1.0,20.7,0.4,26.3,10.2,15
15/01/2016,06:00,153,0.7,26.0,0.4,27.0,16.9,17
15/01/2016,07:00,130,1.3,21.9,0.5,30.4,30.6,17
15/01/2016,08:00,93,1.2,43.8,0.7,31.6,25.3,15
15/01/2016,09:00,67,2.5,23.7,1.0,33.1,28.0,13
15/01/2016,10:00,60,2.7,26.5,1.3,34.2,37.0,12
15/01/2016,11:00,66,3.0,22.4,1.2,34.7,18.7,6
15/01/2016,12:00,61,2.6,27.1,1.1,35.0,7.2,7
15/01/2016,13:00,55,2.6,27.3,1.2,34.9,17.5,8
15/01/2016,14:00,63,2.8,25.9,1.2,34.9,10.2,9
15/01/2016,15:00,61,3.0,23.0,1.1,34.6,11.8,8
15/01/2016,16:00,46,2.3,27.7,1.0,34.2,15.4,8
15/01/2016,17:00,48,2.2,22.8,1.1,33.3,18.9,9
15/01/2016,18:00,54,2.0,19.3,1.0,31.7,30.6,11
15/01/2016,19:00,55,1.5,19.7,0.6,30.6,17.7,11
15/01/2016,20:00,55,1.6,17.7,0.6,30.0,12.5,11
15/01/2016,21:00,58,1.1,19.9,0.4,29.7,17.0,12
15/01/2016,22:00,70,0.7,20.4,0.3,29.3,20.0,14
15/01/2016,23:00,93,0.7,21.7,0.3,28.9,27.9,17
16/01/2016,00:00,62,1.0,16.3,0.4,28.8,11.5,
16/01/2016,01:00,71,1.0,12.4,0.3,28.7,8.8,17
16/01/2016,02:00,80,0.7,13.3,0.2,28.0,18.6,17
16/01/2016,03:00,74,0.5,22.5,0.3,27.6,14.2,15
16/01/2016,04:00,109,0.3,50.5,0.2,27.5,14.7,14
16/01/2016,05:00,112,0.7,21.6,0.3,27.6,15.5,14
16/01/2016,06:00,100,0.8,26.5,0.4,28.7,24.8,14
16/01/2016,07:00,70,1.9,19.4,1.0,30.8,11.9,15
16/01/2016,08:00,92,3.5,16.8,1.1,32.8,3.9,12
16/01/2016,09:00,82,3.3,20.1,1.0,33.5,,13
16/01/2016,10:00,87,3.4,21.3,1.1,34.3,,11
16/01/2016,11:00,86,3.5,22.2,1.2,34.1,9.7,12
16/01/2016,12:00,76,3.8,22.2,1.4,34.3,7.1,12
16/01/2016,13:00,73,3.5,22.8,1.3,34.6,17.4,11
16/01/2016,14:00,70,3.4,21.0,1.3,34.1,11.3,11
16/01/2016,15:00,80,3.7,20.0,1.3,34.3,8.6,11
16/01/2016,16:00,75,3.9,17.8,1.3,33.7,10.5,10
16/01/2016,17:00,76,3.9,17.5,1.2,32.7,7.6,10
16/01/2016,18:00,65,2.8,15.4,1.0,31.4,45.4,15
16/01/2016,19:00,74,1.8,13.8,0.6,30.3,32.1,19
16/01/2016,20:00,77,1.8,13.3,0.5,29.7,23.7,29
16/01/2016,21:00,80,1.5,13.5,0.4,29.5,24.7,51
16/01/2016,22:00,95,1.0,18.0,0.4,29.0,31.2,57
16/01/2016,23:00,93,1.1,17.8,0.3,28.8,44.3,62
17/01/2016,00:00,106,1.8,14.8,1.0,28.7,18.8,
17/01/2016,01:00,129,0.9,25.7,0.4,28.5,20.5,47
17/01/2016,02:00,98,1.7,14.0,1.0,28.5,15.4,43
17/01/2016,03:00,122,1.6,32.3,0.9,27.7,,40
17/01/2016,04:00,143,2.0,23.5,0.9,27.3,24.4,36
17/01/2016,05:00,125,2.0,16.3,0.8,27.2,11.3,41
17/01/2016,06:00,121,1.4,18.8,0.5,27.7,10.7,37
17/01/2016,07:00,126,2.6,16.0,0.8,30.1,,39
17/01/2016,08:00,137,2.9,17.8,1.1,31.9,15.7,42
17/01/2016,09:00,121,3.0,18.1,1.1,32.9,6.8,28
17/01/2016,10:00,115,2.8,19.5,1.1,33.4,2.5,20
17/01/2016,11:00,97,3.5,19.0,1.2,33.7,,28
17/01/2016,12:00,88,3.6,21.6,1.2,34.5,9.7,15
17/01/2016,13:00,82,3.7,23.7,1.2,34.6,9.9,14
17/01/2016,14:00,80,3.7,20.8,1.3,34.4,30.7,13
17/01/2016,15:00,81,4.2,17.9,1.3,33.6,30.0,13
17/01/2016,16:00,95,4.4,14.8,1.3,31.9,32.3,30
17/01/2016,17:00,99,5.1,12.3,1.5,31.0,31.6,29
17/01/2016,18:00,106,4.4,15.9,1.5,30.0,16.6,14
17/01/2016,19:00,113,3.1,15.9,1.2,28.5,26.9,13
17/01/2016,20:00,110,2.0,15.3,0.8,28.0,8.4,11
17/01/2016,21:00,125,1.4,24.3,0.6,27.9,20.9,11
17/01/2016,22:00,137,1.9,16.4,0.7,27.9,6.5,10
17/01/2016,23:00,158,1.6,19.4,0.7,27.3,1.7,10
18/01/2016,00:00,146,1.7,15.3,0.7,26.9,3.0,
18/01/2016,01:00,173,0.8,27.1,0.3,26.6,5.6,12
18/01/2016,02:00,158,1.2,22.7,0.5,26.4,12.4,12
18/01/2016,03:00,155,1.1,21.7,0.4,26.3,6.3,10
18/01/2016,04:00,194,1.4,20.5,0.6,26.0,11.4,9
18/01/2016,05:00,189,0.9,71.6,0.7,26.2,11.1,11
18/01/2016,06:00,133,2.1,21.1,0.8,26.6,15.4,12
18/01/2016,07:00,82,1.4,27.2,0.7,27.5,19.0,12
18/01/2016,08:00,100,1.9,30.0,1.2,27.4,,11
18/01/2016,09:00,123,2.3,20.3,1.0,30.7,26.2,13
18/01/2016,10:00,117,2.9,24.9,1.4,31.9,,13
18/01/2016,11:00,73,4.2,20.5,1.5,32.2,11.3,15
18/01/2016,12:00,78,4.4,17.2,1.3,32.2,,13
18/01/2016,13:00,84,3.9,18.9,1.3,33.2,,10
18/01/2016,14:00,87,3.8,20.3,1.2,33.3,8.5,10
18/01/2016,15:00,96,4.5,14.6,1.4,32.6,14.3,12
18/01/2016,16:00,96,4.9,15.4,1.4,32.0,8.1,13
18/01/2016,17:00,93,5.0,14.6,1.5,30.3,28.2,19
18/01/2016,18:00,102,4.6,14.7,1.4,29.6,13.8,17
18/01/2016,19:00,98,3.6,13.9,1.2,28.8,6.0,16
18/01/2016,20:00,99,2.6,16.3,1.0,28.7,21.2,27
18/01/2016,21:00,103,2.9,14.6,1.0,29.1,16.1,31
18/01/2016,22:00,106,2.8,15.1,0.9,29.3,13.8,29
18/01/2016,23:00,101,3.2,13.2,1.0,29.3,17.7,30
19/01/2016,00:00,101,3.2,12.5,1.1,29.4,17.7,
19/01/2016,01:00,102,2.6,14.6,0.8,29.2,20.8,30
19/01/2016,02:00,99,2.3,15.1,0.8,29.0,19.2,31
19/01/2016,03:00,104,2.0,22.8,0.8,28.6,17.6,29
19/01/2016,04:00,157,0.9,23.8,0.4,27.1,33.7,29
19/01/2016,05:00,169,0.7,32.2,0.4,26.5,22.1,27
19/01/2016,06:00,152,0.9,19.6,0.5,27.0,24.7,27
19/01/2016,07:00,146,1.8,20.5,0.9,29.8,23.1,27
19/01/2016,08:00,129,2.7,17.7,0.9,31.5,20.1,25
19/01/2016,09:00,124,3.5,16.0,1.1,32.4,21.7,23
19/01/2016,10:00,122,3.2,19.6,1.1,33.1,21.0,22
19/01/2016,11:00,95,4.2,18.8,1.3,33.6,9.1,19
19/01/2016,12:00,93,4.4,19.5,1.3,34.1,,19
19/01/2016,13:00,84,4.1,19.1,1.3,33.9,20.4,17
19/01/2016,14:00,76,4.1,18.9,1.3,33.7,15.3,17
19/01/2016,15:00,79,4.3,17.6,1.4,33.4,33.4,19
19/01/2016,16:00,84,4.1,18.2,1.3,32.4,29.2,23
19/01/2016,17:00,86,4.0,15.7,1.3,31.5,16.7,20
19/01/2016,18:00,83,2.8,15.6,0.9,30.6,13.9,20
19/01/2016,19:00,85,2.5,15.9,0.8,29.8,7.7,17
19/01/2016,20:00,87,2.7,14.8,0.8,29.6,19.2,18
19/01/2016,21:00,84,3.1,15.3,0.9,29.4,30.6,21
19/01/2016,22:00,89,2.6,16.1,0.9,29.3,22.0,22
19/01/2016,23:00,91,2.7,14.2,0.8,29.2,17.3,22
20/01/2016,00:00,83,1.7,16.5,0.7,28.9,15.1,
20/01/2016,01:00,92,1.3,14.4,0.4,28.3,19.2,20
20/01/2016,02:00,120,0.9,33.9,0.4,27.5,21.8,20
20/01/2016,03:00,214,0.6,35.0,0.3,26.6,17.2,18
20/01/2016,04:00,163,0.9,18.3,0.3,26.2,14.5,18
20/01/2016,05:00,197,0.7,24.8,0.3,25.8,14.6,16
20/01/2016,06:00,174,1.0,29.5,0.5,27.1,22.7,17
20/01/2016,07:00,158,1.5,22.8,0.8,30.2,20.8,17
20/01/2016,08:00,151,1.7,25.5,0.8,32.0,10.2,16
20/01/2016,09:00,122,1.6,36.8,0.8,33.1,,13
20/01/2016,10:00,117,2.2,26.9,0.9,33.9,,11
20/01/2016,11:00,107,2.6,26.8,1.0,34.7,,10
20/01/2016,12:00,91,3.0,25.2,1.0,34.7,25.7,11
20/01/2016,13:00,78,3.5,21.7,1.2,34.5,26.6,13
20/01/2016,14:00,75,3.8,17.5,1.3,34.4,,11
20/01/2016,15:00,77,4.2,17.6,1.3,34.1,20.1,11
20/01/2016,16:00,71,4.3,16.7,1.3,33.0,48.4,16
20/01/2016,17:00,71,4.1,15.7,1.3,31.8,43.2,22
20/01/2016,18:00,78,4.0,14.8,1.3,30.8,21.0,20
20/01/2016,19:00,81,3.2,16.2,1.1,29.9,21.3,21
20/01/2016,20:00,92,3.8,13.2,1.2,29.6,21.1,21
20/01/2016,21:00,98,3.7,13.1,1.1,29.4,26.8,22
20/01/2016,22:00,89,2.6,15.1,0.9,29.3,19.6,22
20/01/2016,23:00,94,2.5,13.3,0.7,28.9,13.3,20
21/01/2016,00:00,92,1.5,14.8,0.7,28.5,27.1,
21/01/2016,01:00,108,1.2,37.8,0.6,28.1,21.6,21
21/01/2016,02:00,186,0.8,27.4,0.4,26.7,7.7,17
21/01/2016,03:00,180,0.9,25.8,0.5,26.6,13.7,16
21/01/2016,04:00,177,0.9,26.8,0.4,26.2,11.0,15
21/01/2016,05:00,180,1.0,19.9,0.3,25.7,15.4,15
21/01/2016,06:00,167,1.0,24.5,0.5,26.5,37.8,17
21/01/2016,07:00,147,1.9,19.7,0.9,29.4,23.3,17
21/01/2016,08:00,135,2.4,17.9,0.9,31.2,24.8,17
21/01/2016,09:00,113,3.4,19.4,1.1,32.4,18.3,16
21/01/2016,10:00,98,3.4,19.7,1.1,33.4,16.0,13
21/01/2016,11:00,93,3.5,21.5,1.1,33.4,12.4,13
21/01/2016,12:00,96,3.5,23.0,1.1,34.1,8.4,11
21/01/2016,13:00,85,3.4,20.9,1.2,33.8,13.0,11
21/01/2016,14:00,74,3.2,22.1,1.2,33.8,8.8,10
21/01/2016,15:00,74,3.2,21.9,1.0,33.7,6.9,10
21/01/2016,16:00,73,3.5,17.2,1.1,33.0,14.1,10
21/01/2016,17:00,71,3.4,16.8,1.1,32.1,19.7,12
21/01/2016,18:00,75,2.8,14.2,0.9,30.6,13.2,13
21/01/2016,19:00,74,1.6,14.9,0.5,29.1,15.2,14
21/01/2016,20:00,83,1.7,16.2,0.6,28.3,12.1,14
21/01/2016,21:00,85,1.2,42.1,0.9,27.7,15.8,37
21/01/2016,22:00,80,1.5,14.3,0.6,27.7,6.0,14
21/01/2016,23:00,115,0.9,22.8,0.3,26.5,10.9,45
22/01/2016,00:00,82,1.2,16.2,0.4,26.2,13.1,
22/01/2016,01:00,75,1.1,14.5,0.3,26.2,4.7,14
22/01/2016,02:00,99,0.5,37.1,0.3,25.0,26.5,130
22/01/2016,03:00,68,0.9,26.0,0.4,24.8,20.0,59
22/01/2016,04:00,195,0.6,50.6,0.4,24.5,12.8,37
22/01/2016,05:00,196,0.5,35.1,0.3,23.9,9.1,16
22/01/2016,06:00,162,0.8,27.3,0.4,25.4,19.1,14
22/01/2016,07:00,178,0.9,29.6,0.4,28.7,21.1,14
22/01/2016,08:00,107,1.3,48.9,1.1,31.5,,12
22/01/2016,09:00,93,2.2,28.7,1.1,32.5,,9
22/01/2016,10:00,91,1.8,40.5,0.8,33.5,6.1,8
22/01/2016,11:00,85,2.3,36.5,1.1,33.7,7.9,8
22/01/2016,12:00,86,2.6,26.2,1.1,33.8,17.4,9
22/01/2016,13:00,91,2.1,40.1,1.1,34.0,14.8,9
22/01/2016,14:00,88,2.6,28.2,1.0,34.2,10.8,9
22/01/2016,15:00,73,3.0,22.0,1.1,33.8,13.2,9
22/01/2016,16:00,62,3.0,21.8,1.2,33.0,15.3,9
22/01/2016,17:00,57,2.7,20.6,1.1,31.9,22.0,9
22/01/2016,18:00,59,2.2,17.5,0.8,30.5,16.1,10
22/01/2016,19:00,59,1.4,16.8,0.5,29.2,20.9,11
22/01/2016,20:00,61,1.3,21.4,0.5,28.5,32.0,13
22/01/2016,21:00,59,0.9,17.3,0.3,28.0,26.0,12
22/01/2016,22:00,59,0.8,18.8,0.4,27.6,24.9,13
22/01/2016,23:00,44,0.5,20.1,0.2,27.0,24.4,14
23/01/2016,00:00,31,0.6,19.9,0.3,27.1,5.9,
23/01/2016,01:00,38,0.5,26.4,0.2,26.8,31.9,14
23/01/2016,02:00,52,0.5,37.8,0.3,26.1,17.5,12
23/01/2016,03:00,70,0.4,39.0,0.2,25.5,19.1,11
23/01/2016,04:00,80,0.1,110.5,0.2,25.2,16.1,11
23/01/2016,05:00,158,0.5,25.6,0.2,24.7,12.4,10
23/01/2016,06:00,156,0.4,52.7,0.3,26.5,24.2,10
23/01/2016,07:00,25,0.9,38.0,0.8,31.0,,10
23/01/2016,08:00,13,1.2,178.7,0.8,32.7,,7
23/01/2016,09:00,322,1.0,54.5,0.8,34.4,7.9,7
23/01/2016,10:00,355,1.1,167.9,0.8,34.9,9.4,8
23/01/2016,11:00,4,1.0,181.2,0.8,35.3,6.5,8
23/01/2016,12:00,337,1.3,46.9,0.9,36.1,8.0,8
23/01/2016,13:00,344,1.3,51.8,0.9,36.2,9.7,9
23/01/2016,14:00,5,1.2,51.8,0.9,36.3,4.8,8
23/01/2016,15:00,6,1.2,45.2,0.9,35.8,,8
23/01/2016,16:00,35,2.1,33.2,1.1,34.8,12.2,9
23/01/2016,17:00,18,1.3,172.5,0.9,33.8,10.6,9
23/01/2016,18:00,19,1.6,31.2,0.9,31.9,23.6,9
23/01/2016,19:00,20,1.4,24.1,0.7,30.6,21.8,11
23/01/2016,20:00,21,1.1,26.7,0.5,30.0,21.2,11
23/01/2016,21:00,16,0.8,30.9,1.6,29.8,19.5,11
23/01/2016,22:00,11,0.9,32.3,0.5,29.6,18.0,11
23/01/2016,23:00,13,1.1,32.2,0.6,29.5,16.5,12
24/01/2016,00:00,12,1.2,177.7,0.7,29.5,12.5,
24/01/2016,01:00,9,1.1,180.5,0.7,29.2,13.7,11
24/01/2016,02:00,8,1.3,181.0,0.7,29.5,13.1,11
24/01/2016,03:00,6,1.0,175.8,0.6,29.4,10.0,11
24/01/2016,04:00,9,0.9,182.0,0.6,29.1,14.6,11
24/01/2016,05:00,4,0.7,41.2,0.5,29.0,18.1,13
24/01/2016,06:00,343,0.5,51.3,0.4,29.3,19.9,13
24/01/2016,07:00,353,0.9,45.0,0.7,31.0,15.7,13
24/01/2016,08:00,335,1.1,49.6,0.8,32.5,4.5,12
24/01/2016,09:00,339,1.3,45.5,0.9,34.3,14.2,10
24/01/2016,10:00,336,1.3,45.0,0.9,35.6,10.8,10
24/01/2016,11:00,339,1.0,50.0,0.8,36.4,10.3,9
24/01/2016,12:00,13,1.5,171.6,0.9,36.0,18.1,10
24/01/2016,13:00,7,1.4,182.8,1.0,34.8,18.2,11
24/01/2016,14:00,36,1.9,35.5,1.1,35.6,12.8,11
24/01/2016,15:00,37,2.0,33.0,1.2,35.5,11.8,10
24/01/2016,16:00,35,2.3,29.5,1.2,34.5,12.6,10
24/01/2016,17:00,15,1.6,36.4,1.0,33.6,13.6,10
24/01/2016,18:00,9,1.5,180.6,0.9,32.0,16.4,11
24/01/2016,19:00,3,1.0,38.6,0.7,31.1,21.5,12
24/01/2016,20:00,357,0.8,45.8,0.6,30.6,27.3,12
24/01/2016,21:00,23,0.7,38.8,0.4,30.4,17.6,12
24/01/2016,22:00,22,0.6,167.4,0.3,29.8,24.4,13
24/01/2016,23:00,36,0.9,30.6,0.4,29.8,12.4,11
25/01/2016,00:00,39,0.9,25.2,0.4,30.0,15.3,
25/01/2016,01:00,17,0.9,28.8,0.5,30.2,12.7,11
25/01/2016,02:00,3,0.8,40.9,0.6,30.1,8.1,11
25/01/2016,03:00,357,0.9,43.8,0.6,30.2,9.5,10
25/01/2016,04:00,12,1.0,33.4,0.5,30.0,14.4,11
25/01/2016,05:00,55,0.8,37.9,0.5,29.3,17.1,12
25/01/2016,06:00,32,1.0,31.8,0.5,30.0,22.6,13
25/01/2016,07:00,17,1.5,30.9,0.9,32.1,7.2,13
25/01/2016,08:00,6,1.5,39.7,1.0,32.5,12.6,11
25/01/2016,09:00,7,1.5,41.0,1.1,33.9,6.8,9
25/01/2016,10:00,9,1.8,183.3,1.2,35.0,4.0,8
25/01/2016,11:00,6,1.5,178.7,1.0,36.0,,8
25/01/2016,12:00,351,1.4,46.8,1.2,36.2,4.0,8
25/01/2016,13:00,1,1.6,176.8,1.1,36.3,1.8,7
25/01/2016,14:00,4,1.6,180.0,1.1,36.1,,6
25/01/2016,15:00,12,1.8,177.4,1.3,35.8,,7
25/01/2016,16:00,26,2.2,33.5,1.3,34.8,46.4,8
25/01/2016,17:00,37,2.4,26.8,1.2,33.5,31.0,11
25/01/2016,18:00,36,2.1,23.1,1.1,32.1,18.4,10
25/01/2016,19:00,22,1.4,27.1,0.7,31.3,14.0,11
25/01/2016,20:00,29,1.1,34.0,0.6,31.0,20.1,11
25/01/2016,21:00,26,0.8,33.3,0.5,30.7,21.1,11
25/01/2016,22:00,51,0.8,29.5,0.4,30.6,18.7,11
25/01/2016,23:00,22,0.9,31.4,0.5,30.6,12.9,13
26/01/2016,00:00,5,0.6,174.6,0.5,30.7,33.1,
26/01/2016,01:00,70,0.9,32.6,0.3,30.2,13.4,11
26/01/2016,02:00,19,0.9,37.0,0.5,30.4,6.8,10
26/01/2016,03:00,95,1.2,28.5,0.4,30.1,14.5,11
26/01/2016,04:00,338,0.2,144.2,0.2,29.8,11.4,11
26/01/2016,05:00,34,1.0,26.2,0.5,30.3,6.5,11
26/01/2016,06:00,30,1.0,28.1,0.5,30.5,10.7,10
26/01/2016,07:00,33,1.2,28.6,0.6,31.4,12.4,10
26/01/2016,08:00,32,1.9,24.5,1.0,33.2,,9
26/01/2016,09:00,30,2.1,29.0,1.1,34.7,,7
26/01/2016,10:00,27,1.9,36.0,1.2,35.2,,7
26/01/2016,11:00,28,1.8,35.7,1.2,35.3,9.8,7
26/01/2016,12:00,36,1.9,32.2,1.0,35.3,15.7,9
26/01/2016,13:00,42,2.1,29.5,1.1,35.2,20.0,10
26/01/2016,14:00,42,2.0,32.4,1.2,35.1,23.1,9
26/01/2016,15:00,43,2.0,31.1,1.0,34.8,6.3,9
26/01/2016,16:00,47,2.2,26.0,1.1,34.8,17.5,9
26/01/2016,17:00,46,2.2,24.5,1.0,33.7,16.0,10
26/01/2016,18:00,43,2.1,25.0,1.1,32.2,10.0,10
26/01/2016,19:00,48,1.6,20.4,0.8,31.2,21.4,11
26/01/2016,20:00,52,1.4,19.9,0.5,30.6,17.4,37
26/01/2016,21:00,55,1.3,19.6,0.6,30.3,20.5,49
26/01/2016,22:00,48,1.3,22.5,0.5,30.1,13.1,15
26/01/2016,23:00,42,1.0,24.3,0.4,29.8,7.0,13
27/01/2016,00:00,35,0.8,28.5,0.4,29.6,6.9,
27/01/2016,01:00,45,0.9,23.6,0.3,29.7,4.7,11
27/01/2016,02:00,42,0.9,20.2,0.4,29.5,12.6,11
27/01/2016,03:00,29,0.7,30.9,0.4,29.7,11.7,11
27/01/2016,04:00,19,0.8,27.0,0.4,30.3,8.8,12
27/01/2016,05:00,58,0.5,56.1,0.4,29.9,14.8,12
27/01/2016,06:00,86,0.6,23.2,0.3,29.4,35.0,18
27/01/2016,07:00,51,1.8,23.8,0.9,32.2,13.2,15
27/01/2016,08:00,58,2.4,22.6,1.1,33.7,,10
27/01/2016,09:00,55,2.1,32.3,1.0,34.4,17.3,69
27/01/2016,10:00,49,1.9,36.7,1.1,35.3,9.5,23
27/01/2016,11:00,53,2.6,28.3,1.3,35.4,6.2,8
27/01/2016,12:00,58,2.7,27.1,1.2,35.0,15.9,9
27/01/2016,13:00,56,2.2,28.3,1.0,34.7,19.2,11
27/01/2016,14:00,62,3.3,20.7,1.3,34.7,20.6,9
27/01/2016,15:00,59,3.0,22.7,1.2,34.1,,9
27/01/2016,16:00,58,2.9,23.1,1.2,33.5,23.8,10
27/01/2016,17:00,52,2.9,20.0,1.3,33.0,18.7,11
27/01/2016,18:00,52,2.5,19.9,1.0,31.8,9.8,10
27/01/2016,19:00,40,1.3,24.2,0.7,31.2,18.4,14
27/01/2016,20:00,45,1.5,21.6,0.7,30.9,8.3,10
27/01/2016,21:00,45,1.1,21.2,0.5,30.4,8.7,10
27/01/2016,22:00,42,1.0,22.3,0.4,30.3,1.8,10
27/01/2016,23:00,36,1.1,24.0,0.4,30.2,7.2,10
28/01/2016,00:00,40,0.9,27.0,0.5,30.4,21.8,
28/01/2016,01:00,20,1.3,26.0,0.7,30.6,,9
28/01/2016,02:00,21,1.2,25.6,0.6,30.3,8.5,9
28/01/2016,03:00,10,0.9,181.3,0.5,30.1,11.2,10
28/01/2016,04:00,7,0.7,180.2,0.4,29.7,9.7,10
28/01/2016,05:00,25,0.7,25.6,0.3,29.4,8.9,10
28/01/2016,06:00,21,0.9,33.8,0.6,30.4,19.7,11
28/01/2016,07:00,8,1.1,184.5,0.8,32.7,9.8,11
28/01/2016,08:00,356,1.1,44.5,0.9,33.8,,9
28/01/2016,09:00,5,1.3,41.2,0.9,34.7,,9
28/01/2016,10:00,359,1.2,45.1,0.9,35.7,,7
28/01/2016,11:00,8,1.4,181.8,1.0,36.7,,7
28/01/2016,12:00,15,1.8,41.4,1.2,36.6,,7
28/01/2016,13:00,19,1.9,39.9,1.1,36.6,,6
28/01/2016,14:00,9,1.5,182.3,1.0,36.8,20.3,7
28/01/2016,15:00,9,1.3,181.2,0.9,34.6,35.4,9
28/01/2016,16:00,14,1.4,32.5,0.9,33.2,27.1,10
28/01/2016,17:00,14,1.6,177.8,1.0,32.5,30.0,15
28/01/2016,18:00,7,1.3,181.0,0.9,32.1,26.6,13
28/01/2016,19:00,11,1.4,32.0,0.9,31.8,20.0,13
28/01/2016,20:00,10,1.5,179.2,0.9,31.8,19.0,13
28/01/2016,21:00,3,1.2,42.7,0.8,31.7,13.3,13
28/01/2016,22:00,6,1.2,182.2,0.8,31.6,12.1,14
28/01/2016,23:00,359,1.1,39.4,0.8,31.5,10.9,13
29/01/2016,00:00,354,1.0,42.2,0.7,31.4,3.5,
29/01/2016,01:00,345,0.6,51.9,0.5,31.1,7.4,13
29/01/2016,02:00,344,0.5,53.5,0.5,30.8,9.1,13
29/01/2016,03:00,5,0.7,178.1,0.5,30.5,8.3,14
29/01/2016,04:00,353,0.5,50.5,0.4,30.3,6.6,13
29/01/2016,05:00,8,0.8,182.7,0.5,30.1,3.4,12
29/01/2016,06:00,15,0.9,33.7,0.6,30.8,13.9,13
29/01/2016,07:00,12,1.5,35.6,1.1,32.9,5.9,10
29/01/2016,08:00,10,1.2,42.3,0.9,33.4,21.7,10
29/01/2016,09:00,1,1.2,44.8,0.9,34.5,23.0,11
29/01/2016,10:00,0,1.3,43.2,1.0,35.1,17.6,12
29/01/2016,11:00,9,1.7,182.1,1.1,35.9,16.0,12
29/01/2016,12:00,2,1.5,44.5,1.1,36.1,9.3,12
29/01/2016,13:00,8,2.1,178.8,1.3,35.9,11.9,13
29/01/2016,14:00,7,1.8,179.1,1.3,34.8,5.5,13
29/01/2016,15:00,358,1.3,43.6,0.9,33.5,6.7,12
29/01/2016,16:00,352,1.1,48.9,0.9,32.8,22.9,12
29/01/2016,17:00,354,1.2,42.7,1.1,32.5,16.5,14
29/01/2016,18:00,3,1.5,37.2,0.9,32.1,17.4,17
29/01/2016,19:00,350,0.9,46.9,0.7,31.8,21.5,17
29/01/2016,20:00,355,0.9,39.9,0.6,31.8,17.3,16
29/01/2016,21:00,2,0.9,42.6,0.7,31.7,19.6,15
29/01/2016,22:00,2,1.1,37.8,0.8,31.7,16.9,14
29/01/2016,23:00,3,0.7,176.2,0.5,31.4,13.6,15
30/01/2016,00:00,352,0.6,47.1,0.5,31.2,11.0,
30/01/2016,01:00,359,0.8,42.3,0.7,31.3,9.3,15
30/01/2016,02:00,5,0.9,37.0,0.6,31.2,7.9,13
30/01/2016,03:00,3,0.7,43.7,0.6,31.2,11.3,14
30/01/2016,04:00,2,0.6,44.4,0.5,31.2,12.1,14
30/01/2016,05:00,4,0.7,179.2,0.5,31.0,11.1,15
30/01/2016,06:00,14,0.9,31.2,0.6,31.2,17.5,16
30/01/2016,07:00,16,1.1,33.2,0.8,32.5,22.6,19
30/01/2016,08:00,14,1.6,36.7,1.0,33.6,28.5,13
30/01/2016,09:00,13,1.7,32.2,1.1,34.1,8.3,14
30/01/2016,10:00,28,2.1,34.1,1.2,35.5,16.2,13
30/01/2016,11:00,5,1.9,36.5,1.2,35.6,,11
30/01/2016,12:00,9,2.0,183.6,1.5,36.1,,11
30/01/2016,13:00,7,2.2,182.4,1.4,36.2,,11
30/01/2016,14:00,359,1.7,39.8,1.2,35.8,,11
30/01/2016,15:00,7,1.9,37.3,1.3,35.9,8.0,10
30/01/2016,16:00,5,1.9,38.0,1.3,35.5,11.7,11
30/01/2016,17:00,16,1.8,32.3,1.0,34.5,14.6,12
30/01/2016,18:00,18,1.5,27.5,0.9,33.0,20.9,13
30/01/2016,19:00,29,1.2,24.4,0.8,32.0,22.0,14
30/01/2016,20:00,21,1.1,25.3,0.7,31.7,18.0,14
30/01/2016,21:00,18,1.0,24.7,0.7,31.7,16.6,13
30/01/2016,22:00,11,0.8,30.4,0.5,31.5,9.7,14
30/01/2016,23:00,20,0.8,29.3,0.5,31.3,11.2,14
31/01/2016,00:00,19,0.9,30.1,0.6,31.3,12.1,
31/01/2016,01:00,23,0.9,29.1,0.5,31.2,7.9,15
31/01/2016,02:00,20,1.0,28.3,0.6,31.1,,14
31/01/2016,03:00,24,1.4,24.6,0.7,30.9,13.2,14
31/01/2016,04:00,16,1.0,29.2,0.6,31.0,13.1,14
31/01/2016,05:00,23,1.0,27.8,0.6,31.0,9.2,15
31/01/2016,06:00,24,1.2,26.1,0.7,31.6,15.0,14
31/01/2016,07:00,16,1.3,31.7,0.9,33.1,,13
31/01/2016,08:00,7,1.4,180.3,1.0,34.0,,13
31/01/2016,09:00,1,1.6,41.2,1.1,35.5,,12
31/01/2016,10:00,359,1.6,43.2,1.2,36.5,,11
31/01/2016,11:00,0,1.8,39.9,1.2,36.5,,11
31/01/2016,12:00,8,2.0,180.9,1.3,36.3,,9
31/01/2016,13:00,4,2.0,38.5,1.3,36.0,8.0,10
31/01/2016,14:00,358,1.9,42.1,1.2,36.3,5.1,10
31/01/2016,15:00,7,2.0,37.5,1.2,35.8,12.7,10
31/01/2016,16:00,3,1.7,40.4,1.1,34.4,24.0,13
31/01/2016,17:00,354,1.3,42.4,0.9,33.6,15.8,13
31/01/2016,18:00,355,1.0,45.5,0.8,32.9,15.4,14
31/01/2016,19:00,355,0.6,46.0,0.6,32.5,25.9,15
31/01/2016,20:00,2,0.6,41.3,0.5,32.0,13.6,15
31/01/2016,21:00,9,0.6,182.8,0.5,31.8,16.4,15
31/01/2016,22:00,359,0.4,47.6,0.4,31.6,13.1,17
31/01/2016,23:00,353,0.6,48.1,0.5,31.3,4.6,17
01/02/2016,00:00,354,0.4,45.1,0.3,31.2,9.9,
01/02/2016,01:00,17,0.6,29.2,0.4,31.1,9.7,19
01/02/2016,02:00,21,0.6,33.9,0.4,30.9,11.8,18
01/02/2016,03:00,24,0.5,66.0,0.6,30.9,6.5,18
01/02/2016,04:00,54,0.6,35.7,0.3,30.0,11.7,17
01/02/2016,05:00,21,0.4,38.5,0.3,30.3,14.4,17
01/02/2016,06:00,24,0.7,33.7,0.5,31.1,30.4,17
01/02/2016,07:00,359,1.0,44.1,0.8,33.3,21.3,17
01/02/2016,08:00,352,1.3,46.2,0.9,34.8,,16
01/02/2016,09:00,336,1.4,43.0,1.1,35.4,,14
01/02/2016,10:00,339,1.5,44.3,1.0,36.0,,12
01/02/2016,11:00,341,1.5,45.7,1.1,36.8,,10
01/02/2016,12:00,345,1.7,42.5,1.1,37.4,14.3,11
01/02/2016,13:00,345,1.8,39.7,1.3,36.9,12.9,11
01/02/2016,14:00,358,1.6,38.6,1.1,35.5,16.6,13
01/02/2016,15:00,350,1.7,43.3,1.2,36.3,,12
01/02/2016,16:00,359,1.6,43.7,1.1,35.1,13.8,13
01/02/2016,17:00,5,1.5,37.1,1.0,33.8,15.2,14
01/02/2016,18:00,5,1.3,38.1,0.9,33.2,11.6,13
01/02/2016,19:00,2,0.9,41.2,0.7,32.7,20.6,13
01/02/2016,20:00,2,0.8,40.0,0.6,32.3,13.9,13
01/02/2016,21:00,359,0.6,44.3,0.5,31.9,13.8,13
01/02/2016,22:00,360,0.6,40.5,0.4,31.7,12.9,12
01/02/2016,23:00,3,0.7,40.6,0.5,31.4,10.3,12
02/02/2016,00:00,358,0.7,45.8,0.6,31.4,12.9,
02/02/2016,01:00,341,0.5,53.7,0.5,31.5,6.7,13
02/02/2016,02:00,357,1.0,40.2,0.7,31.4,4.6,14
02/02/2016,03:00,346,0.7,47.0,0.6,31.4,4.0,13
02/02/2016,04:00,354,0.7,50.1,0.5,31.3,8.0,14
02/02/2016,05:00,358,0.6,47.4,0.5,31.2,8.4,14
02/02/2016,06:00,4,0.7,38.2,0.5,31.6,19.4,14
02/02/2016,07:00,350,0.8,48.9,0.7,32.9,9.3,13
02/02/2016,08:00,344,1.1,47.0,0.9,34.1,,11
02/02/2016,09:00,332,1.4,45.5,1.1,36.1,,8
02/02/2016,10:00,345,1.4,47.0,1.1,36.5,,7
02/02/2016,11:00,356,1.6,43.0,1.2,37.2,,7
02/02/2016,12:00,355,1.6,39.9,1.1,37.0,,8
02/02/2016,13:00,346,1.5,47.6,1.0,37.8,,6
02/02/2016,14:00,352,1.5,47.0,1.2,37.3,11.8,7
02/02/2016,15:00,357,1.8,41.5,1.2,36.2,13.8,6
02/02/2016,16:00,358,1.4,48.6,1.0,35.8,14.1,6
02/02/2016,17:00,360,1.4,44.6,0.9,34.5,24.3,8
02/02/2016,18:00,3,1.2,178.0,0.9,33.3,19.9,9
02/02/2016,19:00,8,1.1,181.4,0.7,32.6,8.1,8
02/02/2016,20:00,356,0.7,45.4,0.5,32.3,22.0,8
02/02/2016,21:00,4,0.6,177.5,0.5,32.1,15.7,10
02/02/2016,22:00,6,0.7,176.8,0.5,31.9,7.4,13
02/02/2016,23:00,4,0.6,174.7,0.4,31.6,10.2,15
03/02/2016,00:00,7,0.9,182.8,0.6,31.7,14.4,
03/02/2016,01:00,10,1.1,181.1,0.7,31.9,11.9,17
03/02/2016,02:00,9,1.3,182.7,0.9,31.8,7.8,17
03/02/2016,03:00,359,1.0,39.5,0.7,31.8,14.3,20
03/02/2016,04:00,354,0.8,45.4,0.7,31.9,19.6,24
03/02/2016,05:00,344,0.5,47.3,0.6,31.8,18.9,25
03/02/2016,06:00,341,0.6,49.0,0.6,32.2,29.2,27
03/02/2016,07:00,329,1.3,46.2,1.0,33.6,29.8,22
03/02/2016,08:00,330,1.3,42.5,1.0,34.7,54.6,19
03/02/2016,09:00,324,1.8,39.0,1.3,35.1,22.4,20
03/02/2016,10:00,330,1.5,42.8,1.2,35.9,31.9,23
03/02/2016,11:00,340,1.6,43.4,1.2,37.0,9.0,22
03/02/2016,12:00,356,1.8,42.7,1.2,37.5,30.7,25
03/02/2016,13:00,312,1.5,59.0,1.2,36.5,,22
03/02/2016,14:00,287,1.3,38.8,1.0,33.4,,10
03/02/2016,15:00,352,1.0,43.0,0.7,33.7,,29
03/02/2016,16:00,330,1.0,47.7,0.8,33.2,,37
03/02/2016,17:00,319,1.1,37.5,0.8,33.1,,40
03/02/2016,18:00,328,0.7,44.8,0.6,32.9,,37
03/02/2016,19:00,351,0.6,50.4,0.5,32.6,,36
03/02/2016,20:00,331,0.6,46.3,0.5,32.4,,34
03/02/2016,21:00,323,0.7,46.0,0.6,32.4,,32
03/02/2016,22:00,328,0.5,45.2,0.5,32.1,,27
03/02/2016,23:00,347,0.4,44.7,0.3,32.1,,16
04/02/2016,00:00,360,0.4,45.8,0.4,31.8,,
04/02/2016,01:00,341,0.5,49.4,1.6,31.8,,23
04/02/2016,02:00,303,0.5,59.7,0.6,31.8,,28
04/02/2016,03:00,,,,,30.9,,16
04/02/2016,04:00,,,,,29.0,,1
04/02/2016,05:00,171,1.3,28.0,0.6,28.4,,2
04/02/2016,06:00,123,0.8,25.5,0.3,28.1,,2
04/02/2016,07:00,94,0.2,122.0,0.2,28.1,,3
04/02/2016,08:00,43,0.3,148.9,0.3,28.6,,3
04/02/2016,09:00,109,0.8,32.7,0.4,29.9,,3
04/02/2016,10:00,114,1.5,24.0,0.4,31.1,,1
04/02/2016,11:00,75,1.1,37.5,0.6,32.3,,3
04/02/2016,12:00,68,1.2,39.2,0.7,33.6,,7
04/02/2016,13:00,73,2.0,23.9,0.7,34.0,,12
04/02/2016,14:00,67,2.2,26.6,1.0,34.6,,12
04/02/2016,15:00,58,2.3,26.1,1.1,34.9,,16
04/02/2016,16:00,51,2.1,26.4,1.1,34.7,,19
04/02/2016,17:00,21,1.5,31.0,0.9,34.7,,15
04/02/2016,18:00,5,0.8,43.1,0.6,33.6,,16
04/02/2016,19:00,267,1.1,64.1,1.4,32.7,,15
04/02/2016,20:00,216,2.2,25.7,1.1,29.0,,6
04/02/2016,21:00,215,0.7,55.4,0.6,28.5,,5
04/02/2016,22:00,169,0.7,35.9,0.5,28.0,,5
04/02/2016,23:00,180,0.6,40.2,0.3,28.0,,4
05/02/2016,00:00,180,0.3,48.8,0.3,27.8,,
05/02/2016,01:00,283,0.3,61.1,0.2,27.9,,2
05/02/2016,02:00,286,0.3,78.7,0.3,28.0,,4
05/02/2016,03:00,56,0.3,75.1,0.3,28.1,,5
05/02/2016,04:00,186,0.4,40.7,0.2,28.1,,5
05/02/2016,05:00,123,0.8,15.9,0.3,28.0,,6
05/02/2016,06:00,150,0.8,25.1,0.3,28.1,,6
05/02/2016,07:00,137,0.8,30.1,0.4,28.6,,5
05/02/2016,08:00,115,1.1,26.4,0.3,29.8,,7
05/02/2016,09:00,130,1.0,40.1,0.6,32.2,,9
05/02/2016,10:00,165,0.5,74.9,0.5,33.7,,13
05/02/2016,11:00,333,0.4,70.8,0.6,35.6,,11
05/02/2016,12:00,344,0.7,53.9,0.7,36.4,,10
05/02/2016,13:00,349,1.1,44.5,0.8,37.7,,6
05/02/2016,14:00,6,1.5,172.8,1.0,37.6,,7
05/02/2016,15:00,3,1.5,42.0,1.1,37.3,,9
05/02/2016,16:00,16,1.7,36.4,1.1,36.6,,12
05/02/2016,17:00,14,1.5,37.1,1.0,35.0,,14
05/02/2016,18:00,17,1.5,28.9,0.9,33.6,,28
05/02/2016,19:00,12,1.1,34.4,0.7,33.0,,27
05/02/2016,20:00,17,1.0,36.3,0.9,32.1,,30
05/02/2016,21:00,3,0.7,161.3,0.6,30.7,,28
05/02/2016,22:00,312,1.5,40.7,1.1,30.1,,20
05/02/2016,23:00,266,2.0,26.2,0.9,29.1,,8
06/02/2016,00:00,239,0.6,52.3,0.4,28.9,,
06/02/2016,01:00,,,,,28.8,,6
06/02/2016,02:00,,,,,28.7,,5
06/02/2016,03:00,148,1.1,28.3,0.5,28.5,,4
06/02/2016,04:00,159,0.7,65.1,0.6,28.6,,5
06/02/2016,05:00,157,0.5,28.4,0.2,28.7,,5
06/02/2016,06:00,183,0.8,32.3,0.5,28.8,,5
06/02/2016,07:00,144,1.2,19.8,0.5,29.2,,9
06/02/2016,08:00,179,0.9,30.2,0.4,29.8,,10
06/02/2016,09:00,137,1.4,21.5,0.5,30.5,,7
06/02/2016,10:00,99,1.7,26.3,0.7,31.9,,7
06/02/2016,11:00,94,2.4,18.5,0.8,33.1,,7
06/02/2016,12:00,85,3.7,17.1,1.1,33.5,,10
06/02/2016,13:00,80,3.8,18.2,1.2,33.1,,9
06/02/2016,14:00,77,2.9,22.7,1.1,33.5,,9
06/02/2016,15:00,81,3.0,18.5,1.1,33.5,,9
06/02/2016,16:00,80,2.6,20.8,0.9,33.3,,11
06/02/2016,17:00,80,2.3,17.7,0.8,32.2,,12
06/02/2016,18:00,93,1.9,15.4,0.7,31.6,,12
06/02/2016,19:00,92,1.8,14.7,0.6,31.1,,14
06/02/2016,20:00,95,1.6,13.8,0.5,30.8,,15
06/02/2016,21:00,91,1.0,18.5,0.4,30.7,,13
06/02/2016,22:00,131,0.7,24.7,0.3,30.5,,12
06/02/2016,23:00,100,0.6,33.8,0.3,30.4,,11
07/02/2016,00:00,131,1.1,13.7,0.3,30.3,,
07/02/2016,01:00,148,0.5,34.2,0.3,30.2,,12
07/02/2016,02:00,177,0.6,36.1,0.3,30.0,,12
07/02/2016,03:00,139,1.2,21.5,0.5,30.0,,11
07/02/2016,04:00,142,0.9,21.0,0.4,29.9,,11
07/02/2016,05:00,154,1.0,18.8,0.4,29.6,,10
07/02/2016,06:00,158,1.1,24.4,0.5,29.6,,10
07/02/2016,07:00,147,1.4,21.8,0.6,30.7,,12
07/02/2016,08:00,105,1.5,27.0,0.5,33.1,,13
07/02/2016,09:00,97,1.4,40.6,0.8,34.8,,11
07/02/2016,10:00,122,2.0,22.3,0.8,36.3,,11
07/02/2016,11:00,81,2.0,26.0,0.7,34.8,,13
07/02/2016,12:00,88,1.8,35.9,1.0,35.8,,12
07/02/2016,13:00,191,1.1,86.2,1.8,29.6,,10
07/02/2016,14:00,112,1.2,24.3,0.5,30.5,,6
07/02/2016,15:00,96,1.8,22.9,0.7,34.5,,9
07/02/2016,16:00,95,2.5,19.2,0.8,33.9,,10
07/02/2016,17:00,66,2.3,20.3,1.0,32.6,,11
07/02/2016,18:00,92,2.3,17.8,0.8,32.1,,11
07/02/2016,19:00,94,2.2,15.3,0.7,31.8,,12
07/02/2016,20:00,123,0.7,28.1,0.5,31.3,,10
07/02/2016,21:00,159,0.3,54.3,0.2,30.8,,10
07/02/2016,22:00,138,1.2,13.3,0.7,30.5,,8
07/02/2016,23:00,123,1.1,19.3,0.5,30.2,,3
08/02/2016,00:00,158,0.8,21.5,0.4,29.8,,
08/02/2016,01:00,154,1.1,18.7,0.4,29.2,,2
08/02/2016,02:00,140,1.5,12.3,0.4,28.9,,1
08/02/2016,03:00,156,1.0,20.5,0.4,28.8,,1
08/02/2016,04:00,146,1.3,16.9,0.5,28.6,,1
08/02/2016,05:00,149,1.4,18.6,0.6,28.8,,1
08/02/2016,06:00,166,1.0,21.9,0.4,28.8,,1
08/02/2016,07:00,175,1.2,25.7,0.6,30.6,,5
08/02/2016,08:00,,,,,,,
08/02/2016,09:00,,,,,,,
08/02/2016,10:00,,,,,,,
08/02/2016,11:00,,,,,,,
08/02/2016,12:00,,,,,,,
08/02/2016,13:00,,,,,,,
08/02/2016,14:00,,,,,,,
08/02/2016,15:00,,,,,,,
08/02/2016,16:00,,,,,,,
08/02/2016,17:00,,,,,,,
08/02/2016,18:00,,,,,,,
08/02/2016,19:00,,,,,,,
08/02/2016,20:00,,,,,,,
08/02/2016,21:00,,,,,,,
08/02/2016,22:00,,,,,,,
08/02/2016,23:00,,,,,,,
09/02/2016,00:00,,,,,,,
09/02/2016,01:00,,,,,,,
09/02/2016,02:00,,,,,,,
09/02/2016,03:00,,,,,,,
09/02/2016,04:00,,,,,,,
09/02/2016,05:00,,,,,,,
09/02/2016,06:00,,,,,,,
09/02/2016,07:00,,,,,,,
09/02/2016,08:00,,,,,,,
09/02/2016,09:00,,,,,,,
09/02/2016,10:00,,,,,,,
09/02/2016,11:00,,,,,,,
09/02/2016,12:00,,,,,,,
09/02/2016,13:00,,,,,,,
09/02/2016,14:00,,,,,,,
09/02/2016,15:00,,,,,,,
09/02/2016,16:00,,,,,,,
09/02/2016,17:00,,,,,,,
09/02/2016,18:00,,,,,,,
09/02/2016,19:00,,,,,,,
09/02/2016,20:00,,,,,,,
09/02/2016,21:00,,,,,,,
09/02/2016,22:00,,,,,,,
09/02/2016,23:00,,,,,,,
10/02/2016,00:00,,,,,,,
10/02/2016,01:00,,,,,,,
10/02/2016,02:00,,,,,,,
10/02/2016,03:00,,,,,,,
10/02/2016,04:00,,,,,,,
10/02/2016,05:00,,,,,,,
10/02/2016,06:00,,,,,,,
10/02/2016,07:00,,,,,,,
10/02/2016,08:00,,,,,,,
10/02/2016,09:00,,,,,,,
10/02/2016,10:00,,,,,,,
10/02/2016,11:00,,,,,,,
10/02/2016,12:00,,,,,,,
10/02/2016,13:00,,,,,,,
10/02/2016,14:00,,,,,,,
10/02/2016,15:00,,,,,,,
10/02/2016,16:00,,,,,,,
10/02/2016,17:00,,,,,,,
10/02/2016,18:00,,,,,,,
10/02/2016,19:00,,,,,,,
10/02/2016,20:00,,,,,,,
10/02/2016,21:00,,,,,,,
10/02/2016,22:00,,,,,,,
10/02/2016,23:00,,,,,,,
11/02/2016,00:00,,,,,,,
11/02/2016,01:00,,,,,,,
11/02/2016,02:00,,,,,,,
11/02/2016,03:00,,,,,,,
11/02/2016,04:00,,,,,,,
11/02/2016,05:00,,,,,,,
11/02/2016,06:00,,,,,,,
11/02/2016,07:00,,,,,,,
11/02/2016,08:00,,,,,,,
11/02/2016,09:00,,,,,,,
11/02/2016,10:00,,,,,,,
11/02/2016,11:00,,,,,,,
11/02/2016,12:00,,,,,,,
11/02/2016,13:00,,,,,,,
11/02/2016,14:00,,,,,,,
11/02/2016,15:00,,,,,,,
11/02/2016,16:00,,,,,,,
11/02/2016,17:00,88,3.0,15.0,1.0,31.8,,28
11/02/2016,18:00,86,2.6,14.7,0.8,31.2,,34
11/02/2016,19:00,83,1.6,17.9,0.5,30.5,,39
11/02/2016,20:00,79,1.6,16.4,0.4,30.1,,46
11/02/2016,21:00,101,1.0,17.4,0.4,29.3,,41
11/02/2016,22:00,124,0.5,55.8,0.4,28.6,,41
11/02/2016,23:00,205,0.8,21.7,0.4,27.9,,36
12/02/2016,00:00,163,0.6,22.7,0.4,27.3,,
12/02/2016,01:00,205,0.5,27.6,0.3,26.7,,34
12/02/2016,02:00,197,0.8,28.4,0.3,26.5,,34
12/02/2016,03:00,188,0.8,20.4,0.4,26.2,,34
12/02/2016,04:00,204,1.2,17.0,0.5,26.5,,35
12/02/2016,05:00,203,1.0,18.1,0.4,25.9,,30
12/02/2016,06:00,204,1.2,16.6,0.4,26.4,,26
12/02/2016,07:00,200,1.4,24.1,0.5,29.2,,29
12/02/2016,08:00,186,1.3,29.9,0.6,32.0,,27
12/02/2016,09:00,168,1.7,29.5,0.8,33.5,,22
12/02/2016,10:00,179,1.7,37.4,0.9,34.9,,21
12/02/2016,11:00,184,1.8,32.6,1.0,36.2,,21
12/02/2016,12:00,178,1.5,39.6,0.9,36.8,,20
12/02/2016,13:00,182,1.7,36.5,1.0,37.0,,20
12/02/2016,14:00,135,0.5,89.6,1.0,38.0,,21
12/02/2016,15:00,46,2.4,27.9,1.1,34.5,48.8,27
12/02/2016,16:00,69,2.6,26.1,1.2,34.2,26.9,26
12/02/2016,17:00,69,2.8,19.2,1.0,32.9,31.4,29
12/02/2016,18:00,73,2.7,15.2,1.0,31.5,22.3,32
12/02/2016,19:00,74,1.7,12.7,0.5,30.5,15.6,33
12/02/2016,20:00,76,1.7,14.2,0.5,30.1,,29
12/02/2016,21:00,82,1.3,20.7,0.6,29.8,34.7,38
12/02/2016,22:00,169,0.4,55.6,0.3,28.8,44.9,42
12/02/2016,23:00,194,0.6,42.1,0.4,28.0,39.8,41
13/02/2016,00:00,159,0.9,16.7,0.3,27.9,28.0,
13/02/2016,01:00,189,0.7,23.3,0.4,27.2,21.2,35
13/02/2016,02:00,191,0.8,16.3,0.3,26.7,15.5,34
13/02/2016,03:00,197,0.6,25.0,0.3,25.9,12.1,32
13/02/2016,04:00,201,0.7,31.8,0.4,25.6,13.3,31
13/02/2016,05:00,235,0.5,41.1,0.3,25.3,10.2,30
13/02/2016,06:00,217,1.1,25.6,0.5,25.8,31.1,30
13/02/2016,07:00,205,1.0,34.5,0.5,29.2,30.1,32
13/02/2016,08:00,170,1.5,25.9,0.7,32.1,4.3,30
13/02/2016,09:00,168,1.7,27.8,0.8,33.7,9.2,26
13/02/2016,10:00,156,1.9,31.8,1.1,34.7,,25
13/02/2016,11:00,164,1.7,38.5,1.0,35.9,,23
13/02/2016,12:00,153,1.5,39.5,0.8,36.4,,20
13/02/2016,13:00,166,1.6,35.3,0.9,36.7,,19
13/02/2016,14:00,114,1.9,41.8,1.2,36.3,,22
13/02/2016,15:00,70,2.4,20.9,0.9,35.3,46.3,25
13/02/2016,16:00,53,2.4,26.2,1.1,34.3,28.2,23
13/02/2016,17:00,49,2.3,23.5,0.9,33.0,43.3,27
13/02/2016,18:00,43,1.4,26.6,0.8,31.6,36.9,30
13/02/2016,19:00,25,0.7,28.4,0.4,30.6,31.0,31
13/02/2016,20:00,0,0.4,175.5,0.3,29.9,34.4,35
13/02/2016,21:00,341,0.2,62.5,0.2,28.4,26.2,32
13/02/2016,22:00,349,0.2,39.4,0.2,27.8,28.2,32
13/02/2016,23:00,311,0.3,37.6,0.3,27.3,20.2,30
14/02/2016,00:00,314,0.2,49.3,0.2,26.9,33.2,
14/02/2016,01:00,314,0.4,33.0,0.3,26.4,30.7,30
14/02/2016,02:00,301,0.3,30.3,0.3,26.0,13.4,24
14/02/2016,03:00,112,0.2,115.6,0.3,25.6,9.9,21
14/02/2016,04:00,142,0.6,27.5,0.2,24.8,7.1,19
14/02/2016,05:00,152,0.8,14.3,0.3,24.3,9.0,19
14/02/2016,06:00,154,0.5,23.0,0.3,24.9,35.3,21
14/02/2016,07:00,169,0.4,52.2,0.3,29.2,29.5,24
14/02/2016,08:00,187,1.0,41.7,0.5,32.2,22.9,25
14/02/2016,09:00,237,0.7,75.3,0.6,33.9,,24
14/02/2016,10:00,135,1.0,47.9,0.6,35.0,,23
14/02/2016,11:00,94,0.6,137.9,0.9,36.4,,18
14/02/2016,12:00,238,0.1,125.5,0.8,37.5,,16
14/02/2016,13:00,275,1.0,68.0,1.0,38.5,,18
14/02/2016,14:00,313,1.6,39.3,1.0,38.0,44.1,21
14/02/2016,15:00,354,1.3,45.5,1.1,36.7,25.5,21
14/02/2016,16:00,348,1.3,45.7,1.0,35.6,24.6,23
14/02/2016,17:00,350,1.2,43.1,0.9,34.2,30.0,23
14/02/2016,18:00,1,1.1,40.9,0.9,32.6,26.6,24
14/02/2016,19:00,20,1.0,27.1,0.6,31.5,28.1,23
14/02/2016,20:00,47,0.7,26.9,0.3,30.6,26.6,24
14/02/2016,21:00,27,0.3,39.2,0.2,29.8,29.1,25
14/02/2016,22:00,73,0.5,34.9,0.2,28.7,49.2,36
14/02/2016,23:00,96,0.3,42.0,0.2,27.9,58.1,39
15/02/2016,00:00,98,0.2,47.5,0.2,27.4,33.3,
15/02/2016,01:00,153,0.2,40.8,0.2,27.0,41.4,26
15/02/2016,02:00,210,0.4,12.5,0.1,26.4,15.6,22
15/02/2016,03:00,257,0.2,44.9,0.2,26.3,18.0,21
15/02/2016,04:00,129,0.5,25.2,0.2,26.1,19.3,21
15/02/2016,05:00,121,0.7,13.8,0.2,25.9,20.4,21
15/02/2016,06:00,126,0.4,27.4,0.2,26.4,45.7,21
15/02/2016,07:00,284,0.6,43.3,0.5,31.1,16.3,21
15/02/2016,08:00,282,1.3,28.6,0.6,34.3,14.6,21
15/02/2016,09:00,281,1.0,56.8,0.8,35.6,,21
15/02/2016,10:00,278,1.0,69.9,0.9,37.0,5.7,19
15/02/2016,11:00,272,0.8,64.8,0.8,38.3,4.3,18
15/02/2016,12:00,281,0.6,87.2,0.8,38.8,,17
15/02/2016,13:00,302,1.0,61.6,0.9,38.9,4.1,16
15/02/2016,14:00,336,1.0,52.6,0.7,39.7,1.6,15
15/02/2016,15:00,10,1.3,173.0,1.0,38.7,3.3,14
15/02/2016,16:00,16,1.5,35.1,0.9,37.8,5.7,14
15/02/2016,17:00,16,1.8,29.2,1.0,36.4,13.1,14
15/02/2016,18:00,8,1.2,181.0,0.8,34.2,23.6,17
15/02/2016,19:00,9,0.5,32.3,0.4,32.3,30.3,19
15/02/2016,20:00,66,0.5,32.8,0.3,30.5,35.1,22
15/02/2016,21:00,41,0.5,36.3,0.2,29.3,35.9,24
15/02/2016,22:00,7,0.6,181.5,0.4,29.8,20.6,20
15/02/2016,23:00,15,0.8,32.7,0.4,30.5,13.2,18
16/02/2016,00:00,40,0.4,42.1,0.3,28.2,44.0,
16/02/2016,01:00,91,0.4,39.2,0.2,27.2,55.7,28
16/02/2016,02:00,113,0.4,17.1,0.2,26.5,31.0,22
16/02/2016,03:00,134,0.2,66.1,0.2,26.3,17.7,18
16/02/2016,04:00,150,0.4,46.2,0.3,26.1,13.6,17
16/02/2016,05:00,161,0.7,17.3,0.2,25.8,10.1,17
16/02/2016,06:00,273,0.3,46.7,0.3,26.3,22.1,20
16/02/2016,07:00,253,0.8,25.5,0.5,29.9,39.9,25
16/02/2016,08:00,281,1.5,34.8,0.7,33.1,23.8,21
16/02/2016,09:00,298,1.5,34.5,0.9,35.4,17.7,19
16/02/2016,10:00,275,1.3,50.0,0.9,37.5,8.8,17
16/02/2016,11:00,305,0.7,71.2,0.8,39.0,,24
16/02/2016,12:00,233,1.0,58.6,0.8,40.4,,13
16/02/2016,13:00,305,0.5,94.7,0.8,40.5,,17
16/02/2016,14:00,338,1.5,40.5,0.9,39.3,27.4,16
16/02/2016,15:00,350,1.4,43.2,1.0,37.7,35.3,18
16/02/2016,16:00,2,1.4,173.3,1.0,37.1,18.5,19
16/02/2016,17:00,11,1.7,33.8,0.9,35.3,34.2,21
16/02/2016,18:00,8,1.3,182.5,0.9,33.5,30.9,21
16/02/2016,19:00,36,1.0,27.0,0.5,32.1,41.8,126
16/02/2016,20:00,76,0.7,22.8,0.4,30.6,36.3,35
16/02/2016,21:00,137,0.5,20.3,0.2,29.4,37.6,31
16/02/2016,22:00,75,0.6,41.4,0.3,29.1,72.5,229
16/02/2016,23:00,97,0.5,33.6,0.2,29.0,53.9,72
17/02/2016,00:00,116,0.5,14.6,0.1,28.2,41.3,
17/02/2016,01:00,47,0.3,48.2,0.3,28.0,45.5,199
17/02/2016,02:00,47,0.5,18.2,0.2,28.0,30.3,155
17/02/2016,03:00,288,0.4,39.9,0.3,28.0,31.8,147
17/02/2016,04:00,157,0.2,68.2,0.2,27.2,1.5,62
17/02/2016,05:00,119,0.2,82.0,0.3,26.7,,247
17/02/2016,06:00,215,0.5,24.7,0.3,26.9,11.9,81
17/02/2016,07:00,256,0.7,32.5,0.5,29.9,30.2,31
17/02/2016,08:00,271,1.4,33.2,0.8,33.7,23.8,30
17/02/2016,09:00,286,1.2,36.8,0.7,36.4,,26
17/02/2016,10:00,257,1.6,41.1,1.0,38.7,,21
17/02/2016,11:00,256,1.5,41.4,0.8,40.2,,17
17/02/2016,12:00,256,1.4,43.3,0.8,41.8,,16
17/02/2016,13:00,199,0.5,94.5,0.7,42.9,,14
17/02/2016,14:00,142,1.3,44.5,0.8,43.2,,14
17/02/2016,15:00,50,2.3,26.9,1.0,40.9,100.9,153
17/02/2016,16:00,51,2.9,20.7,1.2,38.6,110.9,140
17/02/2016,17:00,44,2.3,22.5,1.1,36.0,54.0,118
17/02/2016,18:00,41,2.1,19.9,1.0,33.8,59.5,161
17/02/2016,19:00,31,1.3,27.6,0.8,32.3,40.0,97
17/02/2016,20:00,341,0.6,48.3,0.5,32.1,20.0,29
17/02/2016,21:00,313,0.8,51.8,0.6,32.0,27.8,29
17/02/2016,22:00,103,0.7,64.7,0.6,32.1,27.0,34
17/02/2016,23:00,157,1.0,28.1,0.5,30.9,57.5,41
18/02/2016,00:00,106,0.8,48.3,0.5,31.0,49.0,
18/02/2016,01:00,14,1.8,23.1,1.2,32.1,10.6,30
18/02/2016,02:00,285,0.5,88.5,1.3,33.4,,23
18/02/2016,03:00,186,1.1,31.1,0.6,31.4,36.7,27
18/02/2016,04:00,223,0.8,31.9,0.4,30.5,26.9,28
18/02/2016,05:00,219,0.5,54.0,0.4,30.7,12.0,27
18/02/2016,06:00,290,0.1,93.1,0.2,31.2,17.0,30
18/02/2016,07:00,246,0.1,96.6,0.3,32.8,38.8,30
18/02/2016,08:00,18,0.9,45.0,0.7,36.1,20.8,44
18/02/2016,09:00,13,1.0,177.7,0.7,37.4,7.3,22
18/02/2016,10:00,340,0.8,59.1,0.7,38.9,7.6,18
18/02/2016,11:00,301,0.6,84.0,0.8,39.8,11.4,20
18/02/2016,12:00,50,1.7,152.9,1.5,39.2,38.3,31
18/02/2016,13:00,49,2.7,25.0,1.1,38.2,29.2,48
18/02/2016,14:00,12,1.6,34.1,1.0,38.6,11.1,24
18/02/2016,15:00,35,2.3,26.8,1.3,37.8,38.7,46
18/02/2016,16:00,44,2.6,21.6,1.3,36.4,32.8,72
18/02/2016,17:00,46,2.5,22.0,1.1,34.9,38.8,83
18/02/2016,18:00,39,1.9,26.0,1.0,33.3,40.3,73
18/02/2016,19:00,44,1.8,23.4,0.9,32.5,31.9,99
18/02/2016,20:00,39,1.3,23.7,0.7,32.1,22.2,71
18/02/2016,21:00,24,1.0,25.5,0.5,32.0,16.3,43
18/02/2016,22:00,31,0.6,28.6,0.4,31.9,20.4,69
18/02/2016,23:00,355,0.5,160.0,0.4,32.0,14.3,29
19/02/2016,00:00,95,0.7,41.0,0.4,31.5,19.3,
19/02/2016,01:00,61,0.9,23.0,0.5,31.4,27.6,59
19/02/2016,02:00,40,1.0,23.0,0.6,31.5,19.9,93
19/02/2016,03:00,31,1.0,23.7,0.6,31.7,12.7,48
19/02/2016,04:00,38,0.6,29.5,0.5,31.5,23.7,96
19/02/2016,05:00,29,0.7,28.6,0.4,31.6,26.5,68
19/02/2016,06:00,15,0.5,36.6,0.4,31.9,20.5,48
19/02/2016,07:00,7,0.4,185.1,0.4,32.9,18.9,37
19/02/2016,08:00,335,0.8,51.1,0.7,34.7,28.1,34
19/02/2016,09:00,350,1.2,46.8,0.8,36.2,12.8,29
19/02/2016,10:00,336,1.1,49.0,0.9,37.3,,23
19/02/2016,11:00,340,1.3,43.0,0.9,38.1,,23
19/02/2016,12:00,2,1.3,43.7,0.9,38.3,,24
19/02/2016,13:00,12,1.6,180.3,1.1,38.2,3.8,23
19/02/2016,14:00,10,1.5,178.6,1.0,38.5,13.4,26
19/02/2016,15:00,41,2.5,25.3,1.3,37.0,37.7,49
19/02/2016,16:00,38,2.3,25.8,1.2,35.9,34.6,54
19/02/2016,17:00,40,2.4,22.4,1.1,34.8,30.0,61
19/02/2016,18:00,41,2.0,25.0,1.0,33.3,29.8,59
19/02/2016,19:00,51,1.3,21.5,0.7,32.3,27.1,71
19/02/2016,20:00,50,1.1,29.1,0.5,31.9,20.9,48
19/02/2016,21:00,11,0.8,179.7,0.6,31.9,17.0,33
19/02/2016,22:00,49,1.0,32.4,0.5,31.4,22.5,39
19/02/2016,23:00,69,0.8,25.2,0.4,30.9,39.0,46
20/02/2016,00:00,66,0.8,20.4,0.4,30.8,27.5,
20/02/2016,01:00,49,0.8,24.1,0.4,30.8,24.0,81
20/02/2016,02:00,46,0.9,22.0,0.4,30.6,16.3,88
20/02/2016,03:00,49,0.7,25.4,0.3,30.0,18.1,99
20/02/2016,04:00,40,0.8,23.9,0.4,29.8,21.8,101
20/02/2016,05:00,62,0.9,18.7,0.3,29.5,7.5,46
20/02/2016,06:00,46,1.0,23.2,0.5,30.0,29.1,95
20/02/2016,07:00,53,1.6,24.3,0.7,32.9,22.3,45
20/02/2016,08:00,42,1.3,45.9,0.8,34.9,,26
20/02/2016,09:00,40,1.2,45.5,0.8,36.5,,27
20/02/2016,10:00,22,1.1,171.2,0.8,36.8,,20
20/02/2016,11:00,59,2.3,27.6,1.0,37.0,15.2,27
20/02/2016,12:00,55,2.1,34.6,1.1,37.1,17.8,22
20/02/2016,13:00,68,2.4,28.5,1.0,36.8,23.2,25
20/02/2016,14:00,57,2.1,38.5,1.2,37.1,14.8,21
20/02/2016,15:00,63,2.0,32.8,1.0,36.9,,21
20/02/2016,16:00,59,2.8,19.9,1.1,35.8,21.3,27
20/02/2016,17:00,52,2.3,21.9,1.0,34.5,25.3,40
20/02/2016,18:00,61,2.4,17.6,1.0,32.8,30.7,36
20/02/2016,19:00,66,1.8,16.9,0.7,31.7,21.9,33
20/02/2016,20:00,71,1.6,15.7,0.7,31.3,19.3,21
20/02/2016,21:00,77,1.9,16.4,0.7,31.2,20.4,19
20/02/2016,22:00,75,2.1,14.1,0.7,31.1,9.4,17
20/02/2016,23:00,70,1.7,14.5,0.6,31.0,10.2,18
21/02/2016,00:00,74,1.8,14.4,0.6,31.0,14.5,
21/02/2016,01:00,66,1.7,14.8,0.7,30.9,15.8,27
21/02/2016,02:00,76,2.0,15.4,0.8,30.9,11.3,22
21/02/2016,03:00,81,1.5,17.6,0.5,30.6,8.2,22
21/02/2016,04:00,86,1.9,14.9,0.6,30.4,12.4,24
21/02/2016,05:00,97,1.7,13.4,0.5,30.0,12.7,24
21/02/2016,06:00,103,1.4,18.3,0.4,30.2,15.5,26
21/02/2016,07:00,109,1.9,17.6,0.9,32.5,17.4,29
21/02/2016,08:00,109,2.9,19.5,0.9,33.0,15.9,28
21/02/2016,09:00,120,2.4,22.0,1.0,34.1,12.1,26
21/02/2016,10:00,124,2.0,25.5,0.7,34.1,11.0,25
21/02/2016,11:00,108,2.7,22.5,1.2,35.5,14.6,24
21/02/2016,12:00,100,3.0,24.6,1.1,36.2,4.9,23
21/02/2016,13:00,94,3.9,20.5,1.2,35.8,34.3,27
21/02/2016,14:00,84,4.5,17.2,1.4,35.4,25.1,27
21/02/2016,15:00,93,5.5,13.5,1.7,34.6,75.9,29
21/02/2016,16:00,96,4.8,14.9,1.5,32.9,47.2,30
21/02/2016,17:00,88,4.3,15.3,1.4,32.6,34.6,28
21/02/2016,18:00,93,3.4,14.6,1.0,31.8,24.6,32
21/02/2016,19:00,92,2.6,14.8,0.8,31.3,31.8,36
21/02/2016,20:00,101,1.6,14.3,0.6,31.1,34.7,38
21/02/2016,21:00,139,0.6,53.0,0.4,30.2,29.6,35
21/02/2016,22:00,125,2.1,14.3,0.8,29.8,9.4,28
21/02/2016,23:00,130,2.3,11.7,0.6,29.6,17.3,31
22/02/2016,00:00,158,1.4,27.1,0.8,29.1,11.4,
22/02/2016,01:00,181,1.0,26.2,0.6,28.3,15.3,29
22/02/2016,02:00,195,1.3,23.3,0.5,28.3,14.0,26
22/02/2016,03:00,221,0.6,26.7,0.4,28.2,24.9,27
22/02/2016,04:00,170,0.2,69.2,0.3,28.0,25.6,28
22/02/2016,05:00,152,1.7,22.1,1.2,28.1,21.4,24
22/02/2016,06:00,160,2.0,24.9,1.2,27.4,12.2,12
22/02/2016,07:00,169,1.9,22.4,0.9,27.5,16.4,12
22/02/2016,08:00,168,2.2,24.4,1.2,29.4,11.0,10
22/02/2016,09:00,150,3.2,19.0,1.3,31.1,7.3,16
22/02/2016,10:00,132,3.6,17.8,1.2,32.2,17.3,27
22/02/2016,11:00,123,4.1,20.5,2.1,31.7,27.0,25
22/02/2016,12:00,132,3.1,17.4,1.1,32.2,15.2,25
22/02/2016,13:00,125,4.6,17.6,1.5,33.3,9.1,24
22/02/2016,14:00,105,4.2,18.8,1.4,34.8,18.0,32
22/02/2016,15:00,98,4.5,17.9,1.4,34.6,25.9,34
22/02/2016,16:00,99,5.5,13.9,1.7,34.0,25.4,31
22/02/2016,17:00,100,4.8,12.8,1.6,33.4,12.0,28
22/02/2016,18:00,103,4.2,14.6,1.5,32.3,25.0,31
22/02/2016,19:00,129,3.7,11.5,1.3,31.6,,25
22/02/2016,20:00,135,3.0,14.6,1.0,30.9,22.8,26
22/02/2016,21:00,145,2.6,16.3,1.0,30.2,15.1,27
22/02/2016,22:00,145,3.0,15.4,1.2,29.8,9.5,21
22/02/2016,23:00,151,2.5,19.6,1.0,29.1,2.6,15
23/02/2016,00:00,152,2.4,19.9,1.0,28.7,7.3,
23/02/2016,01:00,148,2.7,16.8,1.0,28.8,12.4,15
23/02/2016,02:00,152,2.2,18.6,0.9,28.0,10.2,16
23/02/2016,03:00,154,1.6,18.3,0.8,27.9,11.0,15
23/02/2016,04:00,155,1.8,18.0,0.8,27.8,9.4,15
23/02/2016,05:00,167,1.2,18.6,0.5,27.3,12.0,18
23/02/2016,06:00,156,1.4,21.9,0.6,27.7,18.5,26
23/02/2016,07:00,145,3.0,17.7,1.5,30.4,16.0,30
23/02/2016,08:00,135,4.6,14.5,1.5,32.1,17.8,32
23/02/2016,09:00,129,4.6,16.0,1.6,33.1,21.2,31
23/02/2016,10:00,133,4.3,15.5,1.3,34.0,19.2,28
23/02/2016,11:00,127,4.5,15.7,1.4,34.5,14.3,24
23/02/2016,12:00,112,4.5,18.8,1.3,34.9,21.1,23
23/02/2016,13:00,97,5.6,15.3,1.7,34.5,31.4,25
23/02/2016,14:00,101,5.5,17.8,1.7,34.2,32.2,25
23/02/2016,15:00,111,5.2,19.5,1.6,34.3,25.5,22
23/02/2016,16:00,101,5.1,15.5,1.5,33.5,30.3,30
23/02/2016,17:00,96,5.5,14.6,1.8,32.6,36.5,35
23/02/2016,18:00,97,4.9,13.6,1.5,31.5,26.0,35
23/02/2016,19:00,99,4.1,13.9,1.3,30.9,26.8,34
23/02/2016,20:00,102,3.9,14.9,1.3,30.6,22.9,35
23/02/2016,21:00,108,3.4,15.7,1.2,30.4,15.5,31
23/02/2016,22:00,126,2.5,12.2,0.7,29.5,23.7,31
23/02/2016,23:00,136,2.0,19.1,0.7,28.9,27.7,33
24/02/2016,00:00,168,1.1,20.7,0.5,27.8,16.0,
24/02/2016,01:00,173,1.3,21.0,0.5,26.7,12.5,31
24/02/2016,02:00,157,1.9,17.1,0.7,26.4,15.1,32
24/02/2016,03:00,159,1.9,18.3,0.8,26.2,17.8,32
24/02/2016,04:00,160,1.6,17.9,0.6,25.7,16.4,30
24/02/2016,05:00,173,1.3,19.8,0.4,25.1,12.5,28
24/02/2016,06:00,176,1.2,21.1,0.5,25.7,21.1,27
24/02/2016,07:00,163,1.4,24.3,0.7,29.0,29.7,29
24/02/2016,08:00,144,2.5,23.1,1.2,31.4,23.3,27
24/02/2016,09:00,123,3.0,22.2,1.0,32.8,22.4,22
24/02/2016,10:00,109,3.1,20.5,1.2,33.4,22.2,21
24/02/2016,11:00,99,3.5,22.5,1.1,34.1,12.0,18
24/02/2016,12:00,98,3.8,21.5,1.2,34.7,6.6,16
24/02/2016,13:00,99,4.1,19.2,1.3,34.5,27.5,18
24/02/2016,14:00,89,4.0,19.9,1.3,34.3,31.4,19
24/02/2016,15:00,93,4.2,19.0,1.4,33.9,36.6,22
24/02/2016,16:00,85,4.3,16.7,1.3,32.8,24.3,24
24/02/2016,17:00,88,3.7,15.9,1.3,32.0,17.8,23
24/02/2016,18:00,89,3.8,15.1,1.2,31.2,26.4,26
24/02/2016,19:00,92,3.4,14.1,1.0,30.3,35.1,28
24/02/2016,20:00,95,3.0,14.5,1.0,30.1,20.3,27
24/02/2016,21:00,98,2.4,14.0,0.7,29.7,16.4,24
24/02/2016,22:00,101,1.6,16.0,0.6,29.5,28.5,25
24/02/2016,23:00,122,1.0,29.9,0.5,29.3,20.9,25
25/02/2016,00:00,176,0.8,23.5,0.4,28.6,19.8,
25/02/2016,01:00,198,1.1,20.3,0.5,27.5,10.8,23
25/02/2016,02:00,188,1.1,25.6,0.5,26.8,11.2,22
25/02/2016,03:00,168,1.1,20.2,0.5,26.1,17.3,22
25/02/2016,04:00,172,1.1,20.5,0.5,25.6,16.9,23
25/02/2016,05:00,162,1.2,18.2,0.4,25.4,16.0,23
25/02/2016,06:00,166,1.1,22.7,0.4,25.7,22.7,22
25/02/2016,07:00,159,1.4,24.4,0.7,29.1,18.7,24
25/02/2016,08:00,141,2.5,20.0,1.1,31.4,18.7,23
25/02/2016,09:00,119,3.1,20.0,1.0,32.7,11.0,18
25/02/2016,10:00,108,3.1,21.5,1.0,33.8,13.7,14
25/02/2016,11:00,96,3.7,19.9,1.1,34.3,16.5,15
25/02/2016,12:00,85,3.9,19.5,1.3,34.7,,11
25/02/2016,13:00,93,3.6,23.7,1.2,34.9,14.6,14
25/02/2016,14:00,90,4.0,17.0,1.3,34.7,14.6,13
25/02/2016,15:00,87,4.6,16.9,1.3,33.9,26.0,13
25/02/2016,16:00,81,4.2,18.8,1.3,33.2,21.9,14
25/02/2016,17:00,74,3.6,17.2,1.2,32.3,30.7,19
25/02/2016,18:00,73,2.6,15.7,1.0,31.1,30.2,21
25/02/2016,19:00,76,2.1,13.4,0.6,30.1,25.6,23
25/02/2016,20:00,72,1.6,14.6,0.5,29.6,16.6,24
25/02/2016,21:00,53,0.8,23.6,0.4,29.5,24.7,41
25/02/2016,22:00,60,0.6,24.3,0.2,29.2,28.5,43
25/02/2016,23:00,89,1.1,15.1,0.4,28.9,22.7,26
26/02/2016,00:00,75,1.7,12.4,0.4,29.0,15.2,
26/02/2016,01:00,88,0.7,29.7,0.5,28.5,15.4,22
26/02/2016,02:00,162,0.3,38.2,0.2,27.7,13.8,20
26/02/2016,03:00,193,0.8,18.2,0.3,27.1,12.9,19
26/02/2016,04:00,218,0.5,38.4,0.3,26.8,9.5,20
26/02/2016,05:00,226,0.7,22.9,0.3,26.1,11.2,19
26/02/2016,06:00,205,0.6,28.2,0.3,26.5,24.5,20
26/02/2016,07:00,202,0.8,28.7,0.4,29.8,26.7,21
26/02/2016,08:00,208,0.7,52.3,0.5,32.8,18.0,17
26/02/2016,09:00,138,1.2,40.8,0.6,33.9,11.1,16
26/02/2016,10:00,177,0.5,89.9,0.6,35.5,9.5,15
26/02/2016,11:00,207,0.4,85.2,0.7,37.0,,16
26/02/2016,12:00,104,0.8,69.9,0.8,37.4,,18
26/02/2016,13:00,36,1.5,163.1,1.2,37.8,39.2,19
26/02/2016,14:00,42,2.2,32.5,1.3,37.0,35.8,21
26/02/2016,15:00,20,1.5,38.8,1.0,36.8,17.4,15
26/02/2016,16:00,10,1.2,44.4,0.8,36.3,16.8,16
26/02/2016,17:00,15,1.3,40.8,0.9,35.0,21.4,17
26/02/2016,18:00,25,1.6,26.0,0.8,32.9,30.2,21
26/02/2016,19:00,23,1.2,24.2,0.6,31.5,28.7,21
26/02/2016,20:00,30,0.8,28.3,0.4,30.9,27.1,26
26/02/2016,21:00,40,0.5,33.6,0.3,30.0,39.9,35
26/02/2016,22:00,47,0.8,17.0,0.3,29.0,27.7,39
26/02/2016,23:00,17,0.7,26.6,0.3,29.1,14.1,44
27/02/2016,00:00,1,0.5,44.0,0.3,29.6,11.6,
27/02/2016,01:00,346,0.2,53.5,0.2,28.3,16.4,24
27/02/2016,02:00,326,0.5,35.1,0.3,28.0,17.0,21
27/02/2016,03:00,318,0.5,51.7,0.4,28.5,11.6,19
27/02/2016,04:00,296,1.0,29.3,0.5,27.7,12.9,18
27/02/2016,05:00,179,0.6,49.3,0.3,26.5,9.5,18
27/02/2016,06:00,161,0.8,31.0,0.4,26.3,24.6,18
27/02/2016,07:00,160,0.7,37.6,0.4,29.4,29.9,21
27/02/2016,08:00,142,0.7,56.9,0.5,32.6,14.1,21
27/02/2016,09:00,286,0.8,74.6,0.8,36.0,,19
27/02/2016,10:00,174,0.8,53.0,0.6,37.0,5.1,18
27/02/2016,11:00,124,0.9,64.1,0.7,37.8,19.3,20
27/02/2016,12:00,128,1.3,39.4,0.7,39.1,15.6,20
27/02/2016,13:00,22,1.2,168.2,1.1,39.6,14.5,17
27/02/2016,14:00,12,2.0,35.5,1.3,38.3,14.7,16
27/02/2016,15:00,11,2.0,35.8,1.2,37.5,13.5,15
27/02/2016,16:00,11,1.7,39.3,1.1,36.8,14.0,15
27/02/2016,17:00,13,1.6,36.0,1.0,35.4,20.4,16
27/02/2016,18:00,14,1.3,28.3,0.8,33.5,32.6,17
27/02/2016,19:00,24,1.1,26.1,0.7,32.2,28.2,21
27/02/2016,20:00,58,0.9,19.0,0.3,31.0,39.1,25
27/02/2016,21:00,62,1.0,16.2,0.3,30.1,36.7,29
27/02/2016,22:00,52,1.0,19.0,0.4,29.9,49.5,35
27/02/2016,23:00,51,1.0,23.6,0.4,30.2,40.5,31
28/02/2016,00:00,56,0.9,17.2,0.3,29.6,27.6,
28/02/2016,01:00,58,1.0,16.2,0.4,29.5,20.9,26
28/02/2016,02:00,46,1.0,20.5,0.4,29.4,10.6,31
28/02/2016,03:00,19,0.7,26.1,0.3,29.6,14.2,24
28/02/2016,04:00,30,0.5,37.5,0.3,29.2,16.6,27
28/02/2016,05:00,340,0.2,73.2,0.2,28.0,11.4,19
28/02/2016,06:00,6,0.2,61.5,0.2,28.7,32.0,20
28/02/2016,07:00,0,0.6,45.1,0.5,32.6,13.4,19
28/02/2016,08:00,19,0.7,156.3,0.6,34.0,8.8,20
28/02/2016,09:00,330,0.9,46.0,0.6,34.8,6.3,19
28/02/2016,10:00,53,0.8,66.1,0.7,36.5,6.7,18
28/02/2016,11:00,53,1.3,50.7,0.9,37.3,14.8,18
28/02/2016,12:00,12,0.9,156.2,0.8,37.0,13.8,17
28/02/2016,13:00,33,1.2,163.1,0.9,37.4,8.7,14
28/02/2016,14:00,47,2.0,36.6,1.1,36.7,20.5,16
28/02/2016,15:00,29,1.5,40.4,1.1,36.8,10.3,15
28/02/2016,16:00,11,1.8,32.8,1.0,36.0,18.5,15
28/02/2016,17:00,357,1.2,45.0,0.9,34.4,26.5,17
28/02/2016,18:00,13,1.4,35.3,0.9,32.8,25.2,21
28/02/2016,19:00,16,1.1,25.6,0.7,31.8,24.7,21
28/02/2016,20:00,28,0.8,27.0,0.5,31.4,22.4,24
28/02/2016,21:00,36,0.9,24.6,0.4,30.9,19.8,26
28/02/2016,22:00,29,0.9,24.7,0.5,30.8,19.9,23
28/02/2016,23:00,27,0.6,33.7,0.4,30.8,20.7,28
29/02/2016,00:00,49,1.0,23.6,0.4,30.2,21.9,
29/02/2016,01:00,63,1.2,26.0,0.4,29.7,22.0,29
29/02/2016,02:00,143,0.6,28.1,0.3,28.9,26.5,24
29/02/2016,03:00,74,0.3,59.9,0.2,28.7,18.9,36
29/02/2016,04:00,197,0.2,77.1,0.3,28.4,20.5,24
29/02/2016,05:00,254,0.9,20.6,0.4,28.3,16.9,21
29/02/2016,06:00,272,0.2,97.1,0.4,28.8,34.3,24
29/02/2016,07:00,321,0.2,137.2,0.3,32.0,19.9,70
29/02/2016,08:00,38,1.0,38.7,0.7,34.5,19.8,60
29/02/2016,09:00,14,1.0,173.3,0.7,35.9,,20
29/02/2016,10:00,23,1.0,173.7,0.8,37.2,3.6,19
29/02/2016,11:00,33,1.3,165.3,1.1,36.8,23.5,20
29/02/2016,12:00,41,2.5,30.2,1.3,36.5,30.6,21
29/02/2016,13:00,59,2.7,27.5,1.3,35.8,6.8,20
29/02/2016,14:00,57,2.7,25.5,1.2,35.9,21.2,22
29/02/2016,15:00,39,1.9,35.2,1.1,36.3,6.3,23
29/02/2016,16:00,52,2.5,25.7,1.1,36.0,16.7,23
29/02/2016,17:00,56,2.5,21.0,1.1,34.3,26.0,24
29/02/2016,18:00,55,2.0,20.7,0.9,32.7,31.6,23
29/02/2016,19:00,56,1.5,21.4,0.7,31.9,31.2,27
29/02/2016,20:00,54,1.4,19.3,0.6,31.3,17.2,28
29/02/2016,21:00,,,,,31.5,33.1,30
29/02/2016,22:00,66,1.8,19.9,0.8,31.4,31.3,38
29/02/2016,23:00,74,2.1,21.2,1.7,31.1,27.6,43
01/03/2016,00:00,87,2.4,15.4,0.9,30.8,12.7,
01/03/2016,01:00,79,1.9,16.4,0.8,30.5,10.0,33
01/03/2016,02:00,76,0.9,30.7,0.5,30.3,20.5,36
01/03/2016,03:00,239,0.5,78.6,0.7,29.8,26.3,36
01/03/2016,04:00,257,1.6,42.3,1.0,28.6,24.8,27
01/03/2016,05:00,256,2.4,19.1,1.2,27.2,,10
01/03/2016,06:00,240,1.2,31.1,0.6,26.6,,4
01/03/2016,07:00,187,0.8,33.9,0.4,27.3,1.3,4
01/03/2016,08:00,181,1.0,28.4,0.6,29.7,17.6,8
01/03/2016,09:00,188,1.3,38.7,0.7,33.0,22.1,20
01/03/2016,10:00,144,0.6,83.6,0.7,35.3,12.5,22
01/03/2016,11:00,79,1.4,43.1,0.8,36.5,,18
01/03/2016,12:00,270,1.5,42.8,1.0,37.0,26.5,23
01/03/2016,13:00,39,1.4,48.1,1.1,36.5,18.1,23
01/03/2016,14:00,47,2.2,30.5,1.1,36.5,33.2,21
01/03/2016,15:00,51,2.2,27.6,1.0,35.7,27.9,22
01/03/2016,16:00,36,1.9,29.9,1.0,35.4,14.9,21
01/03/2016,17:00,25,1.5,29.2,0.8,34.9,31.7,23
01/03/2016,18:00,16,1.0,32.7,0.7,33.1,32.8,25
01/03/2016,19:00,44,1.2,21.5,0.6,31.6,33.6,27
01/03/2016,20:00,53,1.1,19.8,0.4,30.9,24.9,24
01/03/2016,21:00,60,1.1,18.2,0.4,30.5,26.0,28
01/03/2016,22:00,46,1.1,23.2,0.5,30.6,24.2,28
01/03/2016,23:00,308,0.6,52.7,0.4,30.4,29.4,27
02/03/2016,00:00,280,1.2,32.0,0.5,30.0,30.0,
02/03/2016,01:00,267,1.0,32.3,0.4,29.3,26.7,30
02/03/2016,02:00,251,1.1,22.9,0.5,28.8,23.1,27
02/03/2016,03:00,231,1.1,40.1,0.6,28.7,20.9,24
02/03/2016,04:00,138,2.6,43.5,1.9,28.0,,18
02/03/2016,05:00,209,0.6,40.4,0.5,27.1,2.4,6
02/03/2016,06:00,261,0.4,47.8,0.3,27.5,20.2,6
02/03/2016,07:00,184,0.9,24.3,0.4,28.7,25.1,8
02/03/2016,08:00,183,1.6,27.9,0.8,31.3,,14
02/03/2016,09:00,146,2.6,19.8,1.0,32.6,,10
02/03/2016,10:00,140,3.4,18.7,1.5,33.9,2.3,17
02/03/2016,11:00,137,4.1,15.2,1.3,34.8,6.4,18
02/03/2016,12:00,140,3.7,17.2,1.5,35.4,5.6,16
02/03/2016,13:00,123,4.0,23.4,1.6,36.0,15.6,17
02/03/2016,14:00,120,6.0,15.4,2.0,35.5,,14
02/03/2016,15:00,132,5.8,17.6,2.0,35.1,,9
02/03/2016,16:00,114,4.8,18.6,1.6,33.7,13.9,11
02/03/2016,17:00,102,4.1,14.0,1.3,32.8,39.5,21
02/03/2016,18:00,108,2.8,14.7,1.0,31.6,26.7,24
02/03/2016,19:00,116,2.2,15.9,0.8,30.9,31.3,20
02/03/2016,20:00,128,3.0,16.1,1.1,30.9,15.6,18
02/03/2016,21:00,139,2.6,14.3,0.9,30.3,9.9,14
02/03/2016,22:00,144,1.8,16.5,0.6,29.7,6.6,13
02/03/2016,23:00,155,1.7,18.4,0.7,29.0,11.8,14
03/03/2016,00:00,156,1.9,19.2,0.9,28.9,10.0,
03/03/2016,01:00,154,2.3,19.5,1.2,28.6,11.3,15
03/03/2016,02:00,136,2.8,20.8,1.0,27.9,14.8,11
03/03/2016,03:00,147,1.6,22.4,0.8,27.7,10.0,10
03/03/2016,04:00,141,1.1,26.9,0.5,27.7,9.3,11
03/03/2016,05:00,148,2.4,17.1,0.9,27.6,4.3,7
03/03/2016,06:00,157,2.2,20.1,0.9,27.6,6.7,6
03/03/2016,07:00,150,2.6,19.7,1.1,28.1,11.8,8
03/03/2016,08:00,131,3.0,13.3,0.9,29.0,15.8,10
03/03/2016,09:00,131,2.9,16.2,1.4,30.6,25.4,14
03/03/2016,10:00,105,4.7,17.1,1.5,32.4,15.6,22
03/03/2016,11:00,103,5.3,14.4,1.8,32.9,9.9,28
03/03/2016,12:00,101,5.5,15.6,1.8,33.6,13.1,35
03/03/2016,13:00,98,5.4,14.8,1.7,33.2,7.9,30
03/03/2016,14:00,98,5.5,14.7,1.6,32.9,16.3,38
03/03/2016,15:00,101,5.2,15.0,1.6,32.1,19.8,39
03/03/2016,16:00,114,3.9,16.5,1.4,31.5,13.7,34
03/03/2016,17:00,109,3.4,16.9,1.4,30.9,10.1,27
03/03/2016,18:00,100,2.6,15.0,0.7,30.4,12.1,26
03/03/2016,19:00,106,2.5,16.4,0.8,30.2,17.3,28
03/03/2016,20:00,132,2.6,19.2,0.9,30.0,14.6,31
03/03/2016,21:00,148,0.8,86.9,0.9,29.1,14.8,25
03/03/2016,22:00,169,1.3,24.4,0.6,28.1,20.9,28
03/03/2016,23:00,185,1.1,23.1,0.6,27.9,14.9,28
04/03/2016,00:00,146,1.0,55.1,1.1,27.8,11.3,
04/03/2016,01:00,191,0.4,69.3,0.5,26.4,,12
04/03/2016,02:00,180,0.5,65.5,0.6,26.8,13.4,17
04/03/2016,03:00,134,2.5,18.6,1.1,26.8,10.1,15
04/03/2016,04:00,162,1.7,26.9,0.9,26.6,2.7,11
04/03/2016,05:00,137,2.6,23.2,1.0,26.8,9.2,17
04/03/2016,06:00,140,2.7,18.0,1.0,26.8,4.7,9
04/03/2016,07:00,123,3.1,24.9,1.4,26.8,4.8,12
04/03/2016,08:00,97,2.9,15.9,1.1,26.5,,18
04/03/2016,09:00,109,3.1,17.0,1.2,27.1,15.1,20
04/03/2016,10:00,117,2.4,16.8,0.7,27.7,21.0,18
04/03/2016,11:00,110,2.6,16.6,0.9,28.5,12.8,13
04/03/2016,12:00,122,3.1,16.2,1.2,29.1,11.8,15
04/03/2016,13:00,105,3.0,18.8,0.9,28.5,9.4,13
04/03/2016,14:00,106,3.4,15.0,1.1,28.7,,10
04/03/2016,15:00,130,3.4,14.4,1.0,28.9,11.8,13
04/03/2016,16:00,129,3.5,11.4,0.9,28.4,,11
04/03/2016,17:00,131,2.3,14.7,0.7,28.3,15.7,9
04/03/2016,18:00,131,2.4,14.3,0.8,28.0,,7
04/03/2016,19:00,150,1.7,18.1,0.8,27.6,2.6,5
04/03/2016,20:00,150,1.7,17.3,0.6,27.0,,2
04/03/2016,21:00,149,2.0,18.4,0.8,26.9,5.9,4
04/03/2016,22:00,156,1.4,21.2,0.6,26.9,2.4,5
04/03/2016,23:00,170,1.3,20.7,0.5,26.7,4.4,5
05/03/2016,00:00,162,1.9,21.0,0.8,26.7,6.9,
05/03/2016,01:00,137,3.4,19.7,1.6,26.3,,9
05/03/2016,02:00,158,2.4,18.2,1.0,26.0,,6
05/03/2016,03:00,164,2.0,20.1,0.9,26.4,7.6,9
05/03/2016,04:00,160,1.8,21.4,0.9,26.5,7.8,8
05/03/2016,05:00,175,1.6,24.3,0.7,26.5,9.5,8
05/03/2016,06:00,157,1.9,20.8,0.9,26.6,7.6,7
05/03/2016,07:00,16,0.3,191.7,0.5,26.2,1.1,5
05/03/2016,08:00,112,2.2,23.5,0.8,26.4,9.3,9
05/03/2016,09:00,136,1.2,19.3,0.5,26.7,9.6,12
05/03/2016,10:00,137,2.0,15.5,0.7,27.5,15.1,8
05/03/2016,11:00,135,3.5,14.2,1.3,28.2,,4
05/03/2016,12:00,136,3.2,14.9,1.0,28.0,2.0,5
05/03/2016,13:00,140,3.0,17.0,1.1,29.2,5.2,4
05/03/2016,14:00,133,3.0,14.0,0.8,29.7,,4
05/03/2016,15:00,123,2.3,20.6,0.7,30.1,,5
05/03/2016,16:00,118,2.8,18.6,1.0,29.8,6.9,5
05/03/2016,17:00,120,2.9,15.6,0.9,29.4,12.1,6
05/03/2016,18:00,120,2.4,15.9,0.7,28.6,12.5,9
05/03/2016,19:00,123,2.1,13.3,0.6,28.2,19.3,8
05/03/2016,20:00,132,2.5,12.6,0.9,28.1,10.6,7
05/03/2016,21:00,131,3.7,10.8,0.9,28.2,1.8,6
05/03/2016,22:00,134,2.8,14.2,0.9,27.7,,4
05/03/2016,23:00,150,2.1,18.3,0.9,27.2,3.8,3
06/03/2016,00:00,148,2.4,19.9,1.0,26.8,1.8,
06/03/2016,01:00,108,1.0,64.8,0.8,26.6,9.8,4
06/03/2016,02:00,118,2.4,27.5,1.3,26.0,,5
06/03/2016,03:00,135,2.0,20.5,0.9,26.0,4.5,5
06/03/2016,04:00,173,1.4,22.6,0.7,26.2,6.4,5
06/03/2016,05:00,136,3.0,17.0,1.1,26.2,2.7,5
06/03/2016,06:00,152,1.6,35.7,1.0,26.2,9.0,5
06/03/2016,07:00,206,1.7,19.2,0.7,26.3,8.7,5
06/03/2016,08:00,183,2.1,24.1,1.0,26.5,9.2,6
06/03/2016,09:00,156,1.2,44.0,0.8,26.8,8.5,6
06/03/2016,10:00,168,1.2,35.5,0.7,27.3,14.5,4
06/03/2016,11:00,127,1.8,20.7,0.7,27.5,5.8,3
06/03/2016,12:00,176,0.7,53.5,0.5,28.0,10.7,2
06/03/2016,13:00,154,1.3,42.5,0.9,30.7,6.7,1
06/03/2016,14:00,131,2.2,23.2,0.9,30.6,,1
06/03/2016,15:00,127,2.1,17.3,0.7,31.0,,1
06/03/2016,16:00,128,2.1,16.7,0.6,31.2,,1
06/03/2016,17:00,129,2.3,10.5,0.7,30.4,7.7,2
06/03/2016,18:00,120,1.6,14.6,0.6,29.2,9.1,3
06/03/2016,19:00,107,0.9,17.3,0.4,28.3,31.1,10
06/03/2016,20:00,139,0.7,20.5,0.4,28.0,46.9,15
06/03/2016,21:00,131,1.7,15.0,0.6,28.0,25.6,8
06/03/2016,22:00,146,1.4,17.3,0.6,27.6,5.7,3
06/03/2016,23:00,144,1.1,17.8,0.4,27.2,,2
07/03/2016,00:00,157,1.0,19.7,0.4,26.9,7.4,
07/03/2016,01:00,152,1.3,18.5,0.5,26.7,,2
07/03/2016,02:00,151,1.4,20.2,0.5,26.7,5.6,2
07/03/2016,03:00,153,1.2,18.5,0.5,26.5,5.6,2
07/03/2016,04:00,157,1.2,19.0,0.5,26.5,12.5,2
07/03/2016,05:00,152,1.5,16.7,0.6,26.6,8.1,2
07/03/2016,06:00,160,1.1,20.9,0.5,26.6,15.4,3
07/03/2016,07:00,151,1.9,19.9,1.0,28.5,15.3,5
07/03/2016,08:00,138,2.6,18.3,1.1,30.3,,7
07/03/2016,09:00,131,3.0,15.9,1.0,31.4,8.5,11
07/03/2016,10:00,129,3.5,21.3,1.2,32.3,22.3,15
07/03/2016,11:00,125,3.4,18.9,1.1,32.7,9.8,14
07/03/2016,12:00,111,2.7,22.4,0.9,31.3,29.7,12
07/03/2016,13:00,127,3.6,16.1,1.3,33.1,8.2,11
07/03/2016,14:00,117,3.7,17.8,1.2,33.4,12.0,8
07/03/2016,15:00,111,4.1,18.6,1.2,32.6,13.3,6
07/03/2016,16:00,95,4.1,17.5,1.4,31.0,22.3,7
07/03/2016,17:00,97,3.2,16.9,1.1,30.8,,7
07/03/2016,18:00,95,2.5,13.8,0.7,30.1,12.3,7
07/03/2016,19:00,101,1.7,14.7,0.5,29.5,31.1,12
07/03/2016,20:00,109,1.1,16.2,0.4,29.0,88.1,28
07/03/2016,21:00,120,1.4,20.3,0.4,28.9,79.2,26
07/03/2016,22:00,144,1.6,13.8,0.6,28.6,64.6,24
07/03/2016,23:00,133,2.6,14.4,1.0,28.7,10.8,15
08/03/2016,00:00,150,1.7,18.6,0.7,28.1,15.9,
08/03/2016,01:00,143,1.7,15.3,0.7,27.9,16.1,15
08/03/2016,02:00,154,1.7,19.0,0.8,27.6,9.2,13
08/03/2016,03:00,155,1.9,18.6,0.8,27.3,6.5,12
08/03/2016,04:00,151,1.5,19.6,0.6,27.1,3.8,9
08/03/2016,05:00,155,1.6,17.9,0.7,26.9,5.7,5
08/03/2016,06:00,164,1.1,22.6,0.5,27.0,13.9,3
08/03/2016,07:00,160,1.5,23.2,0.8,28.6,12.1,3
08/03/2016,08:00,148,2.5,19.1,1.1,29.0,10.5,2
08/03/2016,09:00,129,3.2,19.8,1.1,29.2,29.4,3
08/03/2016,10:00,,,,,,,
08/03/2016,11:00,,,,,,,
08/03/2016,12:00,,,,,,,
08/03/2016,13:00,,,,,,,
08/03/2016,14:00,,,,,,,
08/03/2016,15:00,,,,,,,
08/03/2016,16:00,,,,,,,
08/03/2016,17:00,,,,,,,
08/03/2016,18:00,,,,,,,
08/03/2016,19:00,,,,,,,
08/03/2016,20:00,,,,,,,
08/03/2016,21:00,,,,,,,
08/03/2016,22:00,,,,,,,
08/03/2016,23:00,,,,,,,
