Date,Time,Wind Direction (degTN),Wind Speed (m/s),Wind Sigma Theta (deg),Wind Speed Std Dev (m/s),Air Temperature (degC),Ozone (ppm),Nitrogen Oxide (ppm),Nitrogen Dioxide (ppm),Nitrogen Oxides (ppm),Sulfur Dioxide (ppm),PM10 (ug/m^3)
01/01/2016,00:00,44,1.1,19.4,0.5,26.3,,,,,,12.4
01/01/2016,01:00,53,1.0,20.6,0.5,26.0,0.013,0.001,0.004,0.005,0.000,20.6
01/01/2016,02:00,53,1.5,20.7,0.7,25.9,0.016,0.000,0.003,0.003,0.000,15.5
01/01/2016,03:00,39,1.3,17.0,0.5,26.0,0.017,0.000,0.001,0.001,0.000,17.4
01/01/2016,04:00,37,1.4,17.4,0.5,26.0,0.017,0.000,0.001,0.001,0.000,22.7
01/01/2016,05:00,26,1.3,14.0,0.5,26.0,0.017,0.000,0.002,0.002,0.000,24.7
01/01/2016,06:00,25,1.5,15.9,0.6,26.4,0.017,0.000,0.001,0.001,0.000,22.7
01/01/2016,07:00,21,2.4,17.3,0.7,27.8,0.018,0.000,0.000,0.000,0.000,21.0
01/01/2016,08:00,30,2.4,22.5,0.7,28.6,0.019,0.000,0.001,0.001,0.000,21.2
01/01/2016,09:00,36,2.4,21.9,0.8,29.1,0.019,0.000,0.000,0.000,0.000,15.3
01/01/2016,10:00,49,2.6,20.2,1.0,29.7,0.020,0.000,0.001,0.001,0.000,12.0
01/01/2016,11:00,48,3.1,21.8,1.0,30.1,0.020,0.000,0.001,0.001,0.000,23.5
01/01/2016,12:00,49,3.1,21.5,1.2,30.5,0.019,0.000,0.001,0.001,0.000,25.4
01/01/2016,13:00,48,3.2,20.9,1.0,30.4,0.018,0.000,0.001,0.001,0.000,19.0
01/01/2016,14:00,53,3.1,19.9,1.1,30.1,0.018,0.000,0.001,0.001,0.000,16.7
01/01/2016,15:00,48,3.4,20.3,1.2,29.5,0.017,0.000,0.001,0.001,0.000,23.0
01/01/2016,16:00,50,3.3,18.5,1.2,29.7,0.017,0.000,0.001,0.001,0.000,15.1
01/01/2016,17:00,45,3.2,18.9,1.1,28.7,0.019,0.000,0.000,0.000,0.000,16.4
01/01/2016,18:00,41,2.6,21.2,1.0,27.8,0.018,0.000,0.001,0.001,0.000,24.5
01/01/2016,19:00,20,2.1,17.6,0.7,27.5,0.017,0.000,0.002,0.002,0.000,20.3
01/01/2016,20:00,30,1.7,16.4,0.6,27.2,0.019,0.000,0.002,0.002,0.000,21.6
01/01/2016,21:00,23,1.9,15.5,0.6,27.1,0.019,0.000,0.001,0.001,0.000,29.2
01/01/2016,22:00,32,1.7,15.9,0.5,26.9,0.020,0.000,0.001,0.001,0.000,20.9
01/01/2016,23:00,30,1.7,15.5,0.5,26.9,0.020,0.000,0.001,0.001,0.000,23.0
02/01/2016,00:00,20,2.2,15.9,0.6,26.9,,,,,,19.1
02/01/2016,01:00,31,1.8,14.8,0.6,26.6,0.019,0.001,0.001,0.001,0.000,23.2
02/01/2016,02:00,24,1.8,13.7,0.6,26.5,0.019,0.000,0.000,0.000,0.000,11.8
02/01/2016,03:00,23,1.3,18.6,0.5,26.4,0.020,0.000,0.002,0.001,0.000,20.0
02/01/2016,04:00,27,1.1,18.8,0.5,26.5,0.021,0.000,0.001,0.001,0.000,22.0
02/01/2016,05:00,35,1.4,20.8,0.5,26.8,0.022,0.000,0.001,0.001,0.000,18.3
02/01/2016,06:00,40,2.1,15.3,0.8,27.1,0.023,0.000,0.001,0.001,0.000,23.9
02/01/2016,07:00,27,3.0,18.5,0.9,28.0,0.023,0.000,0.001,0.001,0.000,27.0
02/01/2016,08:00,45,3.2,20.3,1.1,29.1,0.022,0.000,0.000,0.000,0.000,25.4
02/01/2016,09:00,47,3.5,19.2,1.2,29.0,0.023,0.000,0.001,0.001,0.000,21.2
02/01/2016,10:00,53,3.6,17.7,1.2,29.6,0.022,0.000,0.001,0.001,0.000,24.6
02/01/2016,11:00,45,3.7,19.9,1.3,29.2,0.023,0.000,0.001,0.001,0.000,15.8
02/01/2016,12:00,45,3.6,19.4,1.1,28.8,0.021,0.000,0.001,0.001,0.000,17.6
02/01/2016,13:00,50,3.7,21.1,1.4,29.5,0.019,0.000,0.001,0.001,0.000,23.0
02/01/2016,14:00,45,3.9,17.9,1.3,29.3,0.017,0.000,0.001,0.001,0.000,21.8
02/01/2016,15:00,49,3.6,20.1,1.3,28.8,0.016,0.000,0.001,0.001,0.000,20.8
02/01/2016,16:00,50,3.6,18.3,1.4,28.4,0.015,0.000,0.001,0.001,0.000,21.2
02/01/2016,17:00,53,3.0,18.7,1.2,27.8,0.013,0.000,0.001,0.001,0.000,30.5
02/01/2016,18:00,53,3.0,19.3,1.2,27.3,0.013,0.000,0.002,0.002,0.000,27.4
02/01/2016,19:00,50,2.7,20.0,1.1,27.3,0.012,0.000,0.001,0.001,0.000,23.3
02/01/2016,20:00,52,2.7,20.0,1.2,27.0,0.011,0.000,0.001,0.001,0.000,24.9
02/01/2016,21:00,44,3.7,17.0,1.3,27.4,0.011,0.000,0.001,0.001,0.000,22.9
02/01/2016,22:00,36,3.4,17.4,1.3,27.6,0.012,0.000,0.000,0.000,0.000,18.1
02/01/2016,23:00,18,1.7,173.3,1.1,26.8,0.011,0.000,0.000,0.000,0.000,23.2
03/01/2016,00:00,9,2.2,179.1,0.7,27.2,,,,,,19.1
03/01/2016,01:00,6,2.6,15.9,1.1,27.1,0.017,0.000,0.001,0.001,0.000,6.5
03/01/2016,02:00,6,2.6,178.2,1.3,26.1,0.019,0.000,0.000,0.000,0.000,
03/01/2016,03:00,310,0.5,69.8,0.5,26.0,0.016,0.000,0.000,0.000,0.000,25.0
03/01/2016,04:00,244,0.4,43.7,0.2,25.7,0.013,0.000,0.001,0.001,0.000,
03/01/2016,05:00,134,0.2,65.4,0.2,25.3,0.007,0.000,0.004,0.004,0.000,9.9
03/01/2016,06:00,176,0.3,66.3,0.3,25.6,0.006,0.001,0.005,0.006,0.000,34.6
03/01/2016,07:00,358,1.2,29.9,0.6,27.8,0.014,0.000,0.002,0.002,0.000,
03/01/2016,08:00,336,2.1,21.3,0.9,29.6,0.018,0.000,0.001,0.000,0.000,
03/01/2016,09:00,338,3.1,22.8,1.1,30.8,0.023,0.000,0.000,0.000,0.000,
03/01/2016,10:00,339,3.1,25.5,1.3,31.6,0.025,0.000,0.000,0.000,0.000,
03/01/2016,11:00,345,3.4,26.3,1.3,31.9,0.028,0.000,0.000,0.000,0.000,
03/01/2016,12:00,351,3.5,27.0,1.3,32.1,0.029,0.000,0.000,0.000,0.000,
03/01/2016,13:00,3,4.2,174.0,1.2,31.6,0.028,0.000,0.001,0.001,0.000,
03/01/2016,14:00,5,4.6,18.1,1.2,32.1,0.026,0.000,0.001,0.001,0.000,
03/01/2016,15:00,10,4.7,176.7,1.2,31.9,0.025,0.000,0.000,0.000,0.000,33.3
03/01/2016,16:00,5,4.9,15.7,1.3,31.0,0.023,0.000,0.000,0.000,0.000,47.4
03/01/2016,17:00,8,4.7,180.0,1.3,29.7,0.021,0.000,0.001,0.001,0.000,23.2
03/01/2016,18:00,2,3.4,18.7,1.3,29.0,0.022,0.000,0.001,0.001,0.000,16.6
03/01/2016,19:00,355,2.2,21.5,0.8,28.9,0.020,0.000,0.001,0.000,0.000,29.4
03/01/2016,20:00,341,2.2,22.5,0.9,29.0,0.018,0.000,0.001,0.001,0.000,29.8
03/01/2016,21:00,339,1.9,21.0,0.8,28.9,0.017,0.000,0.001,0.000,0.000,39.6
03/01/2016,22:00,307,1.3,34.7,0.7,28.6,0.017,0.000,0.001,0.001,0.000,22.0
03/01/2016,23:00,344,0.3,167.8,0.3,28.4,0.015,0.000,0.003,0.002,0.000,22.2
04/01/2016,00:00,259,0.7,20.1,0.6,28.1,,,,,,26.9
04/01/2016,01:00,221,0.9,29.1,0.7,26.1,0.015,0.000,0.001,0.001,0.000,
04/01/2016,02:00,294,1.0,35.6,0.6,25.6,0.017,0.000,0.001,0.000,0.000,
04/01/2016,03:00,218,0.6,37.8,0.4,25.1,0.016,0.000,0.000,0.000,0.000,
04/01/2016,04:00,244,0.9,27.6,0.5,25.3,0.019,0.000,0.001,0.000,0.000,
04/01/2016,05:00,246,0.7,26.4,0.4,25.4,0.020,0.000,0.001,0.001,0.000,
04/01/2016,06:00,228,0.2,90.4,0.3,25.6,0.016,0.000,0.004,0.004,0.000,
04/01/2016,07:00,241,0.4,63.5,0.5,27.4,0.021,0.001,0.003,0.004,0.000,
04/01/2016,08:00,245,0.9,36.8,0.6,29.5,0.026,0.000,0.002,0.002,0.000,
04/01/2016,09:00,236,1.1,35.8,0.7,31.1,0.027,0.000,0.002,0.002,0.000,
04/01/2016,10:00,248,1.0,54.1,0.8,33.0,0.030,0.000,0.001,0.001,0.000,
04/01/2016,11:00,330,1.3,60.8,1.0,33.2,0.031,0.000,0.001,0.001,0.000,
04/01/2016,12:00,20,2.4,28.0,1.0,32.3,0.038,0.000,0.002,0.002,0.000,
04/01/2016,13:00,34,2.9,18.8,1.0,32.3,0.032,0.000,0.002,0.002,0.000,
04/01/2016,14:00,34,2.9,20.7,0.9,32.7,0.032,0.000,0.001,0.001,0.000,
04/01/2016,15:00,11,3.1,177.5,0.8,33.1,0.031,0.000,0.002,0.002,0.000,16.6
04/01/2016,16:00,358,3.0,23.1,0.9,32.5,0.033,0.000,0.001,0.001,0.000,13.3
04/01/2016,17:00,347,2.5,19.4,0.8,31.3,0.032,0.000,0.001,0.001,0.000,
04/01/2016,18:00,348,2.5,17.8,0.8,30.0,0.030,0.000,0.000,0.000,0.000,31.5
04/01/2016,19:00,349,2.2,17.0,0.7,29.0,0.028,0.000,0.001,0.001,0.000,28.6
04/01/2016,20:00,356,1.1,23.9,0.7,28.7,0.025,0.000,0.001,0.001,0.000,23.4
04/01/2016,21:00,323,0.5,44.5,0.4,28.9,0.022,0.000,0.002,0.001,0.000,18.0
04/01/2016,22:00,291,0.7,34.6,0.5,29.0,0.021,0.000,0.000,0.000,0.000,
04/01/2016,23:00,264,0.6,34.7,0.4,28.4,0.019,0.000,0.001,0.001,0.000,7.0
05/01/2016,00:00,254,0.6,37.9,0.3,28.1,,,,,,11.8
05/01/2016,01:00,264,0.2,67.7,0.3,27.5,0.016,0.000,0.003,0.003,0.000,6.7
05/01/2016,02:00,228,0.3,22.7,0.2,27.1,0.014,0.000,0.003,0.003,0.000,8.9
05/01/2016,03:00,,0.0,100.9,0.2,26.5,0.012,0.000,0.004,0.003,0.000,6.1
05/01/2016,04:00,351,0.3,40.0,0.3,26.2,0.009,0.000,0.005,0.005,0.000,11.4
05/01/2016,05:00,264,0.2,70.9,0.2,26.3,0.010,0.000,0.005,0.005,0.000,
05/01/2016,06:00,247,0.6,29.0,0.4,27.1,0.015,0.001,0.006,0.007,0.000,
05/01/2016,07:00,239,1.2,27.8,0.7,29.9,0.022,0.001,0.005,0.006,0.000,
05/01/2016,08:00,219,1.4,28.9,0.8,32.1,0.028,0.000,0.003,0.003,0.000,
05/01/2016,09:00,214,1.4,39.1,1.0,33.7,0.032,0.000,0.002,0.002,0.000,
05/01/2016,10:00,231,1.3,38.3,0.9,35.3,0.035,0.000,0.003,0.003,0.000,
05/01/2016,11:00,220,1.5,35.1,0.9,36.5,0.037,0.000,0.002,0.002,0.000,
05/01/2016,12:00,220,1.7,38.1,1.0,37.5,0.039,0.000,0.002,0.002,0.000,
05/01/2016,13:00,216,1.5,44.2,1.2,38.4,0.039,0.001,0.002,0.003,0.000,
05/01/2016,14:00,223,1.8,38.7,1.1,38.8,0.039,0.000,0.002,0.002,0.000,
05/01/2016,15:00,215,2.0,33.3,1.2,39.0,0.041,0.000,0.002,0.002,0.000,
05/01/2016,16:00,204,1.7,35.4,1.0,39.0,0.043,0.000,0.003,0.003,0.000,6.8
05/01/2016,17:00,208,1.6,35.0,0.9,37.4,0.044,0.000,0.003,0.003,0.000,11.5
05/01/2016,18:00,219,0.8,41.3,0.7,35.6,0.041,0.000,0.004,0.004,0.000,15.7
05/01/2016,19:00,257,0.3,35.9,0.2,32.9,0.037,0.000,0.007,0.007,0.000,3.9
05/01/2016,20:00,267,0.2,58.2,0.3,31.0,0.020,0.000,0.020,0.019,0.000,27.8
05/01/2016,21:00,326,0.9,39.5,0.8,30.0,0.020,0.001,0.019,0.020,0.000,135.4
05/01/2016,22:00,246,0.4,42.3,0.3,29.1,0.028,0.000,0.005,0.005,0.000,25.1
05/01/2016,23:00,263,0.4,39.1,0.3,28.4,0.026,0.000,0.005,0.005,0.000,30.0
06/01/2016,00:00,227,0.4,34.8,0.3,27.8,,,,,,13.6
06/01/2016,01:00,242,0.2,81.6,0.2,26.8,0.015,0.000,0.009,0.009,0.000,9.9
06/01/2016,02:00,271,0.3,88.6,0.4,26.3,0.017,0.000,0.006,0.006,0.000,
06/01/2016,03:00,267,0.2,60.8,0.2,25.1,0.013,0.000,0.007,0.007,0.000,5.3
06/01/2016,04:00,210,0.1,73.0,0.2,24.4,0.008,0.000,0.009,0.009,0.000,8.6
06/01/2016,05:00,219,0.3,54.7,0.4,23.9,0.006,0.000,0.010,0.010,0.000,8.1
06/01/2016,06:00,260,0.2,104.0,0.4,25.0,0.010,0.003,0.012,0.015,0.000,9.0
06/01/2016,07:00,287,0.5,60.4,0.4,29.1,0.017,0.005,0.013,0.018,0.000,
06/01/2016,08:00,273,1.2,30.1,0.7,33.6,0.029,0.002,0.009,0.011,0.000,
06/01/2016,09:00,303,1.0,41.6,0.6,36.2,0.041,0.000,0.004,0.004,0.000,
06/01/2016,10:00,310,0.8,64.4,0.7,37.7,0.048,0.000,0.003,0.003,0.000,
06/01/2016,11:00,244,0.9,65.1,0.8,39.6,0.040,0.000,0.002,0.002,0.000,
06/01/2016,12:00,23,2.6,45.9,1.5,37.8,0.048,0.000,0.003,0.003,0.001,
06/01/2016,13:00,30,3.7,15.0,0.9,37.1,0.046,0.000,0.003,0.003,0.001,
06/01/2016,14:00,17,3.5,20.3,1.0,37.7,0.039,0.000,0.003,0.003,0.000,
06/01/2016,15:00,55,2.4,25.7,0.9,37.4,0.044,0.000,0.004,0.004,0.001,
06/01/2016,16:00,61,1.9,25.7,0.9,36.7,0.042,0.000,0.005,0.005,0.000,
06/01/2016,17:00,51,1.1,44.8,0.7,35.2,0.039,0.001,0.006,0.006,0.000,
06/01/2016,18:00,329,1.1,32.3,0.6,33.4,0.038,0.000,0.002,0.002,0.000,
06/01/2016,19:00,274,0.3,74.5,0.3,31.0,0.030,0.000,0.008,0.008,0.000,55.8
06/01/2016,20:00,259,0.1,72.1,0.2,29.7,0.025,0.000,0.011,0.011,0.000,39.8
06/01/2016,21:00,354,0.1,171.3,0.1,27.9,0.010,0.000,0.022,0.022,0.000,31.3
06/01/2016,22:00,202,0.4,20.4,0.3,27.8,0.008,0.001,0.021,0.021,0.000,34.2
06/01/2016,23:00,208,0.5,16.7,0.3,27.4,0.009,0.000,0.017,0.017,0.000,15.8
07/01/2016,00:00,175,0.2,63.0,0.2,26.8,,,,,,12.1
07/01/2016,01:00,197,0.2,45.3,0.2,26.1,0.018,0.000,0.008,0.008,0.000,16.0
07/01/2016,02:00,124,0.1,105.7,0.2,25.7,0.016,0.000,0.008,0.008,0.000,11.5
07/01/2016,03:00,209,0.2,73.7,0.3,24.9,0.015,0.000,0.007,0.007,0.000,12.4
07/01/2016,04:00,232,0.1,88.4,0.2,24.3,0.008,0.000,0.012,0.012,0.000,16.7
07/01/2016,05:00,240,0.2,42.5,0.2,23.9,0.007,0.000,0.012,0.012,0.000,18.3
07/01/2016,06:00,228,0.5,70.8,0.4,24.6,0.007,0.004,0.015,0.019,0.000,26.9
07/01/2016,07:00,247,0.5,32.0,0.3,28.5,0.015,0.004,0.012,0.016,0.000,18.2
07/01/2016,08:00,58,0.3,82.9,0.4,33.3,0.031,0.002,0.009,0.011,0.001,5.8
07/01/2016,09:00,79,0.3,87.1,0.4,35.9,0.045,0.000,0.006,0.006,0.002,
07/01/2016,10:00,58,1.8,33.9,1.0,35.7,0.042,0.002,0.007,0.009,0.005,95.7
07/01/2016,11:00,52,2.5,22.5,1.0,34.4,0.038,0.001,0.006,0.007,0.002,93.9
07/01/2016,12:00,61,2.7,22.6,1.1,35.1,0.036,0.001,0.006,0.007,0.002,42.9
07/01/2016,13:00,49,3.2,21.3,1.3,34.9,0.036,0.001,0.004,0.005,0.002,
07/01/2016,14:00,39,3.0,19.2,1.1,35.2,0.034,0.001,0.003,0.004,0.000,
07/01/2016,15:00,43,3.0,20.1,1.1,35.2,0.033,0.001,0.003,0.004,0.001,
07/01/2016,16:00,50,2.6,22.0,1.0,34.5,0.029,0.001,0.003,0.004,0.001,55.7
07/01/2016,17:00,75,1.5,28.0,0.8,32.8,0.023,0.001,0.005,0.006,0.001,41.4
07/01/2016,18:00,80,1.1,29.3,0.6,31.0,0.018,0.000,0.003,0.003,0.000,85.0
07/01/2016,19:00,314,0.6,56.1,0.6,29.9,0.015,0.000,0.003,0.003,0.000,33.9
07/01/2016,20:00,322,0.8,35.4,0.6,29.4,0.017,0.000,0.002,0.001,0.000,23.7
07/01/2016,21:00,64,0.3,136.2,0.4,28.9,0.016,0.000,0.002,0.002,0.000,19.5
07/01/2016,22:00,358,0.3,145.4,0.5,29.0,0.016,0.000,0.003,0.002,0.000,23.7
07/01/2016,23:00,44,0.5,44.2,0.4,28.9,0.017,0.000,0.001,0.001,0.000,15.3
08/01/2016,00:00,65,0.5,25.2,0.3,28.3,,,,,,20.5
08/01/2016,01:00,44,0.7,16.7,0.4,28.1,0.020,0.000,0.002,0.002,0.000,13.0
08/01/2016,02:00,29,1.0,18.4,0.3,28.2,0.022,0.000,0.001,0.001,0.000,13.8
08/01/2016,03:00,1,0.4,172.8,0.4,27.8,0.020,0.000,0.001,0.001,0.000,13.7
08/01/2016,04:00,22,0.2,85.6,0.2,27.4,0.017,0.000,0.003,0.003,0.000,18.4
08/01/2016,05:00,179,0.2,43.3,0.2,26.8,0.010,0.000,0.006,0.006,0.000,18.4
08/01/2016,06:00,98,0.7,31.1,0.4,27.2,0.010,0.002,0.009,0.011,0.000,37.3
08/01/2016,07:00,80,0.9,41.9,0.7,29.7,0.018,0.001,0.004,0.005,0.000,
08/01/2016,08:00,51,1.7,25.7,0.7,30.8,0.025,0.001,0.003,0.003,0.000,17.5
08/01/2016,09:00,49,2.2,27.0,0.9,31.9,0.026,0.000,0.002,0.002,0.000,21.9
08/01/2016,10:00,39,2.8,21.8,1.0,32.3,0.026,0.000,0.002,0.002,0.000,21.1
08/01/2016,11:00,49,2.5,27.2,1.1,33.2,0.025,0.000,0.002,0.002,0.000,24.0
08/01/2016,12:00,34,3.5,19.4,1.1,32.9,0.025,0.000,0.002,0.002,0.000,16.6
08/01/2016,13:00,40,3.6,19.5,1.1,32.8,0.024,0.000,0.002,0.002,0.000,25.7
08/01/2016,14:00,42,3.9,21.4,1.4,32.6,0.023,0.000,0.002,0.002,0.000,35.4
08/01/2016,15:00,40,4.0,19.1,1.2,32.1,0.022,0.001,0.001,0.002,0.000,27.0
08/01/2016,16:00,39,3.7,17.7,1.2,31.6,0.021,0.000,0.002,0.002,0.000,27.7
08/01/2016,17:00,44,3.2,18.7,1.1,30.7,0.019,0.000,0.002,0.002,0.000,18.4
08/01/2016,18:00,46,2.5,23.2,1.0,30.0,0.018,0.000,0.002,0.002,0.000,24.7
08/01/2016,19:00,51,2.1,20.8,0.9,29.5,0.015,0.000,0.003,0.003,0.000,22.5
08/01/2016,20:00,44,2.6,20.6,1.0,,0.017,0.000,0.002,0.002,0.000,
08/01/2016,21:00,32,2.3,17.2,0.8,,0.017,0.000,0.001,0.001,0.000,
08/01/2016,22:00,35,2.7,19.0,1.0,,0.017,0.000,0.000,0.000,0.000,
08/01/2016,23:00,38,2.8,15.8,1.0,,0.018,0.000,0.001,0.000,0.000,
09/01/2016,00:00,43,2.3,17.8,0.8,,,,,,,
09/01/2016,01:00,48,2.3,17.9,0.9,,0.017,0.000,0.001,0.001,0.000,
09/01/2016,02:00,49,2.0,20.5,0.9,,0.017,0.000,0.001,0.001,0.000,
09/01/2016,03:00,50,2.0,18.9,0.9,,0.017,0.000,0.001,0.001,0.000,
09/01/2016,04:00,42,2.0,17.4,0.8,,0.018,0.000,0.000,0.000,0.000,
09/01/2016,05:00,49,1.6,17.9,0.7,,0.017,0.000,0.001,0.001,0.000,
09/01/2016,06:00,54,1.9,19.7,0.8,,0.017,0.000,0.002,0.002,0.000,
09/01/2016,07:00,48,2.4,22.4,1.0,,0.019,0.000,0.001,0.001,0.000,
09/01/2016,08:00,42,3.1,19.0,1.1,,0.020,0.000,0.001,0.001,0.000,
09/01/2016,09:00,43,2.8,21.8,0.9,,0.021,0.000,0.001,0.001,0.000,
09/01/2016,10:00,36,3.1,22.2,1.0,,0.022,0.000,0.001,0.001,0.000,
09/01/2016,11:00,46,3.1,22.3,1.1,,0.022,0.001,0.002,0.002,0.000,
09/01/2016,12:00,42,3.6,19.1,1.1,,0.020,0.000,0.001,0.001,0.000,
09/01/2016,13:00,49,3.6,21.0,1.2,,0.019,0.000,0.001,0.001,0.000,
09/01/2016,14:00,52,3.8,21.3,1.3,,0.019,0.000,0.001,0.001,0.000,
09/01/2016,15:00,42,3.5,21.7,1.3,,0.018,0.000,0.001,0.001,0.000,
09/01/2016,16:00,46,3.1,20.3,1.1,,0.018,0.000,0.001,0.001,0.000,
09/01/2016,17:00,53,2.7,22.7,1.2,,0.018,0.000,0.002,0.002,0.000,
09/01/2016,18:00,51,2.7,22.8,1.1,,0.018,0.000,0.001,0.001,0.000,
09/01/2016,19:00,47,2.4,21.8,1.0,,0.017,0.000,0.002,0.002,0.000,
09/01/2016,20:00,47,2.5,21.1,1.0,,0.017,0.000,0.002,0.002,0.000,
09/01/2016,21:00,44,2.2,24.8,1.1,,0.017,0.000,0.002,0.002,0.000,
09/01/2016,22:00,38,2.1,17.7,0.7,,0.019,0.000,0.002,0.002,0.000,
09/01/2016,23:00,29,2.6,18.6,0.8,,0.021,0.000,0.002,0.002,0.000,
10/01/2016,00:00,70,1.4,48.0,1.1,,,,,,,
10/01/2016,01:00,149,0.7,61.3,0.8,,0.025,0.000,0.001,0.001,0.000,
10/01/2016,02:00,203,0.5,70.6,0.5,,0.021,0.000,0.002,0.001,0.000,
10/01/2016,03:00,261,0.3,77.5,0.4,,0.015,0.000,0.002,0.002,0.000,
10/01/2016,04:00,109,0.4,60.2,0.4,,0.012,0.000,0.003,0.003,0.000,
10/01/2016,05:00,106,0.5,50.9,0.4,,0.015,0.000,0.003,0.003,0.000,
10/01/2016,06:00,90,0.5,47.8,0.4,,0.016,0.000,0.003,0.003,0.000,
10/01/2016,07:00,57,1.6,31.3,1.0,,0.023,0.000,0.002,0.002,0.000,
10/01/2016,08:00,54,1.0,29.7,0.5,,0.022,0.000,0.001,0.001,0.000,
10/01/2016,09:00,42,2.0,24.4,0.7,,0.025,0.000,0.001,0.001,0.000,
10/01/2016,10:00,31,2.0,29.8,1.0,,0.026,0.000,0.001,0.001,0.000,
10/01/2016,11:00,42,1.9,28.2,0.8,,0.026,0.000,0.002,0.002,0.000,
10/01/2016,12:00,62,2.4,27.2,1.2,,0.022,0.000,0.001,0.001,0.000,
10/01/2016,13:00,39,2.6,26.2,1.0,,0.023,0.000,0.001,0.001,0.000,
10/01/2016,14:00,326,0.8,59.5,0.6,,0.024,0.000,0.002,0.002,0.000,
10/01/2016,15:00,48,1.8,42.5,1.1,,0.022,0.000,0.002,0.002,0.000,
10/01/2016,16:00,70,2.3,28.2,1.0,,0.022,0.000,0.001,0.001,0.000,
10/01/2016,17:00,81,1.5,28.4,0.8,,0.020,0.000,0.002,0.002,0.000,
10/01/2016,18:00,84,1.0,26.9,0.6,,0.017,0.000,0.002,0.002,0.000,
10/01/2016,19:00,96,0.8,30.7,0.5,,0.014,0.000,0.003,0.003,0.000,
10/01/2016,20:00,88,0.8,32.3,0.5,,0.013,0.000,0.003,0.003,0.000,
10/01/2016,21:00,73,1.4,27.0,0.7,,0.016,0.000,0.001,0.001,0.000,
10/01/2016,22:00,73,1.5,25.8,0.8,,0.017,0.000,0.001,0.001,0.000,
10/01/2016,23:00,109,0.6,28.1,0.4,,0.014,0.000,0.001,0.001,0.000,
11/01/2016,00:00,121,0.6,44.0,0.5,,,,,,,
11/01/2016,01:00,107,0.7,34.0,0.5,,0.015,0.001,0.001,0.002,0.000,
11/01/2016,02:00,124,0.5,42.5,0.4,,0.016,0.000,0.001,0.001,0.000,
11/01/2016,03:00,115,0.5,41.1,0.4,,0.017,0.000,0.001,0.001,0.000,
11/01/2016,04:00,96,0.6,35.3,0.3,,0.016,0.000,0.002,0.002,0.000,
11/01/2016,05:00,109,0.7,27.9,0.4,,0.014,0.000,0.003,0.003,0.001,
11/01/2016,06:00,107,0.8,28.3,0.5,,0.013,0.001,0.006,0.006,0.002,
11/01/2016,07:00,104,1.6,26.3,0.9,,0.016,0.001,0.004,0.005,0.002,
11/01/2016,08:00,93,1.6,32.2,0.9,,0.018,0.001,0.002,0.003,0.000,
11/01/2016,09:00,83,1.9,31.9,1.0,,0.020,0.000,0.002,0.002,0.000,
11/01/2016,10:00,56,2.1,28.4,0.9,,0.020,0.001,0.001,0.002,0.000,
11/01/2016,11:00,44,2.7,21.8,0.9,30.7,0.020,0.000,0.002,0.002,0.000,0.0
11/01/2016,12:00,41,2.9,24.5,1.1,31.1,0.021,0.000,0.002,0.002,0.000,21.4
11/01/2016,13:00,36,3.6,19.8,1.2,31.1,0.021,0.000,0.001,0.001,0.000,2.5
11/01/2016,14:00,33,3.7,19.8,1.0,30.9,0.022,0.000,0.001,0.001,0.000,
11/01/2016,15:00,34,3.7,17.8,1.0,30.7,0.020,0.000,0.001,0.001,0.000,8.5
11/01/2016,16:00,34,2.8,21.1,0.9,30.8,0.020,0.000,0.002,0.002,0.000,11.8
11/01/2016,17:00,38,2.5,20.9,0.8,29.8,0.022,0.000,0.002,0.002,0.000,
11/01/2016,18:00,49,1.9,19.0,0.8,28.7,0.019,0.001,0.002,0.003,0.000,26.1
11/01/2016,19:00,45,1.7,16.9,0.6,27.9,0.017,0.000,0.003,0.003,0.000,22.9
11/01/2016,20:00,38,1.2,16.8,0.4,27.5,0.016,0.000,0.003,0.003,0.000,20.0
11/01/2016,21:00,43,1.0,17.0,0.4,27.4,0.016,0.000,0.002,0.002,0.000,18.4
11/01/2016,22:00,45,0.6,22.4,0.4,26.8,0.014,0.000,0.003,0.003,0.000,9.4
11/01/2016,23:00,63,0.3,75.8,0.4,26.6,0.014,0.000,0.003,0.003,0.000,16.7
12/01/2016,00:00,177,0.4,32.2,1.6,26.0,,,,,,15.9
12/01/2016,01:00,189,0.3,36.0,0.2,25.5,0.009,0.000,0.005,0.005,0.000,10.0
12/01/2016,02:00,209,0.1,43.4,0.2,25.0,0.009,0.000,0.004,0.004,0.000,13.3
12/01/2016,03:00,224,0.1,53.3,0.1,25.0,0.008,0.000,0.004,0.004,0.000,14.9
12/01/2016,04:00,231,0.1,66.4,0.2,24.7,0.005,0.000,0.005,0.005,0.000,13.6
12/01/2016,05:00,260,0.1,90.1,0.1,24.2,0.003,0.001,0.007,0.008,0.000,10.2
12/01/2016,06:00,141,0.1,60.8,0.2,24.3,0.003,0.016,0.012,0.028,0.000,31.4
12/01/2016,07:00,125,0.4,65.1,0.4,27.9,0.013,0.003,0.008,0.011,0.004,11.2
12/01/2016,08:00,114,0.9,50.8,0.6,30.5,0.020,0.001,0.003,0.004,0.002,1.8
12/01/2016,09:00,70,1.5,45.0,0.9,31.2,0.021,0.001,0.002,0.002,0.001,20.6
12/01/2016,10:00,65,2.4,26.1,1.1,31.7,0.020,0.000,0.001,0.001,0.000,
12/01/2016,11:00,61,2.5,26.8,1.1,32.1,0.022,0.000,0.002,0.002,0.000,30.2
12/01/2016,12:00,62,2.4,25.6,1.1,32.5,0.022,0.001,0.001,0.002,0.000,22.4
12/01/2016,13:00,59,2.9,23.8,1.3,32.4,0.020,0.001,0.002,0.003,0.000,19.7
12/01/2016,14:00,59,2.8,25.4,1.2,32.4,0.020,0.001,0.002,0.003,0.000,8.8
12/01/2016,15:00,47,3.4,21.4,1.3,31.7,0.016,0.001,0.002,0.003,0.001,
12/01/2016,16:00,52,2.8,24.7,1.1,31.5,0.014,0.001,0.002,0.003,0.001,6.7
12/01/2016,17:00,42,3.2,18.1,1.2,29.9,0.013,0.001,0.002,0.003,0.001,13.0
12/01/2016,18:00,44,2.5,18.6,1.0,28.8,0.012,0.000,0.002,0.002,0.000,15.3
12/01/2016,19:00,51,1.9,20.4,0.8,28.0,0.011,0.000,0.003,0.003,0.000,18.1
12/01/2016,20:00,62,1.2,24.4,0.6,27.6,0.010,0.000,0.003,0.003,0.000,18.8
12/01/2016,21:00,78,0.7,33.1,0.5,27.1,0.009,0.000,0.003,0.003,0.000,15.9
12/01/2016,22:00,152,0.4,37.5,0.2,26.5,0.005,0.001,0.006,0.007,0.000,18.2
12/01/2016,23:00,113,0.3,34.1,0.2,25.6,0.004,0.001,0.008,0.009,0.000,14.1
13/01/2016,00:00,121,0.2,56.7,0.2,25.2,,,,,,10.7
13/01/2016,01:00,92,0.2,33.5,0.2,24.8,0.005,0.001,0.005,0.005,0.001,7.9
13/01/2016,02:00,90,0.1,79.0,0.2,24.4,0.005,0.000,0.004,0.004,0.002,8.1
13/01/2016,03:00,260,0.2,118.0,0.2,23.9,0.004,0.000,0.006,0.006,0.002,9.5
13/01/2016,04:00,251,0.2,35.3,0.1,23.7,0.003,0.000,0.006,0.006,0.001,9.4
13/01/2016,05:00,252,0.4,26.3,0.3,23.5,0.001,0.004,0.007,0.011,0.001,14.4
13/01/2016,06:00,252,0.4,34.3,0.3,24.1,0.002,0.011,0.007,0.017,0.001,25.8
13/01/2016,07:00,145,0.3,79.3,0.3,27.5,0.007,0.007,0.006,0.012,0.000,12.0
13/01/2016,08:00,134,0.6,58.9,0.6,30.3,0.013,0.002,0.003,0.005,0.000,6.6
13/01/2016,09:00,106,0.8,60.3,0.6,31.5,0.015,0.002,0.003,0.004,0.001,9.7
13/01/2016,10:00,54,1.5,58.6,1.5,31.2,0.015,0.002,0.002,0.004,0.001,12.2
13/01/2016,11:00,51,2.8,21.2,0.9,31.7,0.015,0.001,0.002,0.003,0.000,9.6
13/01/2016,12:00,53,2.6,24.4,1.1,32.6,0.017,0.001,0.001,0.002,0.000,
13/01/2016,13:00,40,3.0,24.0,1.1,32.7,0.016,0.002,0.003,0.005,0.000,24.6
13/01/2016,14:00,46,3.1,23.0,1.1,32.7,0.015,0.002,0.002,0.003,0.000,53.5
13/01/2016,15:00,58,3.0,24.1,1.2,32.4,0.014,0.001,0.001,0.002,0.000,18.8
13/01/2016,16:00,50,3.1,20.5,1.2,31.4,0.014,0.001,0.002,0.002,0.000,5.0
13/01/2016,17:00,48,2.8,23.4,1.1,30.1,0.014,0.001,0.002,0.003,0.000,24.8
13/01/2016,18:00,58,2.2,23.7,1.0,28.8,0.010,0.000,0.002,0.002,0.000,11.3
13/01/2016,19:00,70,1.8,24.6,1.0,28.1,0.010,0.000,0.002,0.002,0.000,14.8
13/01/2016,20:00,73,1.5,22.3,0.8,27.9,0.011,0.000,0.001,0.001,0.000,11.3
13/01/2016,21:00,80,1.1,23.6,0.6,27.8,0.010,0.000,0.002,0.002,0.000,15.3
13/01/2016,22:00,98,0.6,31.5,0.5,27.2,0.009,0.000,0.003,0.003,0.000,13.0
13/01/2016,23:00,78,0.7,29.2,0.4,26.9,0.010,0.000,0.002,0.002,0.000,6.0
14/01/2016,00:00,141,0.4,49.4,0.4,26.6,,,,,,15.1
14/01/2016,01:00,146,0.4,53.5,0.4,26.3,0.009,0.000,0.003,0.003,0.001,10.7
14/01/2016,02:00,157,0.4,48.6,0.4,26.0,0.009,0.000,0.001,0.001,0.001,8.6
14/01/2016,03:00,158,0.3,52.6,0.4,25.7,0.009,0.000,0.001,0.001,0.000,13.0
14/01/2016,04:00,150,0.4,55.6,0.3,25.6,0.009,0.000,0.002,0.001,0.000,12.6
14/01/2016,05:00,123,0.4,38.0,0.3,25.1,0.008,0.000,0.003,0.003,0.000,11.3
14/01/2016,06:00,146,0.3,57.0,0.4,25.6,0.007,0.002,0.006,0.008,0.001,18.1
14/01/2016,07:00,123,0.7,59.6,0.7,28.2,0.011,0.002,0.004,0.006,0.001,30.6
14/01/2016,08:00,82,1.5,38.8,1.0,30.2,0.014,0.003,0.003,0.005,0.001,15.4
14/01/2016,09:00,79,1.9,29.8,1.0,31.3,0.016,0.001,0.001,0.002,0.000,
14/01/2016,10:00,75,1.8,33.6,1.0,32.5,0.016,0.001,0.001,0.002,0.000,21.4
14/01/2016,11:00,56,2.6,26.1,1.1,31.8,0.017,0.001,0.002,0.002,0.000,
14/01/2016,12:00,63,2.3,29.1,1.1,32.0,0.019,0.001,0.001,0.002,0.000,14.7
14/01/2016,13:00,48,2.7,28.0,1.1,32.1,0.019,0.000,0.002,0.002,0.000,26.4
14/01/2016,14:00,50,3.1,21.6,1.3,32.1,0.017,0.000,0.002,0.002,0.000,18.2
14/01/2016,15:00,40,3.5,18.8,1.1,31.5,0.016,0.001,0.002,0.002,0.000,11.3
14/01/2016,16:00,43,3.2,19.0,1.2,31.0,0.015,0.001,0.001,0.002,0.000,21.2
14/01/2016,17:00,54,2.7,24.2,1.2,30.0,0.015,0.001,0.001,0.002,0.000,14.7
14/01/2016,18:00,61,2.4,23.6,1.1,29.0,0.014,0.000,0.002,0.002,0.000,15.6
14/01/2016,19:00,68,1.7,23.9,0.9,28.5,0.013,0.000,0.002,0.002,0.000,7.7
14/01/2016,20:00,81,1.0,22.7,0.5,27.9,0.014,0.000,0.003,0.003,0.000,7.6
14/01/2016,21:00,116,0.4,43.6,0.3,27.3,0.011,0.000,0.005,0.005,0.000,18.4
14/01/2016,22:00,103,0.5,48.2,0.4,27.0,0.010,0.000,0.004,0.004,0.000,25.4
14/01/2016,23:00,159,0.4,47.6,0.3,27.1,0.011,0.000,0.003,0.003,0.000,24.0
15/01/2016,00:00,143,0.3,60.2,0.3,26.9,,,,,,22.9
15/01/2016,01:00,134,0.6,48.4,0.6,26.1,0.010,0.000,0.003,0.003,0.000,15.0
15/01/2016,02:00,124,0.1,114.9,0.4,25.8,0.010,0.000,0.001,0.001,0.000,
15/01/2016,03:00,290,0.3,143.0,0.3,25.2,0.007,0.000,0.003,0.003,0.000,6.3
15/01/2016,04:00,65,0.1,72.3,0.1,24.8,0.003,0.001,0.006,0.006,0.000,8.4
15/01/2016,05:00,68,0.3,38.8,0.2,24.6,0.002,0.002,0.006,0.008,0.000,12.4
15/01/2016,06:00,62,0.3,42.6,0.2,25.2,0.002,0.007,0.007,0.014,0.000,34.9
15/01/2016,07:00,82,0.9,37.0,0.6,28.5,0.008,0.003,0.004,0.006,0.001,9.3
15/01/2016,08:00,76,1.8,27.5,0.9,30.6,0.010,0.001,0.002,0.003,0.001,17.5
15/01/2016,09:00,57,2.2,30.0,1.0,31.2,0.012,0.001,0.001,0.002,0.000,10.9
15/01/2016,10:00,42,3.1,22.6,1.1,31.1,0.012,0.001,0.001,0.002,0.000,
15/01/2016,11:00,44,3.2,21.9,1.2,31.8,0.012,0.001,0.002,0.003,0.000,12.2
15/01/2016,12:00,36,3.4,22.9,1.1,31.9,0.011,0.001,0.001,0.002,0.000,
15/01/2016,13:00,39,3.5,18.5,1.1,31.9,0.011,0.001,0.001,0.002,0.000,
15/01/2016,14:00,39,3.6,19.9,1.1,31.7,0.012,0.000,0.001,0.001,0.000,
15/01/2016,15:00,38,3.6,18.6,1.0,31.8,0.011,0.001,0.001,0.002,0.000,7.9
15/01/2016,16:00,48,3.2,18.8,1.2,31.5,0.011,0.001,0.001,0.002,0.001,6.0
15/01/2016,17:00,40,2.9,20.6,0.9,30.2,0.010,0.001,0.001,0.001,0.000,18.1
15/01/2016,18:00,41,2.5,19.3,0.9,29.0,0.010,0.000,0.001,0.001,0.000,11.2
15/01/2016,19:00,43,1.8,19.9,0.7,28.5,0.009,0.000,0.002,0.002,0.000,5.3
15/01/2016,20:00,42,1.8,18.5,0.6,28.4,0.008,0.000,0.001,0.001,0.000,5.3
15/01/2016,21:00,40,1.8,17.2,0.7,28.4,0.009,0.000,0.001,0.001,0.000,10.9
15/01/2016,22:00,42,1.6,17.7,0.6,28.3,0.009,0.000,0.001,0.001,0.000,11.1
15/01/2016,23:00,38,1.5,18.0,0.5,28.2,0.009,0.000,0.000,0.000,0.000,10.0
16/01/2016,00:00,44,1.5,16.2,0.6,28.0,,,,,,3.1
16/01/2016,01:00,38,1.2,16.7,0.4,27.8,0.010,0.000,0.001,0.001,0.000,5.0
16/01/2016,02:00,25,0.8,20.8,0.3,27.5,0.009,0.000,0.001,0.001,0.000,6.3
16/01/2016,03:00,19,0.2,69.1,0.3,27.0,0.008,0.000,0.001,0.001,0.000,7.1
16/01/2016,04:00,200,0.3,63.9,0.3,26.6,0.004,0.000,0.003,0.003,0.000,12.1
16/01/2016,05:00,190,0.3,48.2,0.3,26.6,0.004,0.000,0.004,0.004,0.000,10.5
16/01/2016,06:00,76,0.3,69.6,0.3,27.5,0.004,0.001,0.004,0.005,0.000,13.1
16/01/2016,07:00,45,1.8,21.8,0.7,29.3,0.009,0.000,0.002,0.002,0.000,
16/01/2016,08:00,39,2.5,19.9,0.9,30.0,0.010,0.000,0.001,0.001,0.000,
16/01/2016,09:00,42,2.4,27.8,1.1,31.1,0.012,0.001,0.001,0.001,0.000,
16/01/2016,10:00,40,3.5,20.8,1.1,30.8,0.012,0.001,0.001,0.001,0.000,
16/01/2016,11:00,43,3.5,19.0,1.2,31.6,0.012,0.000,0.001,0.001,0.000,
16/01/2016,12:00,38,4.1,17.5,1.3,31.7,0.013,0.000,0.001,0.001,0.000,
16/01/2016,13:00,39,4.2,19.1,1.3,31.7,0.012,0.000,0.001,0.001,0.000,
16/01/2016,14:00,39,3.9,18.3,1.2,31.9,0.012,0.000,0.001,0.001,0.000,
16/01/2016,15:00,38,4.1,18.1,1.3,31.6,0.013,0.000,0.001,0.001,0.000,
16/01/2016,16:00,45,3.8,19.2,1.4,31.1,0.013,0.000,0.001,0.001,0.000,
16/01/2016,17:00,41,3.2,20.1,1.2,30.3,0.012,0.000,0.001,0.001,0.000,
16/01/2016,18:00,50,2.5,21.0,1.1,29.2,0.012,0.000,0.001,0.001,0.000,
16/01/2016,19:00,63,1.8,24.2,0.9,28.6,0.011,0.000,0.002,0.002,0.000,
16/01/2016,20:00,68,1.6,22.9,0.8,28.4,0.012,0.000,0.001,0.001,0.000,16.4
16/01/2016,21:00,76,1.5,23.8,0.8,28.3,0.013,0.000,0.001,0.001,0.000,16.0
16/01/2016,22:00,74,1.5,24.1,0.7,28.0,0.012,0.000,0.001,0.001,0.000,8.5
16/01/2016,23:00,83,1.2,22.1,0.5,27.9,0.011,0.000,0.001,0.001,0.000,11.4
17/01/2016,00:00,92,0.6,24.2,0.3,27.2,,,,,,9.7
17/01/2016,01:00,106,0.5,43.1,0.3,27.1,0.008,0.000,0.003,0.003,0.000,15.3
17/01/2016,02:00,138,0.5,50.5,0.5,26.7,0.005,0.000,0.007,0.007,0.000,15.1
17/01/2016,03:00,118,0.8,52.1,0.7,26.2,0.009,0.000,0.001,0.001,0.000,18.9
17/01/2016,04:00,145,0.3,61.4,0.3,25.2,0.011,0.000,0.002,0.002,0.000,
17/01/2016,05:00,130,0.4,49.4,0.4,25.2,0.007,0.000,0.003,0.003,0.000,24.4
17/01/2016,06:00,98,0.5,47.5,0.4,25.0,0.006,0.002,0.003,0.005,0.000,20.0
17/01/2016,07:00,104,0.7,46.3,0.5,27.5,0.008,0.002,0.002,0.004,0.000,6.4
17/01/2016,08:00,92,1.1,47.5,0.8,30.2,0.011,0.001,0.001,0.002,0.001,13.8
17/01/2016,09:00,72,2.1,28.9,1.0,31.2,0.012,0.001,0.001,0.002,0.000,15.2
17/01/2016,10:00,63,2.7,29.5,1.1,32.0,0.012,0.001,0.001,0.002,0.000,9.9
17/01/2016,11:00,67,2.2,38.8,1.2,31.2,0.013,0.001,0.002,0.003,0.000,19.7
17/01/2016,12:00,83,1.6,42.3,1.0,30.4,0.013,0.002,0.002,0.003,0.000,
17/01/2016,13:00,40,3.0,25.5,1.2,31.0,0.015,0.001,0.001,0.002,0.000,
17/01/2016,14:00,56,2.9,26.6,1.2,31.8,0.015,0.000,0.001,0.001,0.000,
17/01/2016,15:00,51,2.9,22.5,1.1,31.5,0.014,0.001,0.001,0.001,0.000,
17/01/2016,16:00,49,2.9,22.7,1.1,31.3,0.015,0.001,0.001,0.002,0.000,
17/01/2016,17:00,57,3.2,20.0,1.3,30.0,0.012,0.000,0.001,0.001,0.000,15.6
17/01/2016,18:00,65,2.6,25.6,1.2,29.2,0.012,0.000,0.001,0.001,0.000,13.6
17/01/2016,19:00,92,2.4,25.2,1.3,28.7,0.012,0.000,0.001,0.001,0.000,13.0
17/01/2016,20:00,98,2.0,30.2,1.1,28.1,0.011,0.000,0.001,0.001,0.000,7.9
17/01/2016,21:00,111,1.6,33.7,1.0,27.4,0.011,0.000,0.001,0.001,0.000,9.7
17/01/2016,22:00,127,0.8,50.5,0.7,26.8,0.011,0.000,0.001,0.001,0.001,10.8
17/01/2016,23:00,117,0.7,50.6,0.6,26.3,0.010,0.000,0.002,0.002,0.000,4.0
18/01/2016,00:00,157,0.4,59.7,0.4,26.0,,,,,,
18/01/2016,01:00,117,0.8,39.5,0.6,26.2,0.010,0.000,0.002,0.002,0.000,10.0
18/01/2016,02:00,126,0.6,42.7,0.5,25.4,0.011,0.000,0.002,0.001,0.000,1.4
18/01/2016,03:00,35,0.3,94.2,0.4,25.1,0.010,0.000,0.003,0.002,0.000,6.8
18/01/2016,04:00,217,0.1,82.1,0.2,25.2,0.010,0.000,0.002,0.002,0.000,10.8
18/01/2016,05:00,231,0.3,44.8,0.3,25.6,0.009,0.000,0.003,0.003,0.000,17.6
18/01/2016,06:00,92,0.4,86.4,0.5,24.9,0.007,0.001,0.005,0.005,0.000,16.7
18/01/2016,07:00,82,0.7,47.7,0.4,25.6,0.009,0.002,0.003,0.005,0.000,17.3
18/01/2016,08:00,137,0.6,59.7,0.6,28.8,0.010,0.004,0.004,0.008,0.001,15.1
18/01/2016,09:00,107,1.4,41.3,1.0,30.5,0.012,0.002,0.003,0.005,0.001,5.3
18/01/2016,10:00,95,1.8,35.7,1.1,31.7,0.013,0.001,0.002,0.003,0.001,
18/01/2016,11:00,75,2.1,31.0,1.1,32.4,0.011,0.002,0.001,0.003,0.000,
18/01/2016,12:00,78,2.5,27.9,1.3,32.5,0.012,0.002,0.001,0.003,0.000,
18/01/2016,13:00,41,2.9,23.8,1.1,30.0,0.013,0.001,0.002,0.003,0.000,
18/01/2016,14:00,47,2.0,33.3,1.0,30.4,0.013,0.001,0.001,0.002,0.000,12.3
18/01/2016,15:00,60,2.2,29.5,1.0,31.3,0.013,0.001,0.001,0.002,0.000,1.0
18/01/2016,16:00,53,2.8,23.4,1.2,30.7,0.015,0.001,0.001,0.002,0.000,11.3
18/01/2016,17:00,59,2.6,25.5,1.1,29.6,0.015,0.001,0.001,0.002,0.000,6.9
18/01/2016,18:00,79,2.1,28.3,1.1,29.0,0.014,0.001,0.002,0.002,0.000,19.1
18/01/2016,19:00,97,2.1,28.8,1.2,27.8,0.013,0.000,0.001,0.001,0.000,17.1
18/01/2016,20:00,101,1.7,32.1,1.1,26.7,0.012,0.000,0.001,0.001,0.000,14.5
18/01/2016,21:00,110,1.5,33.4,0.9,26.6,0.012,0.000,0.001,0.001,0.001,5.3
18/01/2016,22:00,100,1.2,33.8,0.8,26.6,0.012,0.000,0.001,0.001,0.004,11.9
18/01/2016,23:00,105,1.3,34.1,0.8,26.9,0.013,0.000,0.001,0.001,0.004,20.2
19/01/2016,00:00,107,1.2,32.2,0.7,27.0,,,,,,18.4
19/01/2016,01:00,110,1.0,35.2,0.7,26.8,0.014,0.000,0.001,0.001,0.005,18.9
19/01/2016,02:00,104,0.9,32.5,0.6,26.3,0.013,0.000,0.002,0.002,0.007,21.9
19/01/2016,03:00,115,0.8,44.0,0.5,26.1,0.014,0.000,0.001,0.001,0.004,20.7
19/01/2016,04:00,126,0.6,44.8,0.5,26.0,0.013,0.000,0.002,0.002,0.002,19.9
19/01/2016,05:00,127,0.4,53.2,0.4,25.6,0.012,0.000,0.004,0.004,0.001,21.7
19/01/2016,06:00,142,0.5,59.2,0.5,26.0,0.011,0.002,0.006,0.008,0.000,26.2
19/01/2016,07:00,124,1.0,48.3,0.7,28.5,0.014,0.002,0.004,0.006,0.001,31.6
19/01/2016,08:00,103,1.8,37.5,1.1,30.9,0.019,0.001,0.003,0.004,0.003,21.9
19/01/2016,09:00,100,1.7,46.0,1.2,31.5,0.019,0.001,0.003,0.004,0.002,25.1
19/01/2016,10:00,92,1.7,33.1,0.9,32.1,0.021,0.001,0.002,0.003,0.002,34.6
19/01/2016,11:00,68,2.7,30.8,1.4,32.7,0.019,0.003,0.002,0.004,0.000,22.4
19/01/2016,12:00,53,3.6,21.5,1.4,32.5,0.020,0.001,0.002,0.002,0.000,15.4
19/01/2016,13:00,52,3.7,20.7,1.3,32.4,0.019,0.000,0.001,0.001,0.000,35.9
19/01/2016,14:00,57,3.2,24.3,1.5,32.1,0.019,0.001,0.001,0.002,0.000,24.7
19/01/2016,15:00,51,3.1,24.2,1.3,31.9,0.018,0.001,0.001,0.002,0.000,26.4
19/01/2016,16:00,52,2.8,23.7,1.1,31.6,0.018,0.001,0.001,0.002,0.000,22.9
19/01/2016,17:00,63,2.6,22.6,1.1,30.5,0.019,0.001,0.002,0.002,0.000,20.5
19/01/2016,18:00,68,1.9,23.6,1.0,29.2,0.018,0.000,0.002,0.002,0.000,12.4
19/01/2016,19:00,84,1.3,23.2,0.6,28.5,0.018,0.000,0.002,0.002,0.000,33.1
19/01/2016,20:00,83,1.2,24.2,0.6,27.9,0.016,0.000,0.003,0.003,0.000,22.8
19/01/2016,21:00,73,1.1,21.9,0.5,27.6,0.017,0.000,0.002,0.002,0.000,19.6
19/01/2016,22:00,73,1.1,23.8,0.5,27.4,0.016,0.000,0.002,0.002,0.000,17.3
19/01/2016,23:00,100,0.7,34.8,0.5,27.3,0.016,0.000,0.001,0.001,0.000,21.7
20/01/2016,00:00,105,0.4,42.1,0.4,26.5,,,,,,12.7
20/01/2016,01:00,147,0.2,65.1,0.3,26.0,0.013,0.000,0.003,0.002,0.002,17.1
20/01/2016,02:00,112,0.7,34.4,0.6,25.6,0.013,0.000,0.002,0.001,0.002,15.6
20/01/2016,03:00,106,0.9,35.6,0.6,25.9,0.015,0.000,0.001,0.001,0.001,15.1
20/01/2016,04:00,128,0.3,59.3,0.3,25.5,0.013,0.000,0.002,0.002,0.001,15.7
20/01/2016,05:00,129,0.2,63.5,0.3,25.5,0.012,0.000,0.004,0.004,0.001,16.0
20/01/2016,06:00,107,0.4,44.1,0.4,25.6,0.010,0.001,0.007,0.008,0.000,19.3
20/01/2016,07:00,124,0.7,62.2,0.7,28.3,0.016,0.001,0.005,0.006,0.001,23.3
20/01/2016,08:00,103,1.5,40.4,0.9,30.6,0.020,0.000,0.003,0.003,0.002,20.9
20/01/2016,09:00,83,1.2,38.1,0.7,31.7,0.022,0.001,0.002,0.002,0.001,23.4
20/01/2016,10:00,56,1.8,42.6,1.1,31.6,0.023,0.000,0.002,0.002,0.001,22.0
20/01/2016,11:00,48,2.3,26.6,1.0,32.3,0.025,0.000,0.002,0.002,0.001,19.5
20/01/2016,12:00,43,2.7,26.3,1.1,32.5,0.026,0.000,0.002,0.002,0.001,27.4
20/01/2016,13:00,50,3.2,21.7,1.1,32.3,0.025,0.001,0.002,0.003,0.000,23.8
20/01/2016,14:00,35,4.0,18.4,1.2,31.6,0.021,0.000,0.001,0.001,0.000,18.3
20/01/2016,15:00,41,3.9,19.2,1.3,31.1,0.021,0.000,0.002,0.002,0.000,6.0
20/01/2016,16:00,53,2.8,23.7,1.2,31.5,0.021,0.001,0.002,0.003,0.000,11.2
20/01/2016,17:00,52,3.0,21.6,1.3,30.0,0.020,0.001,0.002,0.003,0.000,19.0
20/01/2016,18:00,63,2.3,22.8,1.0,28.8,0.018,0.000,0.002,0.002,0.000,17.4
20/01/2016,19:00,70,1.9,25.0,1.0,28.2,0.018,0.000,0.002,0.002,0.000,31.2
20/01/2016,20:00,82,1.5,24.5,0.8,28.0,0.017,0.000,0.001,0.001,0.000,17.9
20/01/2016,21:00,87,1.5,24.4,0.8,27.8,0.017,0.000,0.001,0.001,0.000,21.7
20/01/2016,22:00,91,1.2,26.9,0.6,27.7,0.015,0.000,0.002,0.002,0.000,26.2
20/01/2016,23:00,103,1.1,30.8,0.7,27.1,0.014,0.000,0.002,0.001,0.000,14.6
21/01/2016,00:00,105,0.9,34.4,0.6,26.5,,,,,,14.3
21/01/2016,01:00,102,0.8,35.5,0.6,26.0,0.013,0.000,0.001,0.001,0.000,11.8
21/01/2016,02:00,109,0.6,41.0,0.4,25.8,0.013,0.000,0.001,0.001,0.004,14.7
21/01/2016,03:00,58,0.1,153.8,0.3,25.2,0.011,0.000,0.002,0.002,0.004,16.2
21/01/2016,04:00,108,0.1,135.0,0.2,25.0,0.008,0.000,0.004,0.004,0.002,14.9
21/01/2016,05:00,263,0.1,44.4,0.1,24.9,0.005,0.000,0.007,0.007,0.002,18.7
21/01/2016,06:00,156,0.3,62.1,0.4,25.6,0.007,0.002,0.007,0.009,0.001,25.5
21/01/2016,07:00,109,0.8,50.0,0.7,28.7,0.012,0.002,0.004,0.006,0.002,23.1
21/01/2016,08:00,100,1.3,44.7,0.9,30.9,0.014,0.002,0.003,0.005,0.002,22.6
21/01/2016,09:00,84,1.6,37.8,0.9,31.5,0.016,0.001,0.002,0.002,0.001,15.3
21/01/2016,10:00,60,2.7,26.4,1.2,31.9,0.016,0.002,0.002,0.004,0.000,34.0
21/01/2016,11:00,64,2.4,26.5,1.0,32.3,0.017,0.003,0.002,0.005,0.000,14.4
21/01/2016,12:00,40,3.2,22.8,1.1,32.2,0.016,0.003,0.003,0.006,0.001,45.9
21/01/2016,13:00,43,3.7,20.2,1.2,32.0,0.016,0.001,0.002,0.003,0.000,18.3
21/01/2016,14:00,44,3.8,19.2,1.3,31.9,0.015,0.002,0.002,0.004,0.000,27.7
21/01/2016,15:00,46,3.3,21.9,1.3,31.8,0.014,0.001,0.002,0.003,0.000,19.2
21/01/2016,16:00,54,3.4,20.8,1.2,31.1,0.015,0.001,0.001,0.002,0.000,16.5
21/01/2016,17:00,64,2.7,23.9,1.2,30.2,0.014,0.001,0.001,0.002,0.000,12.2
21/01/2016,18:00,60,2.5,22.3,1.1,28.7,0.013,0.000,0.001,0.001,0.000,18.8
21/01/2016,19:00,61,1.8,23.6,1.0,28.0,0.013,0.000,0.002,0.002,0.000,17.1
21/01/2016,20:00,83,0.8,32.2,0.5,27.4,0.012,0.000,0.003,0.003,0.000,12.6
21/01/2016,21:00,106,0.4,47.3,0.4,26.9,0.009,0.000,0.004,0.004,0.000,18.8
21/01/2016,22:00,122,0.6,35.8,0.5,26.5,0.010,0.000,0.003,0.003,0.000,13.0
21/01/2016,23:00,126,0.5,48.6,0.4,26.0,0.011,0.000,0.002,0.001,0.000,5.8
22/01/2016,00:00,137,0.5,52.0,0.4,25.5,,,,,,1.8
22/01/2016,01:00,121,0.5,49.2,0.5,24.9,0.012,0.000,0.002,0.002,0.002,3.3
22/01/2016,02:00,122,0.5,45.5,0.4,24.6,0.012,0.000,0.003,0.003,0.001,3.9
22/01/2016,03:00,143,0.2,64.5,0.3,23.9,0.012,0.000,0.003,0.003,0.000,1.8
22/01/2016,04:00,102,0.1,88.6,0.2,23.1,0.010,0.000,0.006,0.006,0.000,4.5
22/01/2016,05:00,38,0.2,94.3,0.2,22.6,0.006,0.001,0.008,0.009,0.000,10.6
22/01/2016,06:00,132,0.1,83.6,0.2,23.0,0.004,0.005,0.012,0.016,0.001,20.9
22/01/2016,07:00,133,0.5,60.9,0.5,26.4,0.011,0.005,0.009,0.014,0.003,21.2
22/01/2016,08:00,95,1.1,42.0,0.7,29.8,0.017,0.002,0.004,0.006,0.001,9.5
22/01/2016,09:00,59,1.4,42.4,0.8,30.1,0.020,0.000,0.002,0.002,0.000,14.3
22/01/2016,10:00,64,1.5,40.3,0.8,31.3,0.021,0.000,0.001,0.001,0.000,15.1
22/01/2016,11:00,48,2.1,34.7,1.0,31.6,,,,,,16.4
22/01/2016,12:00,32,2.3,33.5,1.1,31.4,0.021,0.000,0.002,0.002,0.000,17.0
22/01/2016,13:00,35,3.0,26.0,1.0,31.3,0.020,0.000,0.002,0.002,0.000,12.3
22/01/2016,14:00,43,2.9,23.0,1.0,31.5,0.020,0.000,0.002,0.002,0.000,12.5
22/01/2016,15:00,43,3.3,21.1,1.1,31.1,0.021,0.001,0.002,0.002,0.000,14.1
22/01/2016,16:00,31,3.5,18.5,1.1,30.5,0.020,0.000,0.002,0.002,0.000,6.1
22/01/2016,17:00,42,3.2,18.5,1.1,29.4,0.019,0.000,0.002,0.002,0.000,7.6
22/01/2016,18:00,45,2.5,21.3,1.0,28.3,0.018,0.000,0.002,0.002,0.000,9.1
22/01/2016,19:00,51,1.7,23.3,0.7,27.5,0.017,0.000,0.002,0.002,0.000,16.8
22/01/2016,20:00,47,1.3,23.2,0.7,27.4,0.018,0.000,0.003,0.003,0.000,13.8
22/01/2016,21:00,48,0.9,22.0,0.5,26.9,0.016,0.000,0.004,0.004,0.000,12.7
22/01/2016,22:00,67,0.7,29.9,0.5,26.7,0.016,0.000,0.003,0.003,0.000,9.8
22/01/2016,23:00,122,0.4,42.0,0.3,26.3,0.013,0.000,0.005,0.005,0.000,14.5
23/01/2016,00:00,142,0.3,37.1,0.3,25.6,,,,,,8.3
23/01/2016,01:00,148,0.4,34.4,0.3,25.4,0.011,0.000,0.005,0.005,0.000,9.1
23/01/2016,02:00,350,0.2,102.9,0.4,25.1,0.011,0.000,0.005,0.005,0.000,4.3
23/01/2016,03:00,16,1.0,13.6,0.4,25.9,0.018,0.000,0.001,0.001,0.000,
23/01/2016,04:00,26,0.5,16.2,0.2,25.1,0.016,0.000,0.004,0.003,0.000,9.1
23/01/2016,05:00,149,0.2,83.3,0.3,24.9,0.010,0.000,0.006,0.006,0.000,16.9
23/01/2016,06:00,169,0.4,30.4,0.2,24.9,0.007,0.002,0.010,0.012,0.000,18.3
23/01/2016,07:00,7,1.0,108.0,1.1,27.7,0.017,0.001,0.004,0.005,0.000,
23/01/2016,08:00,14,2.2,174.7,0.9,29.6,0.021,0.000,0.000,0.000,0.000,10.7
23/01/2016,09:00,3,1.9,35.5,0.9,30.6,0.022,0.000,0.000,0.000,0.000,9.7
23/01/2016,10:00,348,2.0,33.7,1.0,31.4,0.023,0.000,0.001,0.000,0.000,10.9
23/01/2016,11:00,351,2.2,41.8,1.2,31.9,0.023,0.000,0.000,0.000,0.000,14.9
23/01/2016,12:00,26,2.3,35.3,0.9,32.1,0.023,0.000,0.001,0.001,0.000,11.1
23/01/2016,13:00,16,2.9,23.0,0.9,32.3,0.023,0.000,0.000,0.000,0.000,12.0
23/01/2016,14:00,18,2.5,27.5,1.0,32.4,0.024,0.000,0.000,0.000,0.000,9.5
23/01/2016,15:00,28,2.1,27.9,0.9,32.7,0.023,0.000,0.001,0.001,0.000,20.6
23/01/2016,16:00,28,2.1,30.1,0.9,32.2,0.022,0.000,0.001,0.001,0.000,13.2
23/01/2016,17:00,18,1.7,26.6,0.7,31.2,0.022,0.000,0.000,0.000,0.000,12.7
23/01/2016,18:00,31,2.1,18.4,0.7,29.6,0.020,0.000,0.002,0.002,0.000,8.3
23/01/2016,19:00,360,1.4,160.3,0.6,28.7,0.017,0.000,0.002,0.002,0.000,10.5
23/01/2016,20:00,347,2.0,18.9,0.7,28.3,0.017,0.000,0.002,0.001,0.000,15.7
23/01/2016,21:00,347,1.7,19.2,0.6,28.1,0.017,0.000,0.002,0.001,0.000,14.9
23/01/2016,22:00,359,1.7,19.4,0.6,28.0,0.016,0.000,0.002,0.001,0.000,8.3
23/01/2016,23:00,1,1.7,14.6,0.5,27.9,0.016,0.000,0.002,0.001,0.000,9.1
24/01/2016,00:00,5,1.4,176.2,0.4,27.7,,,,,,8.2
24/01/2016,01:00,357,1.9,18.2,0.7,27.8,0.018,0.000,0.001,0.001,0.000,11.2
24/01/2016,02:00,358,1.9,18.0,0.6,27.8,0.018,0.000,0.001,0.000,0.000,15.2
24/01/2016,03:00,359,2.5,17.8,0.7,28.0,0.018,0.000,0.001,0.000,0.000,12.5
24/01/2016,04:00,356,2.1,17.3,0.7,27.8,0.018,0.000,0.000,0.000,0.000,11.1
24/01/2016,05:00,352,1.3,17.2,0.5,27.8,0.018,0.000,0.000,0.000,0.000,16.3
24/01/2016,06:00,350,0.9,29.0,0.5,28.0,0.017,0.000,0.001,0.001,0.000,16.7
24/01/2016,07:00,353,2.1,21.9,0.7,29.0,0.019,0.000,0.000,0.000,0.000,13.1
24/01/2016,08:00,329,1.9,32.1,0.8,29.7,0.018,0.000,0.001,0.000,0.000,26.1
24/01/2016,09:00,332,2.1,28.6,1.0,30.4,0.020,0.000,0.000,0.000,0.000,9.8
24/01/2016,10:00,7,2.1,165.0,0.8,31.4,0.023,0.000,0.000,0.000,0.000,3.7
24/01/2016,11:00,28,2.2,20.3,0.7,31.5,0.023,0.000,0.001,0.001,0.000,
24/01/2016,12:00,15,1.7,45.9,1.0,33.3,0.024,0.000,0.000,0.000,0.000,19.9
24/01/2016,13:00,43,2.3,28.4,0.9,33.2,0.024,0.000,0.001,0.001,0.000,37.7
24/01/2016,14:00,49,3.5,20.8,1.3,32.4,0.019,0.000,0.001,0.001,0.000,17.5
24/01/2016,15:00,44,3.4,18.6,1.2,31.3,0.018,0.000,0.001,0.001,0.000,14.7
24/01/2016,16:00,24,3.1,18.4,0.8,31.1,0.018,0.000,0.000,0.000,0.000,4.8
24/01/2016,17:00,3,3.7,176.5,0.9,29.8,0.017,0.000,0.001,0.001,0.000,13.0
24/01/2016,18:00,4,3.5,17.9,1.0,29.1,0.015,0.000,0.001,0.001,0.000,5.1
24/01/2016,19:00,2,2.7,16.9,0.8,28.9,0.015,0.000,0.001,0.001,0.000,8.7
24/01/2016,20:00,360,2.4,17.6,0.7,28.8,0.016,0.000,0.001,0.001,0.000,
24/01/2016,21:00,355,1.9,18.6,0.7,28.8,0.016,0.000,0.000,0.000,0.000,9.0
24/01/2016,22:00,7,1.4,179.2,0.5,28.7,0.016,0.000,0.001,0.001,0.000,12.8
24/01/2016,23:00,11,2.2,17.5,0.7,28.8,0.016,0.000,0.001,0.001,0.000,18.6
25/01/2016,00:00,360,2.4,18.2,0.8,28.9,,,,,,10.8
25/01/2016,01:00,6,2.5,176.8,0.6,28.8,0.017,0.000,0.001,0.000,0.000,4.7
25/01/2016,02:00,10,2.3,17.0,0.7,28.6,0.018,0.000,0.000,0.000,0.000,11.8
25/01/2016,03:00,9,2.4,17.6,0.7,28.5,0.017,0.000,0.000,0.000,0.000,9.1
25/01/2016,04:00,8,2.7,179.4,0.8,28.5,0.016,0.000,0.000,0.000,0.000,8.5
25/01/2016,05:00,10,2.2,16.6,0.7,28.4,0.015,0.000,0.001,0.001,0.000,11.6
25/01/2016,06:00,10,2.3,178.3,0.7,28.7,0.015,0.000,0.002,0.001,0.000,21.4
25/01/2016,07:00,9,3.1,174.3,0.8,29.7,0.016,0.000,0.002,0.002,0.000,14.6
25/01/2016,08:00,3,3.2,21.6,0.8,30.5,0.017,0.000,0.002,0.002,0.000,10.8
25/01/2016,09:00,18,4.1,17.3,1.0,31.4,0.017,0.000,0.001,0.001,0.000,8.4
25/01/2016,10:00,21,3.6,19.1,0.9,32.0,0.018,0.000,0.001,0.001,0.000,12.7
25/01/2016,11:00,21,3.7,18.4,0.9,32.3,0.018,0.000,0.001,0.001,0.000,11.0
25/01/2016,12:00,13,3.6,175.9,1.0,32.7,0.017,0.000,0.001,0.001,0.000,12.4
25/01/2016,13:00,27,3.3,26.8,1.0,32.8,0.017,0.000,0.001,0.001,0.000,18.7
25/01/2016,14:00,41,2.8,24.8,1.1,31.8,0.016,0.000,0.002,0.002,0.000,12.3
25/01/2016,15:00,51,3.0,21.1,1.1,31.6,0.015,0.000,0.002,0.002,0.000,
25/01/2016,16:00,46,3.1,17.2,1.1,30.8,0.015,0.000,0.002,0.002,0.000,7.1
25/01/2016,17:00,11,2.9,172.1,0.8,30.4,0.015,0.000,0.002,0.002,0.000,12.1
25/01/2016,18:00,9,3.6,175.4,1.0,29.8,0.015,0.000,0.001,0.001,0.000,
25/01/2016,19:00,12,3.3,176.7,0.8,29.6,0.015,0.000,0.002,0.001,0.000,15.1
25/01/2016,20:00,8,3.2,179.7,1.0,29.5,0.014,0.000,0.001,0.001,0.000,20.5
25/01/2016,21:00,13,2.3,19.1,0.8,29.3,0.014,0.000,0.001,0.001,0.000,15.5
25/01/2016,22:00,19,1.8,19.6,0.6,29.2,0.014,0.000,0.001,0.001,0.000,
25/01/2016,23:00,5,1.6,176.7,0.7,29.2,0.015,0.000,0.000,0.000,0.000,15.6
26/01/2016,00:00,9,1.6,179.8,0.8,29.0,,,,,,13.2
26/01/2016,01:00,12,1.5,30.2,0.8,28.9,0.014,0.000,0.000,0.000,0.000,8.4
26/01/2016,02:00,0,1.7,172.7,0.5,28.9,0.014,0.000,0.001,0.000,0.000,13.1
26/01/2016,03:00,31,1.8,18.2,0.6,28.8,0.014,0.000,0.000,0.000,0.000,11.9
26/01/2016,04:00,2,1.8,153.7,0.9,27.5,0.018,0.000,0.001,0.000,0.000,13.3
26/01/2016,05:00,52,2.0,30.3,1.0,25.2,0.020,0.000,0.001,0.001,0.000,
26/01/2016,06:00,135,0.7,42.9,0.5,24.6,0.014,0.001,0.005,0.005,0.000,30.1
26/01/2016,07:00,47,1.9,29.3,1.1,27.1,0.011,0.001,0.003,0.004,0.000,28.4
26/01/2016,08:00,25,2.4,25.8,1.0,28.5,0.013,0.001,0.001,0.002,0.000,13.3
26/01/2016,09:00,333,2.0,30.8,1.0,27.5,0.026,0.000,0.002,0.002,0.000,11.1
26/01/2016,10:00,350,1.5,164.9,0.6,29.1,0.027,0.000,0.002,0.002,0.000,8.5
26/01/2016,11:00,63,1.3,42.0,0.8,29.1,0.022,0.001,0.002,0.003,0.000,22.0
26/01/2016,12:00,53,2.0,28.1,0.8,31.4,0.025,0.001,0.002,0.003,0.000,
26/01/2016,13:00,53,2.2,29.3,1.0,32.5,0.027,0.000,0.002,0.002,0.000,15.4
26/01/2016,14:00,48,2.6,23.7,0.9,32.3,0.032,0.000,0.002,0.002,0.000,
26/01/2016,15:00,40,2.9,19.5,0.9,31.3,0.027,0.000,0.001,0.001,0.000,15.6
26/01/2016,16:00,58,1.9,28.8,0.8,31.0,0.029,0.001,0.001,0.002,0.000,10.1
26/01/2016,17:00,51,2.5,23.8,1.0,30.7,0.026,0.001,0.002,0.002,0.000,
26/01/2016,18:00,44,2.6,19.7,1.0,29.5,0.019,0.000,0.002,0.002,0.000,13.3
26/01/2016,19:00,39,2.2,20.1,0.8,29.0,0.021,0.000,0.002,0.002,0.000,15.3
26/01/2016,20:00,39,1.9,17.9,0.7,28.9,0.019,0.000,0.002,0.002,0.000,9.8
26/01/2016,21:00,46,2.2,20.8,0.9,28.7,0.017,0.000,0.002,0.002,0.000,13.7
26/01/2016,22:00,42,2.5,18.1,0.9,28.7,0.017,0.000,0.002,0.002,0.000,8.6
26/01/2016,23:00,33,2.3,17.9,0.8,28.6,0.018,0.000,0.001,0.001,0.000,6.8
27/01/2016,00:00,20,1.8,18.7,0.6,28.6,,,,,,6.0
27/01/2016,01:00,42,1.4,19.5,0.5,28.5,0.014,0.000,0.002,0.002,0.000,3.8
27/01/2016,02:00,33,1.4,17.4,0.5,28.4,0.012,0.000,0.001,0.001,0.000,3.1
27/01/2016,03:00,48,1.1,18.1,0.6,28.3,0.012,0.000,0.002,0.002,0.000,3.3
27/01/2016,04:00,61,1.4,22.3,0.6,28.3,0.012,0.000,0.003,0.003,0.000,8.0
27/01/2016,05:00,55,1.4,24.0,0.7,28.3,0.012,0.000,0.003,0.003,0.000,
27/01/2016,06:00,45,1.9,20.3,0.8,28.8,0.012,0.001,0.002,0.003,0.000,21.5
27/01/2016,07:00,44,2.2,18.7,0.7,29.5,0.011,0.001,0.002,0.003,0.000,18.6
27/01/2016,08:00,36,2.5,17.7,0.8,29.7,0.011,0.001,0.003,0.004,0.000,16.6
27/01/2016,09:00,39,2.7,18.5,0.8,30.6,0.013,0.002,0.002,0.003,0.000,11.9
27/01/2016,10:00,43,2.8,19.8,0.9,31.5,0.014,0.001,0.002,0.003,0.000,18.4
27/01/2016,11:00,40,2.8,20.4,1.0,32.0,0.015,0.001,0.002,0.003,0.000,
27/01/2016,12:00,33,3.1,18.9,1.0,32.7,0.014,0.001,0.001,0.002,0.000,
27/01/2016,13:00,38,3.2,19.5,1.1,32.3,0.014,0.001,0.001,0.002,0.000,
27/01/2016,14:00,40,3.7,19.3,1.2,32.6,0.014,0.001,0.001,0.002,0.000,
27/01/2016,15:00,39,3.7,18.7,1.2,32.0,0.013,0.002,0.002,0.004,0.000,20.5
27/01/2016,16:00,42,3.4,17.4,1.1,31.5,0.013,0.001,0.001,0.002,0.000,13.3
27/01/2016,17:00,42,3.0,20.3,1.2,30.6,0.011,0.001,0.002,0.003,0.000,10.8
27/01/2016,18:00,44,2.7,17.1,1.0,29.5,0.010,0.000,0.002,0.002,0.000,7.6
27/01/2016,19:00,37,2.3,20.4,0.9,29.2,0.010,0.000,0.001,0.001,0.000,11.5
27/01/2016,20:00,27,2.1,16.9,0.8,29.1,0.010,0.000,0.002,0.002,0.000,
27/01/2016,21:00,26,1.7,20.1,0.7,28.9,0.009,0.000,0.002,0.002,0.000,16.8
27/01/2016,22:00,23,1.9,19.7,0.7,29.1,0.010,0.000,0.001,0.001,0.000,10.4
27/01/2016,23:00,23,2.5,18.5,0.9,29.2,0.011,0.000,0.001,0.001,0.000,
28/01/2016,00:00,24,2.4,18.7,0.7,29.1,,,,,,7.4
28/01/2016,01:00,27,2.4,17.2,0.8,29.0,0.012,0.000,0.000,0.000,0.000,
28/01/2016,02:00,8,1.4,169.6,0.6,28.8,0.012,0.000,0.001,0.001,0.000,5.7
28/01/2016,03:00,18,1.8,17.7,0.7,28.7,0.012,0.000,0.001,0.001,0.000,11.0
28/01/2016,04:00,351,1.3,34.0,0.9,28.3,0.012,0.000,0.001,0.001,0.000,
28/01/2016,05:00,360,0.9,167.4,0.3,27.7,0.009,0.000,0.002,0.002,0.000,
28/01/2016,06:00,352,0.6,157.3,0.3,28.3,0.008,0.001,0.005,0.005,0.000,
28/01/2016,07:00,10,1.3,168.0,0.8,29.2,0.009,0.001,0.003,0.004,0.000,
28/01/2016,08:00,29,2.0,23.3,0.6,30.2,0.012,0.002,0.002,0.003,0.000,12.1
28/01/2016,09:00,19,2.5,24.8,0.8,30.8,0.012,0.001,0.001,0.002,0.000,20.3
28/01/2016,10:00,5,2.8,175.8,0.8,31.2,0.013,0.000,0.001,0.001,0.000,9.2
28/01/2016,11:00,13,3.4,172.2,0.9,31.6,0.013,0.000,0.001,0.001,0.000,16.9
28/01/2016,12:00,12,3.7,177.4,1.0,32.1,0.013,0.000,0.001,0.001,0.000,13.6
28/01/2016,13:00,23,3.6,15.7,0.9,31.6,0.012,0.000,0.001,0.001,0.000,3.6
28/01/2016,14:00,10,3.2,17.1,0.9,31.8,0.012,0.000,0.001,0.001,0.000,11.7
28/01/2016,15:00,35,2.6,19.2,0.8,31.2,0.009,0.003,0.002,0.005,0.000,16.3
28/01/2016,16:00,16,2.4,171.4,0.7,30.7,0.010,0.001,0.002,0.002,0.000,
28/01/2016,17:00,356,2.7,18.5,0.7,30.1,0.009,0.000,0.002,0.002,0.000,
28/01/2016,18:00,356,2.9,18.1,0.8,29.7,0.009,0.000,0.001,0.001,0.000,
28/01/2016,19:00,360,3.0,16.8,1.0,29.6,0.009,0.000,0.001,0.001,0.000,
28/01/2016,20:00,357,3.0,15.4,0.9,29.7,0.010,0.000,0.001,0.000,0.000,
28/01/2016,21:00,357,2.9,15.6,0.8,29.7,0.011,0.000,0.001,0.000,0.000,
28/01/2016,22:00,350,2.8,16.0,0.9,29.7,0.012,0.000,0.001,0.000,0.000,8.0
28/01/2016,23:00,359,2.4,15.2,0.7,29.4,0.011,0.000,0.000,0.000,0.000,9.3
29/01/2016,00:00,357,1.8,16.9,0.7,29.2,,,,,,10.9
29/01/2016,01:00,359,1.9,17.6,0.6,29.0,0.010,0.000,0.001,0.001,0.000,8.6
29/01/2016,02:00,2,1.9,17.3,0.6,29.2,0.010,0.000,0.000,0.000,0.000,10.9
29/01/2016,03:00,4,2.7,16.0,0.8,29.2,0.010,0.000,0.000,0.000,0.000,9.6
29/01/2016,04:00,12,2.5,175.7,0.7,29.2,0.010,0.000,0.001,0.000,0.000,7.2
29/01/2016,05:00,17,2.2,18.1,0.7,29.1,0.010,0.000,0.001,0.001,0.000,8.2
29/01/2016,06:00,15,2.5,16.2,0.7,29.2,0.010,0.000,0.002,0.002,0.000,18.6
29/01/2016,07:00,7,2.8,177.3,0.7,29.8,0.009,0.001,0.002,0.002,0.000,13.7
29/01/2016,08:00,3,3.0,17.1,0.8,30.5,0.010,0.001,0.002,0.003,0.000,14.7
29/01/2016,09:00,21,3.2,17.4,0.8,31.4,0.011,0.001,0.001,0.002,0.000,12.4
29/01/2016,10:00,17,3.8,15.6,1.0,31.7,0.013,0.000,0.001,0.001,0.000,10.4
29/01/2016,11:00,15,4.5,15.9,1.0,32.7,0.013,0.000,0.002,0.002,0.000,18.6
29/01/2016,12:00,17,4.7,17.9,1.2,32.9,0.012,0.000,0.002,0.002,0.000,9.6
29/01/2016,13:00,8,4.2,171.3,1.1,32.3,0.012,0.000,0.001,0.001,0.000,
29/01/2016,14:00,360,3.6,17.0,1.2,30.3,0.011,0.000,0.001,0.001,0.000,4.7
29/01/2016,15:00,6,3.2,177.2,1.0,29.9,0.008,0.002,0.002,0.003,0.000,8.5
29/01/2016,16:00,9,2.7,176.0,0.8,29.9,0.008,0.001,0.002,0.003,0.000,13.2
29/01/2016,17:00,357,2.7,16.8,0.8,29.9,0.010,0.000,0.002,0.002,0.000,10.7
29/01/2016,18:00,359,3.1,17.7,0.9,29.8,0.009,0.000,0.001,0.001,0.000,17.5
29/01/2016,19:00,356,2.9,15.3,0.9,29.6,0.009,0.000,0.000,0.000,0.000,18.1
29/01/2016,20:00,2,2.9,15.6,0.9,29.8,0.009,0.000,0.000,0.000,0.000,15.7
29/01/2016,21:00,2,2.4,15.7,0.9,29.8,0.009,0.000,0.001,0.001,0.000,13.7
29/01/2016,22:00,357,2.4,15.2,0.7,29.8,0.009,0.000,0.001,0.001,0.000,13.8
29/01/2016,23:00,357,2.2,18.8,0.7,29.7,0.009,0.000,0.001,0.000,0.000,9.7
30/01/2016,00:00,333,1.4,55.6,1.4,28.5,,,,,,13.0
30/01/2016,01:00,8,1.7,184.1,1.4,26.9,0.016,0.000,0.001,0.001,0.000,
30/01/2016,02:00,187,0.3,83.8,0.4,25.6,0.017,0.000,0.002,0.002,0.000,13.1
30/01/2016,03:00,,,,,26.5,0.008,0.001,0.004,0.005,0.000,20.2
30/01/2016,04:00,192,0.2,73.1,0.3,26.8,0.005,0.001,0.005,0.005,0.000,10.2
30/01/2016,05:00,87,0.3,31.5,0.2,26.9,0.003,0.001,0.006,0.007,0.000,6.8
30/01/2016,06:00,108,0.1,76.5,0.2,27.0,0.002,0.004,0.007,0.011,0.000,15.8
30/01/2016,07:00,157,0.1,83.3,0.2,28.0,0.003,0.008,0.008,0.015,0.000,38.1
30/01/2016,08:00,319,0.8,44.5,0.6,29.9,0.011,0.001,0.003,0.004,0.000,22.6
30/01/2016,09:00,2,2.4,28.6,1.4,30.6,0.014,0.001,0.002,0.002,0.000,29.4
30/01/2016,10:00,8,4.1,180.5,1.1,31.4,0.012,0.000,0.001,0.001,0.000,
30/01/2016,11:00,6,3.9,178.4,1.0,31.7,0.013,0.000,0.002,0.002,0.000,
30/01/2016,12:00,5,4.6,175.7,1.1,31.9,0.011,0.000,0.001,0.001,0.000,
30/01/2016,13:00,7,5.0,178.5,1.2,32.4,0.011,0.000,0.001,0.001,0.000,
30/01/2016,14:00,11,4.6,177.7,1.1,32.4,0.011,0.000,0.001,0.001,0.000,
30/01/2016,15:00,8,3.8,180.3,1.0,32.6,0.012,0.000,0.001,0.001,0.000,
30/01/2016,16:00,3,3.9,17.8,1.0,32.4,0.012,0.000,0.001,0.001,0.000,
30/01/2016,17:00,23,2.8,19.0,0.8,31.7,0.012,0.000,0.001,0.001,0.000,4.8
30/01/2016,18:00,26,2.6,16.2,0.7,30.5,0.011,0.000,0.002,0.002,0.000,5.4
30/01/2016,19:00,15,2.3,166.7,0.7,29.8,0.010,0.000,0.003,0.003,0.000,18.6
30/01/2016,20:00,359,2.4,16.3,0.8,29.6,0.010,0.000,0.001,0.001,0.000,18.6
30/01/2016,21:00,9,2.4,179.2,0.8,29.5,0.009,0.000,0.002,0.002,0.000,14.5
30/01/2016,22:00,14,2.3,14.6,0.7,29.5,0.009,0.000,0.002,0.002,0.000,11.6
30/01/2016,23:00,7,2.5,176.8,0.8,29.5,0.010,0.000,0.001,0.001,0.000,5.7
31/01/2016,00:00,9,2.4,178.6,0.7,29.4,,,,,,
31/01/2016,01:00,16,2.2,15.5,0.7,29.3,0.010,0.001,0.001,0.002,0.000,8.9
31/01/2016,02:00,24,1.7,19.4,0.6,29.2,0.011,0.000,0.001,0.001,0.000,6.0
31/01/2016,03:00,15,2.5,14.3,0.9,29.2,0.011,0.000,0.000,0.000,0.000,9.9
31/01/2016,04:00,9,2.7,14.6,0.7,29.2,0.011,0.000,0.000,0.000,0.000,7.9
31/01/2016,05:00,18,2.5,16.6,0.8,29.2,0.011,0.000,0.001,0.001,0.000,7.2
31/01/2016,06:00,17,2.7,15.9,0.7,29.5,0.011,0.000,0.001,0.001,0.000,12.7
31/01/2016,07:00,17,3.3,14.3,0.8,30.3,0.012,0.000,0.001,0.001,0.000,17.0
31/01/2016,08:00,17,3.7,19.0,1.0,31.5,0.012,0.000,0.001,0.001,0.000,10.7
31/01/2016,09:00,340,2.1,41.9,1.4,29.1,0.014,0.000,0.001,0.001,0.000,8.6
31/01/2016,10:00,19,1.4,150.5,1.2,26.8,0.014,0.000,0.002,0.002,0.000,
31/01/2016,11:00,20,1.4,63.3,1.4,30.4,0.012,0.001,0.002,0.003,0.000,
31/01/2016,12:00,9,3.2,178.5,1.0,32.4,0.014,0.000,0.001,0.001,0.000,
31/01/2016,13:00,9,3.1,179.7,0.8,32.1,0.012,0.000,0.001,0.001,0.000,
31/01/2016,14:00,8,3.1,178.5,0.9,30.7,0.012,0.000,0.001,0.001,0.000,
31/01/2016,15:00,13,2.3,16.8,0.7,30.2,0.011,0.000,0.001,0.001,0.000,26.0
31/01/2016,16:00,4,2.5,15.0,0.8,30.1,0.011,0.000,0.001,0.001,0.000,9.7
31/01/2016,17:00,5,2.9,16.7,0.8,30.2,0.011,0.000,0.001,0.001,0.000,11.4
31/01/2016,18:00,2,2.6,18.2,0.8,30.0,0.011,0.000,0.001,0.001,0.000,11.2
31/01/2016,19:00,359,1.8,18.2,0.7,29.7,0.010,0.001,0.001,0.001,0.000,9.6
31/01/2016,20:00,3,0.8,19.2,0.3,29.4,0.009,0.001,0.002,0.003,0.000,6.7
31/01/2016,21:00,0,1.1,16.8,0.5,29.3,0.009,0.001,0.002,0.003,0.000,14.5
31/01/2016,22:00,6,1.2,178.1,0.4,29.3,0.009,0.001,0.002,0.003,0.000,10.5
31/01/2016,23:00,352,1.1,21.9,0.5,29.4,0.009,0.001,0.001,0.002,0.000,10.8
01/02/2016,00:00,357,1.2,19.5,0.5,29.2,,,,,,11.9
01/02/2016,01:00,359,1.7,18.6,0.6,29.4,0.010,,,,0.000,9.9
01/02/2016,02:00,354,1.3,19.6,0.6,29.3,0.009,,,,0.000,11.5
01/02/2016,03:00,7,1.7,176.5,0.6,29.1,0.009,,,,0.000,13.7
01/02/2016,04:00,357,1.7,18.2,0.8,29.0,0.010,,,,0.000,7.4
01/02/2016,05:00,306,0.2,76.3,0.3,28.1,0.007,,,,0.000,
01/02/2016,06:00,348,0.9,144.2,1.1,28.1,0.006,,,,0.000,18.1
01/02/2016,07:00,354,1.6,41.3,1.1,29.1,0.009,,,,0.000,22.1
01/02/2016,08:00,350,1.8,28.1,0.9,30.0,0.010,,,,0.000,22.3
01/02/2016,09:00,339,2.5,25.4,1.3,31.2,0.011,,,,0.000,9.2
01/02/2016,10:00,342,3.0,20.6,1.0,31.8,0.014,,,,0.000,
01/02/2016,11:00,344,3.0,22.3,1.1,32.9,0.013,,,,0.000,
01/02/2016,12:00,2,3.5,172.6,1.1,33.2,0.014,,,,0.000,
01/02/2016,13:00,19,4.1,17.4,1.1,32.7,0.014,,,,0.000,
01/02/2016,14:00,12,4.0,176.4,1.0,32.9,0.011,,,,0.000,
01/02/2016,15:00,14,3.6,19.1,1.0,32.7,0.013,,,,0.000,
01/02/2016,16:00,3,3.3,17.8,0.9,32.1,0.012,,,,0.000,
01/02/2016,17:00,356,3.2,17.5,1.0,31.4,0.011,,,,0.000,14.3
01/02/2016,18:00,357,3.0,15.7,0.9,30.4,0.010,,,,0.000,16.5
01/02/2016,19:00,1,2.7,14.7,0.7,30.0,0.009,,,,0.000,15.5
01/02/2016,20:00,359,2.7,14.5,0.8,29.9,0.009,,,,0.000,6.2
01/02/2016,21:00,357,2.6,15.1,0.8,29.8,0.009,,,,0.000,9.4
01/02/2016,22:00,358,2.5,13.7,0.7,29.7,0.010,,,,0.000,9.5
01/02/2016,23:00,354,2.6,14.6,0.8,29.6,0.009,,,,0.000,4.2
02/02/2016,00:00,354,2.0,17.2,0.7,29.4,,,,,,8.9
02/02/2016,01:00,350,1.5,18.5,0.6,29.3,0.009,,,,0.000,11.1
02/02/2016,02:00,356,1.5,20.6,0.5,29.2,0.009,,,,0.000,11.9
02/02/2016,03:00,339,1.3,28.1,0.6,29.3,0.009,,,,0.000,7.1
02/02/2016,04:00,335,1.4,17.9,0.6,29.1,0.009,,,,0.000,15.7
02/02/2016,05:00,330,1.1,26.1,0.6,29.0,0.009,,,,0.000,
02/02/2016,06:00,341,0.5,38.5,0.3,28.9,0.006,,,,0.000,13.7
02/02/2016,07:00,347,1.5,24.4,0.9,30.3,0.009,,,,0.000,18.8
02/02/2016,08:00,334,2.0,28.9,0.9,31.3,0.010,,,,0.000,9.3
02/02/2016,09:00,334,2.2,29.3,1.1,31.8,0.012,,,,0.000,0.3
02/02/2016,10:00,351,2.7,24.3,1.0,32.5,0.012,,,,0.000,1.8
02/02/2016,11:00,0,3.3,21.7,1.0,33.0,0.013,,,,0.000,10.4
02/02/2016,12:00,11,3.5,21.0,1.0,33.0,0.013,,,,0.000,
02/02/2016,13:00,10,3.6,176.4,0.9,32.9,0.012,,,,0.000,10.3
02/02/2016,14:00,3,3.9,16.6,0.9,32.0,0.010,,,,0.003,19.5
02/02/2016,15:00,9,3.7,18.2,1.0,32.7,0.011,,,,0.000,
02/02/2016,16:00,2,3.4,18.2,0.9,32.6,0.011,,,,0.000,12.6
02/02/2016,17:00,357,3.0,18.9,0.9,31.9,0.011,,,,0.000,10.0
02/02/2016,18:00,0,3.1,15.4,0.9,30.5,0.009,,,,0.000,26.2
02/02/2016,19:00,3,2.5,14.5,0.7,30.1,0.009,,,,0.000,
02/02/2016,20:00,356,1.8,17.8,0.5,29.9,0.010,,,,0.000,24.6
02/02/2016,21:00,2,1.9,18.3,0.7,29.8,0.010,,,,0.000,
02/02/2016,22:00,358,1.8,16.6,0.6,29.8,0.010,,,,0.000,14.2
02/02/2016,23:00,2,2.2,15.2,0.7,29.7,0.011,,,,0.000,10.6
03/02/2016,00:00,358,2.0,15.8,0.7,29.7,,,,,,9.1
03/02/2016,01:00,359,2.8,15.2,0.8,29.7,0.011,,,,0.000,8.9
03/02/2016,02:00,356,3.0,15.5,0.9,29.8,0.010,,,,0.000,15.5
03/02/2016,03:00,356,2.3,17.7,0.8,29.3,0.010,,,,0.000,17.6
03/02/2016,04:00,345,0.5,37.4,0.4,28.7,0.009,,,,0.000,9.3
03/02/2016,05:00,353,1.2,18.1,0.5,29.1,0.010,,,,0.000,11.1
03/02/2016,06:00,348,1.6,19.9,0.6,29.3,0.010,,,,0.000,14.1
03/02/2016,07:00,352,2.4,17.7,1.0,30.5,0.011,,,,0.000,34.1
03/02/2016,08:00,345,2.8,18.5,0.8,31.0,0.012,,,,0.000,9.9
03/02/2016,09:00,348,2.6,20.3,0.9,31.9,0.014,,,,0.000,13.6
03/02/2016,10:00,342,2.7,21.5,0.9,33.1,0.015,,,,0.000,
03/02/2016,11:00,2,2.9,172.0,1.0,33.8,0.017,,,,0.000,18.3
03/02/2016,12:00,15,2.9,16.7,0.9,32.8,0.015,,,,0.000,17.8
03/02/2016,13:00,335,1.6,28.6,0.7,32.5,0.017,,,,0.000,
03/02/2016,14:00,353,2.6,16.6,0.8,31.4,0.015,,,,0.000,22.7
03/02/2016,15:00,336,2.3,27.9,1.1,31.4,0.013,,,,0.000,16.2
03/02/2016,16:00,335,1.8,29.4,0.8,31.6,0.013,,,,0.000,
03/02/2016,17:00,347,2.1,18.2,0.7,31.0,0.013,,,,0.000,
03/02/2016,18:00,353,1.8,16.9,0.6,30.5,0.013,,,,0.000,15.4
03/02/2016,19:00,29,0.3,45.4,0.3,30.1,0.009,,,,0.000,22.7
03/02/2016,20:00,258,0.2,138.2,0.2,29.8,0.006,,,,0.000,18.1
03/02/2016,21:00,345,0.9,20.6,0.4,30.1,0.009,,,,0.000,11.9
03/02/2016,22:00,352,0.3,167.0,0.4,29.8,0.010,,,,0.000,9.3
03/02/2016,23:00,94,0.2,59.3,0.2,29.3,0.006,,,,0.000,6.8
04/02/2016,00:00,,0.0,99.4,0.2,29.1,,,,,,7.9
04/02/2016,01:00,272,0.1,66.3,0.2,28.9,0.005,,,,0.000,3.9
04/02/2016,02:00,188,0.1,80.3,0.2,28.5,0.004,,,,0.000,10.1
04/02/2016,03:00,221,0.1,60.4,0.1,28.6,0.003,,,,0.000,9.7
04/02/2016,04:00,257,0.3,65.2,0.4,28.7,0.002,,,,0.000,14.8
04/02/2016,05:00,354,0.1,152.0,0.3,28.7,0.001,,,,0.000,9.0
04/02/2016,06:00,53,0.1,110.4,0.3,28.5,0.002,,,,0.000,9.4
04/02/2016,07:00,276,0.3,54.3,0.3,28.8,0.003,,,,0.000,8.8
04/02/2016,08:00,61,0.8,24.5,0.4,29.7,0.004,,,,0.000,27.8
04/02/2016,09:00,14,0.9,37.3,0.5,31.1,0.009,,,,0.000,29.2
04/02/2016,10:00,356,0.8,51.4,0.6,32.7,0.017,,,,0.000,18.1
04/02/2016,11:00,32,1.6,25.8,0.7,32.3,0.024,,,,0.000,29.3
04/02/2016,12:00,25,2.2,20.2,0.7,31.8,0.024,,,,0.000,6.6
04/02/2016,13:00,30,1.8,24.7,0.6,32.2,0.021,,,,0.000,
04/02/2016,14:00,27,2.4,20.1,0.8,32.5,0.017,,,,0.000,
04/02/2016,15:00,27,2.6,20.6,0.9,33.0,0.013,,,,0.000,
04/02/2016,16:00,32,2.2,23.4,0.8,33.5,0.017,,,,0.000,
04/02/2016,17:00,10,2.2,167.4,0.8,32.4,0.018,,,,0.000,
04/02/2016,18:00,342,2.4,18.8,0.9,31.1,0.019,,,,0.000,
04/02/2016,19:00,279,0.5,119.7,0.9,29.4,0.013,,,,0.000,
04/02/2016,20:00,75,0.5,34.2,0.3,28.1,0.007,,,,0.000,
04/02/2016,21:00,81,0.6,41.1,0.3,27.8,0.010,,,,0.000,
04/02/2016,22:00,238,0.3,56.0,0.3,27.6,0.007,,,,0.000,
04/02/2016,23:00,264,0.5,26.9,0.2,27.2,0.006,,,,0.000,
05/02/2016,00:00,230,0.3,72.8,0.3,27.3,,,,,,
05/02/2016,01:00,315,0.2,110.7,0.3,27.3,0.004,,,,0.000,
05/02/2016,02:00,97,0.1,121.5,0.2,27.2,0.004,,,,0.000,
05/02/2016,03:00,280,0.3,64.2,0.2,27.2,0.006,,,,0.000,
05/02/2016,04:00,83,0.2,61.2,0.2,27.2,0.004,,,,0.000,
05/02/2016,05:00,182,0.3,33.8,0.2,27.1,0.003,,,,0.000,
05/02/2016,06:00,178,0.3,41.7,0.2,27.3,0.001,,,,0.001,
05/02/2016,07:00,33,0.3,63.1,0.3,28.4,0.005,,,,0.000,
05/02/2016,08:00,28,0.8,34.5,0.5,29.7,0.009,,,,0.000,
05/02/2016,09:00,32,1.0,31.7,0.5,30.5,0.011,,,,0.000,
05/02/2016,10:00,14,1.3,175.0,0.7,31.5,0.014,,,,0.000,
05/02/2016,11:00,9,2.3,177.7,0.9,32.5,0.014,,,,0.000,
05/02/2016,12:00,15,2.6,174.5,1.0,33.2,0.014,,,,0.000,
05/02/2016,13:00,20,2.2,170.2,1.0,33.8,0.015,,,,0.000,
05/02/2016,14:00,38,2.2,25.3,0.8,33.4,0.015,,,,0.000,
05/02/2016,15:00,41,2.4,18.3,0.9,31.5,0.015,,,,0.000,
05/02/2016,16:00,34,1.9,25.1,0.7,31.9,0.015,,,,0.000,
05/02/2016,17:00,33,2.0,20.0,0.7,31.5,0.014,,,,0.000,
05/02/2016,18:00,351,1.8,18.0,0.6,30.9,0.016,,,,0.000,
05/02/2016,19:00,358,2.2,19.2,0.8,30.5,0.011,,,,0.000,
05/02/2016,20:00,197,0.5,73.8,0.8,27.1,0.013,,,,0.000,
05/02/2016,21:00,145,0.2,91.5,0.3,25.8,0.011,,,,0.000,
05/02/2016,22:00,122,0.1,92.0,0.2,26.2,0.007,,,,0.000,
05/02/2016,23:00,70,0.4,142.3,0.5,26.5,0.007,,,,0.000,
06/02/2016,00:00,79,0.3,83.8,0.3,26.4,,,,,,
06/02/2016,01:00,320,0.8,48.3,0.5,26.5,0.008,,,,0.000,
06/02/2016,02:00,234,0.3,59.1,0.3,26.5,0.007,,,,0.000,
06/02/2016,03:00,64,0.6,43.5,0.3,26.5,0.007,,,,0.000,
06/02/2016,04:00,73,0.2,69.3,0.2,26.4,0.008,,,,0.000,
06/02/2016,05:00,152,0.1,67.6,0.2,26.4,0.005,,,,0.000,
06/02/2016,06:00,15,0.1,125.5,0.3,26.6,0.005,,,,0.000,
06/02/2016,07:00,242,0.6,35.5,0.4,27.7,0.007,,,,0.000,
06/02/2016,08:00,70,0.2,105.8,0.4,31.1,0.015,,,,0.000,
06/02/2016,09:00,92,0.8,50.3,0.6,32.3,0.017,,,,0.000,
06/02/2016,10:00,58,1.4,37.8,0.8,33.3,0.019,,,,0.000,
06/02/2016,11:00,46,2.2,27.8,0.9,32.8,0.020,,,,0.000,
06/02/2016,12:00,37,2.7,22.7,1.0,32.8,0.020,,,,0.000,
06/02/2016,13:00,45,2.9,22.4,1.1,32.9,0.018,,,,0.000,
06/02/2016,14:00,59,2.5,26.0,1.1,33.1,0.016,,,,0.000,
06/02/2016,15:00,51,2.1,20.5,0.8,32.1,0.016,,,,0.000,
06/02/2016,16:00,73,1.4,29.7,0.7,31.7,0.016,,,,0.000,
06/02/2016,17:00,43,1.0,37.4,0.4,31.0,0.016,,,,0.000,
06/02/2016,18:00,57,1.0,28.9,0.4,30.4,0.016,,,,0.000,
06/02/2016,19:00,96,0.8,26.6,0.5,29.8,0.013,,,,0.000,
06/02/2016,20:00,82,0.4,43.8,0.4,29.5,0.013,,,,0.000,
06/02/2016,21:00,132,0.2,67.1,0.2,29.2,0.011,,,,0.000,
06/02/2016,22:00,141,0.1,84.0,0.2,29.3,0.010,,,,0.000,
06/02/2016,23:00,96,0.2,54.3,0.2,29.2,0.009,,,,0.000,
07/02/2016,00:00,245,0.2,52.2,0.2,29.0,,,,,,
07/02/2016,01:00,,0.0,118.4,0.2,28.6,0.008,,,,0.000,
07/02/2016,02:00,94,0.2,82.4,0.3,28.5,0.007,,,,0.000,
07/02/2016,03:00,232,0.1,121.7,0.1,28.5,0.007,,,,0.000,
07/02/2016,04:00,270,0.1,128.0,0.2,28.4,0.005,,,,0.000,
07/02/2016,05:00,254,0.2,53.9,0.2,28.3,0.005,,,,0.000,
07/02/2016,06:00,7,0.1,193.3,0.2,28.2,0.004,,,,0.000,
07/02/2016,07:00,196,0.1,81.8,0.2,29.7,0.010,,,,0.000,
07/02/2016,08:00,56,0.2,80.4,0.3,32.2,0.016,,,,0.000,
07/02/2016,09:00,45,0.4,157.2,0.5,33.6,0.019,,,,0.000,7.8
07/02/2016,10:00,64,0.7,68.1,0.6,35.3,0.022,,,,0.000,6.6
07/02/2016,11:00,40,1.7,29.4,1.0,35.3,0.024,,,,0.000,4.3
07/02/2016,12:00,43,2.3,25.9,0.9,35.1,0.022,,,,0.000,
07/02/2016,13:00,59,2.4,29.8,1.2,34.4,0.019,,,,0.000,5.6
07/02/2016,14:00,62,1.2,57.2,1.2,33.9,0.019,,,,0.000,3.5
07/02/2016,15:00,241,1.0,69.2,0.9,29.2,0.018,,,,0.000,6.2
07/02/2016,16:00,101,1.1,33.3,0.7,28.1,0.018,,,,0.000,
07/02/2016,17:00,225,0.4,47.8,0.3,28.7,0.017,,,,0.000,9.2
07/02/2016,18:00,235,0.2,118.0,0.2,28.8,0.017,,,,0.000,9.9
07/02/2016,19:00,240,0.3,28.7,0.2,28.4,0.012,,,,0.000,10.3
07/02/2016,20:00,244,0.4,35.8,0.3,28.4,0.011,,,,0.000,12.6
07/02/2016,21:00,249,0.4,26.2,0.2,28.3,0.010,,,,0.000,10.2
07/02/2016,22:00,270,0.6,30.3,0.3,28.2,0.008,,,,0.000,10.2
07/02/2016,23:00,213,0.2,76.2,0.3,28.6,0.008,,,,0.000,11.2
08/02/2016,00:00,116,0.4,48.0,0.4,28.7,,,,,,11.1
08/02/2016,01:00,111,0.8,33.8,0.5,28.5,0.008,,,,0.000,4.9
08/02/2016,02:00,100,0.6,30.5,0.4,27.9,0.008,,,,0.000,4.9
08/02/2016,03:00,101,0.7,30.1,0.4,27.7,0.010,,,,0.000,6.1
08/02/2016,04:00,111,0.2,84.4,0.3,27.4,0.007,,,,0.000,7.6
08/02/2016,05:00,182,0.2,55.2,0.2,27.2,0.005,,,,0.000,7.2
08/02/2016,06:00,111,0.1,81.6,0.2,27.1,0.002,,,,0.000,11.9
08/02/2016,07:00,142,0.4,67.2,0.5,29.2,0.006,,,,0.000,15.5
08/02/2016,08:00,125,0.6,63.9,0.7,31.7,0.009,,,,0.000,10.4
08/02/2016,09:00,111,0.6,61.7,0.6,32.7,0.013,,,,0.000,9.6
08/02/2016,10:00,95,1.2,47.8,0.9,34.3,0.012,,,,0.000,7.1
08/02/2016,11:00,89,1.5,35.4,0.9,35.1,0.012,,,,0.000,5.8
08/02/2016,12:00,55,2.3,27.3,1.0,34.2,0.014,,,,0.000,7.1
08/02/2016,13:00,60,2.0,32.7,0.9,34.7,0.016,,,,0.000,9.9
08/02/2016,14:00,47,2.4,23.1,0.9,34.3,0.017,,,,0.000,7.5
08/02/2016,15:00,33,2.7,18.9,0.9,32.5,0.015,,,,0.000,9.0
08/02/2016,16:00,42,2.4,25.0,1.0,30.7,0.014,,,,0.000,10.1
08/02/2016,17:00,48,1.5,24.4,0.9,29.2,0.012,,,,0.000,15.7
08/02/2016,18:00,40,2.2,21.0,0.9,29.2,0.011,,,,0.000,14.4
08/02/2016,19:00,96,2.2,30.3,1.2,27.3,0.012,,,,0.000,8.0
08/02/2016,20:00,157,0.9,66.8,1.2,24.8,0.020,,,,0.000,
08/02/2016,21:00,186,0.4,95.1,0.6,24.6,0.018,,,,0.000,4.5
08/02/2016,22:00,228,0.8,29.9,0.4,24.7,0.016,,,,0.000,4.7
08/02/2016,23:00,195,0.8,42.1,0.6,24.6,0.016,,,,0.000,1.7
09/02/2016,00:00,179,0.4,67.3,0.6,25.0,,,,,,3.6
09/02/2016,01:00,,,,,25.0,0.012,,,,0.000,5.0
09/02/2016,02:00,225,0.2,76.6,0.3,25.0,0.011,,,,0.000,5.9
09/02/2016,03:00,236,0.4,41.5,0.4,25.2,0.009,,,,0.000,7.9
09/02/2016,04:00,75,0.1,112.7,0.3,25.3,0.008,,,,0.000,8.3
09/02/2016,05:00,121,0.5,48.9,0.4,24.9,0.010,,,,0.000,10.4
09/02/2016,06:00,132,0.3,68.7,0.3,24.9,0.007,,,,0.000,14.3
09/02/2016,07:00,208,0.3,63.4,0.3,27.0,0.007,,,,0.000,21.9
09/02/2016,08:00,125,0.9,56.5,0.7,30.3,0.011,,,,0.000,17.4
09/02/2016,09:00,116,0.7,61.3,0.7,32.3,0.015,,,,0.000,24.1
09/02/2016,10:00,296,0.3,95.6,0.6,32.8,0.020,,,,0.000,22.2
09/02/2016,11:00,293,0.5,98.8,0.8,33.6,0.021,,,,0.000,17.5
09/02/2016,12:00,222,0.5,74.3,0.7,33.2,0.020,,,,0.000,19.6
09/02/2016,13:00,161,0.4,79.9,0.6,35.3,0.017,,,,0.000,18.8
09/02/2016,14:00,62,1.5,40.5,1.1,34.0,0.017,,,,0.000,27.5
09/02/2016,15:00,64,2.4,26.1,1.1,32.6,0.017,,,,0.000,28.7
09/02/2016,16:00,54,3.0,24.2,1.4,31.8,0.017,,,,0.000,30.4
09/02/2016,17:00,85,2.3,24.9,1.3,30.9,0.016,,,,0.000,26.9
09/02/2016,18:00,87,2.4,25.9,1.3,29.9,0.014,,,,0.000,32.3
09/02/2016,19:00,99,1.9,27.6,1.1,29.1,0.012,,,,0.000,25.9
09/02/2016,20:00,107,1.5,34.5,0.9,28.6,0.012,,,,0.000,28.1
09/02/2016,21:00,103,1.6,27.6,0.9,28.3,0.011,,,,0.001,23.2
09/02/2016,22:00,105,0.8,42.8,0.6,27.9,0.010,,,,0.001,21.3
09/02/2016,23:00,109,0.7,42.6,0.6,27.7,0.010,,,,0.000,16.4
10/02/2016,00:00,123,0.9,44.1,0.6,27.9,,,,,,16.6
10/02/2016,01:00,121,1.1,51.5,0.9,27.3,0.015,,,,0.000,13.7
10/02/2016,02:00,145,0.8,56.0,0.7,26.9,0.014,,,,0.000,14.2
10/02/2016,03:00,148,0.4,57.8,0.4,26.8,0.014,,,,0.000,17.6
10/02/2016,04:00,200,0.3,54.6,0.3,26.0,0.012,,,,0.000,15.4
10/02/2016,05:00,233,0.2,72.8,0.3,25.1,0.009,,,,0.000,16.0
10/02/2016,06:00,238,0.3,36.3,0.2,24.9,0.005,,,,0.000,17.2
10/02/2016,07:00,174,0.5,59.0,0.5,27.4,0.008,,,,0.000,24.4
10/02/2016,08:00,140,0.8,56.3,0.6,30.5,0.011,,,,0.000,31.0
10/02/2016,09:00,137,1.0,58.9,0.8,32.1,0.013,,,,0.000,26.3
10/02/2016,10:00,105,1.3,49.0,0.8,32.9,0.015,,,,0.000,30.1
10/02/2016,11:00,99,1.4,42.9,0.9,33.5,0.015,,,,0.001,26.7
10/02/2016,12:00,112,0.6,68.0,0.6,33.1,0.016,,,,0.000,
10/02/2016,13:00,66,2.3,29.1,1.1,32.6,0.016,,,,0.000,60.8
10/02/2016,14:00,71,2.2,31.0,1.1,33.2,0.015,,,,0.000,52.8
10/02/2016,15:00,62,2.3,27.3,1.1,32.8,0.015,,,,0.000,50.1
10/02/2016,16:00,59,2.6,25.5,1.1,32.1,0.015,,,,0.000,48.4
10/02/2016,17:00,61,2.4,26.1,1.1,31.0,0.016,,,,0.000,44.5
10/02/2016,18:00,87,1.7,28.0,1.0,29.6,0.016,,,,0.000,46.2
10/02/2016,19:00,82,1.5,25.9,0.9,28.8,0.015,,,,0.000,47.9
10/02/2016,20:00,83,1.7,23.6,0.9,28.6,0.015,,,,0.000,41.1
10/02/2016,21:00,104,1.1,25.4,0.6,28.0,0.013,,,,0.000,39.0
10/02/2016,22:00,108,1.0,30.2,0.6,27.8,0.012,,,,0.002,34.2
10/02/2016,23:00,100,1.3,27.1,0.7,27.7,0.012,,,,0.003,33.8
11/02/2016,00:00,113,0.8,40.9,0.6,27.2,,,,,,29.3
11/02/2016,01:00,136,0.7,59.1,0.6,26.8,0.012,,,,0.001,26.1
11/02/2016,02:00,161,0.3,56.8,0.4,26.4,0.012,,,,0.000,22.3
11/02/2016,03:00,150,0.2,73.5,0.3,25.9,0.011,,,,0.000,22.1
11/02/2016,04:00,252,0.3,29.9,0.3,25.4,0.008,,,,0.000,23.4
11/02/2016,05:00,265,0.6,25.1,0.4,24.9,0.007,,,,0.000,23.2
11/02/2016,06:00,241,0.4,34.9,0.3,25.1,0.003,,,,0.000,24.7
11/02/2016,07:00,214,0.2,96.0,0.3,27.5,0.007,,,,0.000,26.4
11/02/2016,08:00,148,0.5,76.1,0.6,30.6,0.012,,,,0.000,26.8
11/02/2016,09:00,140,0.9,54.7,0.7,31.7,0.015,,,,0.000,24.6
11/02/2016,10:00,91,0.8,66.6,0.8,32.2,0.016,,,,0.001,25.3
11/02/2016,11:00,85,1.5,35.2,0.9,32.0,0.017,,,,0.001,26.8
11/02/2016,12:00,70,1.4,42.6,0.9,31.0,0.017,,,,0.000,25.2
11/02/2016,13:00,69,2.0,32.2,1.0,32.7,0.015,,,,0.000,25.5
11/02/2016,14:00,85,2.2,25.5,1.1,32.1,0.015,,,,0.000,23.7
11/02/2016,15:00,87,2.5,26.3,1.2,30.9,0.014,,,,0.000,20.1
11/02/2016,16:00,101,1.5,48.4,1.1,31.0,0.013,,,,0.000,19.9
11/02/2016,17:00,116,0.5,72.1,0.5,28.6,0.010,,,,0.001,20.6
11/02/2016,18:00,104,0.9,42.0,0.6,29.4,0.012,,,,0.000,29.3
11/02/2016,19:00,91,0.8,28.0,0.4,28.4,0.012,,,,0.000,27.3
11/02/2016,20:00,204,0.5,51.1,0.4,27.2,0.007,,,,0.000,21.9
11/02/2016,21:00,236,0.4,55.9,0.3,26.1,0.002,,,,0.000,17.5
11/02/2016,22:00,217,0.6,21.4,0.3,26.0,0.004,,,,0.000,15.1
11/02/2016,23:00,236,0.4,25.8,0.2,25.7,0.004,,,,0.000,14.4
12/02/2016,00:00,234,0.3,32.6,0.2,25.5,,,,,,14.0
12/02/2016,01:00,251,0.3,46.0,0.2,25.4,0.003,,,,0.000,13.9
12/02/2016,02:00,228,0.4,30.4,0.2,25.1,0.003,,,,0.000,14.7
12/02/2016,03:00,232,0.4,25.6,0.2,25.0,0.003,,,,0.000,17.5
12/02/2016,04:00,253,0.4,27.5,0.3,24.7,0.003,,,,0.000,16.9
12/02/2016,05:00,237,0.2,126.3,0.3,24.4,0.002,,,,0.000,18.3
12/02/2016,06:00,79,0.3,151.2,0.3,24.3,0.002,,,,0.000,26.0
12/02/2016,07:00,262,0.3,61.6,0.3,26.6,0.005,,,,0.001,26.3
12/02/2016,08:00,153,0.3,78.0,0.5,30.2,0.013,,,,0.000,27.1
12/02/2016,09:00,281,0.3,98.6,0.5,31.8,0.021,,,,0.000,26.3
12/02/2016,10:00,190,0.2,99.5,0.6,33.5,0.023,,,,0.000,23.8
12/02/2016,11:00,127,0.8,58.6,0.7,34.6,0.021,,,,0.000,21.9
12/02/2016,12:00,136,0.6,76.1,0.8,35.5,0.025,,,,0.000,20.7
12/02/2016,13:00,18,1.5,163.0,1.0,34.0,0.030,,,,0.002,26.2
12/02/2016,14:00,52,2.0,29.7,1.0,33.8,0.026,,,,0.002,25.3
12/02/2016,15:00,42,1.7,29.8,0.9,32.9,0.023,,,,0.002,25.9
12/02/2016,16:00,42,1.7,28.4,0.8,33.1,0.024,,,,0.001,26.4
12/02/2016,17:00,37,1.9,20.0,0.7,31.7,0.020,,,,0.001,28.5
12/02/2016,18:00,43,2.2,18.7,0.8,29.6,0.018,,,,0.000,26.8
12/02/2016,19:00,52,1.6,23.9,0.7,28.9,0.016,,,,0.001,25.8
12/02/2016,20:00,55,1.5,22.8,0.7,28.9,0.016,,,,0.001,25.3
12/02/2016,21:00,75,1.1,25.3,0.6,28.7,0.014,,,,0.000,22.4
12/02/2016,22:00,114,0.2,67.7,0.3,28.0,0.011,,,,0.000,23.6
12/02/2016,23:00,115,0.3,50.2,0.2,27.5,0.011,,,,0.000,20.1
13/02/2016,00:00,123,0.4,42.6,0.3,27.5,,,,,,21.5
13/02/2016,01:00,210,0.1,67.3,0.2,26.9,0.014,,,,0.002,22.6
13/02/2016,02:00,232,0.2,27.7,0.2,26.2,0.011,,,,0.002,21.3
13/02/2016,03:00,230,0.3,26.1,0.2,25.8,0.008,,,,0.002,21.5
13/02/2016,04:00,135,0.2,60.9,0.2,25.3,0.005,,,,0.001,18.0
13/02/2016,05:00,127,0.2,70.7,0.3,24.9,0.004,,,,0.001,19.9
13/02/2016,06:00,278,0.2,64.8,0.2,24.6,0.003,,,,0.001,20.5
13/02/2016,07:00,266,0.8,31.9,0.5,27.0,0.010,,,,0.001,25.2
13/02/2016,08:00,227,0.9,31.3,0.5,30.0,0.019,,,,0.001,26.5
13/02/2016,09:00,249,0.5,97.7,0.7,31.4,0.024,,,,0.000,25.8
13/02/2016,10:00,41,0.7,143.7,0.9,32.6,0.030,,,,0.000,24.9
13/02/2016,11:00,22,0.7,89.9,1.0,32.0,0.031,,,,0.001,23.2
13/02/2016,12:00,39,2.0,27.6,0.9,32.1,0.033,,,,0.001,26.3
13/02/2016,13:00,42,2.3,23.2,0.8,33.3,0.028,,,,0.002,21.8
13/02/2016,14:00,28,2.9,21.6,0.8,33.1,0.028,,,,0.001,22.9
13/02/2016,15:00,41,2.5,21.0,0.8,32.4,0.028,,,,0.001,25.2
13/02/2016,16:00,25,2.3,22.6,0.7,32.5,0.026,,,,0.000,21.1
13/02/2016,17:00,28,1.5,27.9,0.6,32.2,0.026,,,,0.000,23.5
13/02/2016,18:00,43,1.6,18.4,0.7,30.2,0.025,,,,0.000,28.1
13/02/2016,19:00,336,1.2,31.5,0.6,29.2,0.024,,,,0.001,26.9
13/02/2016,20:00,323,0.6,32.9,0.5,28.6,0.021,,,,0.000,26.6
13/02/2016,21:00,19,0.3,155.1,0.2,27.6,0.016,,,,0.000,22.8
13/02/2016,22:00,51,0.4,19.0,0.2,26.9,0.015,,,,0.000,20.2
13/02/2016,23:00,124,0.2,52.3,0.2,26.6,0.007,,,,0.000,20.6
14/02/2016,00:00,199,0.3,27.9,0.2,26.0,,,,,,18.8
14/02/2016,01:00,206,0.2,27.9,0.2,25.5,0.006,,,,0.001,15.9
14/02/2016,02:00,220,0.3,37.2,0.2,25.2,0.006,,,,0.000,14.9
14/02/2016,03:00,227,0.1,66.3,0.2,24.7,0.005,,,,0.000,14.7
14/02/2016,04:00,259,0.3,28.7,0.2,24.1,0.003,,,,0.000,15.0
14/02/2016,05:00,267,0.4,14.6,0.2,23.9,0.002,,,,0.001,17.9
14/02/2016,06:00,250,0.4,38.1,0.3,24.0,0.003,,,,0.000,21.0
14/02/2016,07:00,242,0.4,37.9,0.3,26.6,0.010,,,,0.001,23.5
14/02/2016,08:00,253,0.7,53.0,0.6,30.1,0.023,,,,0.001,18.6
14/02/2016,09:00,281,0.6,69.1,0.6,32.2,0.029,,,,0.001,20.3
14/02/2016,10:00,31,1.1,63.9,0.9,33.4,0.036,,,,0.001,26.2
14/02/2016,11:00,15,3.3,20.5,0.8,32.2,0.030,,,,0.001,23.2
14/02/2016,12:00,6,3.1,177.4,0.9,32.3,0.031,,,,0.000,19.0
14/02/2016,13:00,20,2.7,25.8,0.8,33.2,0.034,,,,0.001,22.2
14/02/2016,14:00,18,2.8,21.8,0.8,33.2,0.033,,,,0.001,21.6
14/02/2016,15:00,2,2.4,167.9,0.9,33.3,0.032,,,,0.001,20.0
14/02/2016,16:00,352,2.2,29.7,1.0,33.0,0.032,,,,0.001,23.0
14/02/2016,17:00,352,2.9,18.5,0.9,31.4,0.029,,,,0.000,24.9
14/02/2016,18:00,335,2.1,23.4,0.8,30.0,0.027,,,,0.000,21.9
14/02/2016,19:00,334,1.2,17.0,0.5,29.7,0.027,,,,0.001,21.6
14/02/2016,20:00,288,0.5,42.0,0.3,29.1,0.022,,,,0.001,21.2
14/02/2016,21:00,208,0.2,61.8,0.2,27.8,0.011,,,,0.000,23.1
14/02/2016,22:00,124,0.1,98.8,0.2,26.7,0.010,,,,0.000,19.8
14/02/2016,23:00,161,0.2,67.0,0.2,26.0,0.009,,,,0.000,18.6
15/02/2016,00:00,229,0.1,87.6,0.2,25.6,,,,,,16.0
15/02/2016,01:00,225,0.1,63.2,0.2,25.1,0.006,,,,0.000,20.8
15/02/2016,02:00,239,0.1,90.7,0.2,24.7,0.006,,,,0.001,21.5
15/02/2016,03:00,217,0.3,55.7,0.2,24.5,0.003,,,,0.001,20.5
15/02/2016,04:00,222,0.1,112.0,0.2,24.4,0.002,,,,0.000,19.4
15/02/2016,05:00,254,0.3,31.6,0.2,24.1,0.001,,,,0.001,21.4
15/02/2016,06:00,232,0.7,18.8,0.3,24.1,0.003,,,,0.000,23.2
15/02/2016,07:00,230,0.5,37.9,0.3,26.5,0.011,,,,0.001,26.3
15/02/2016,08:00,262,0.4,74.7,0.4,30.6,0.020,,,,0.001,35.6
15/02/2016,09:00,323,1.1,46.5,0.7,32.5,0.027,,,,0.001,21.1
15/02/2016,10:00,333,1.7,35.0,0.9,33.7,0.029,,,,0.001,17.2
15/02/2016,11:00,344,2.3,29.1,1.0,34.6,0.030,,,,0.000,12.1
15/02/2016,12:00,347,2.2,26.0,0.9,35.4,0.032,,,,0.001,16.8
15/02/2016,13:00,13,3.0,172.8,0.9,35.6,0.036,,,,0.001,19.3
15/02/2016,14:00,23,2.6,26.5,1.1,36.0,0.037,,,,0.001,22.5
15/02/2016,15:00,37,2.6,18.0,0.8,35.8,0.036,,,,0.001,22.1
15/02/2016,16:00,35,2.5,23.4,0.9,34.9,0.035,,,,0.000,21.5
15/02/2016,17:00,347,2.2,22.1,0.8,33.6,0.031,,,,0.000,23.8
15/02/2016,18:00,341,2.0,17.5,0.7,31.1,0.028,,,,0.000,14.5
15/02/2016,19:00,334,1.7,18.0,0.6,30.1,0.024,,,,0.000,19.4
15/02/2016,20:00,341,1.4,19.4,0.5,29.6,0.023,,,,0.000,14.9
15/02/2016,21:00,346,1.0,21.9,0.5,29.2,0.023,,,,0.000,14.1
15/02/2016,22:00,249,0.3,55.5,0.2,28.3,0.017,,,,0.000,12.9
15/02/2016,23:00,217,0.3,25.1,0.2,27.5,0.011,,,,0.000,10.3
16/02/2016,00:00,197,0.2,31.8,0.2,27.0,,,,,,11.8
16/02/2016,01:00,159,0.2,53.1,0.2,26.3,0.010,,,,0.000,14.6
16/02/2016,02:00,149,0.3,45.2,0.2,26.1,0.011,,,,0.000,10.8
16/02/2016,03:00,148,0.1,60.7,0.2,25.3,0.008,,,,0.000,11.6
16/02/2016,04:00,234,0.2,64.6,0.2,24.9,0.006,,,,0.000,15.1
16/02/2016,05:00,233,0.5,19.2,0.2,25.0,0.006,,,,0.000,18.5
16/02/2016,06:00,229,0.6,21.6,0.3,24.9,0.008,,,,0.001,20.8
16/02/2016,07:00,230,0.6,29.5,0.4,27.0,0.011,,,,0.001,25.4
16/02/2016,08:00,256,0.4,85.2,0.5,30.4,0.019,,,,0.001,23.1
16/02/2016,09:00,346,0.9,55.1,0.7,32.7,0.027,,,,0.001,21.0
16/02/2016,10:00,348,1.0,58.9,0.9,34.5,0.033,,,,0.001,18.0
16/02/2016,11:00,355,1.8,30.4,0.9,35.3,0.034,,,,0.001,12.3
16/02/2016,12:00,341,2.1,30.5,0.9,35.8,0.033,,,,0.001,19.1
16/02/2016,13:00,352,2.2,26.8,0.9,36.0,0.031,,,,0.001,15.4
16/02/2016,14:00,344,1.9,36.3,0.9,36.4,0.033,,,,0.001,28.4
16/02/2016,15:00,330,1.7,32.2,0.8,36.3,0.035,,,,0.000,20.1
16/02/2016,16:00,11,1.9,166.1,0.7,35.3,0.035,,,,0.000,16.6
16/02/2016,17:00,24,2.0,20.6,0.6,34.1,0.033,,,,0.000,19.5
16/02/2016,18:00,357,0.7,161.0,0.5,32.0,0.028,,,,0.001,25.0
16/02/2016,19:00,286,0.4,56.2,0.3,30.4,0.023,,,,0.000,22.9
16/02/2016,20:00,266,0.8,18.5,0.3,29.5,0.021,,,,0.000,22.3
16/02/2016,21:00,250,0.5,34.3,0.2,29.0,0.019,,,,0.000,18.3
16/02/2016,22:00,146,0.1,62.0,0.1,28.3,0.012,,,,0.000,20.2
16/02/2016,23:00,179,0.2,41.3,0.2,28.0,0.009,,,,0.000,15.3
17/02/2016,00:00,193,0.2,48.8,0.2,27.3,,,,,,13.0
17/02/2016,01:00,258,0.2,52.4,0.2,26.8,0.009,,,,0.000,11.4
17/02/2016,02:00,231,0.4,24.1,0.2,26.6,0.007,,,,0.000,13.9
17/02/2016,03:00,242,0.4,27.6,0.2,26.2,0.005,,,,0.000,16.6
17/02/2016,04:00,270,0.2,91.4,0.2,25.7,0.003,,,,0.000,16.1
17/02/2016,05:00,236,0.3,54.5,0.2,25.5,0.002,,,,0.000,18.2
17/02/2016,06:00,264,0.2,148.0,0.3,25.3,0.001,,,,0.001,22.6
17/02/2016,07:00,253,0.4,84.3,0.4,28.0,0.008,,,,0.001,34.3
17/02/2016,08:00,336,1.0,45.7,0.7,31.1,0.020,,,,0.000,26.9
17/02/2016,09:00,324,0.9,51.4,0.6,33.3,0.030,,,,0.001,21.1
17/02/2016,10:00,352,0.8,61.6,0.7,35.9,0.041,,,,0.001,30.6
17/02/2016,11:00,356,0.9,57.4,0.7,37.3,0.046,,,,0.001,27.7
17/02/2016,12:00,38,1.6,37.0,0.7,37.8,0.048,,,,0.001,29.7
17/02/2016,13:00,45,1.6,32.7,0.7,38.3,0.050,,,,0.001,35.2
17/02/2016,14:00,55,1.9,26.9,0.8,39.1,0.054,,,,0.001,49.7
17/02/2016,15:00,26,2.4,25.3,0.9,39.3,0.046,,,,0.001,26.0
17/02/2016,16:00,40,2.2,20.7,0.8,37.6,0.041,,,,0.001,29.4
17/02/2016,17:00,341,1.6,40.7,0.8,34.2,0.037,,,,0.001,32.0
17/02/2016,18:00,321,1.2,32.1,0.6,32.0,0.028,,,,0.000,20.2
17/02/2016,19:00,348,1.2,22.1,0.5,31.2,0.026,,,,0.000,26.1
17/02/2016,20:00,303,0.9,65.7,0.8,31.0,0.024,,,,0.000,27.2
17/02/2016,21:00,10,2.2,41.7,1.9,30.7,0.021,,,,0.000,21.3
17/02/2016,22:00,273,0.8,54.1,0.7,30.7,0.021,,,,0.000,17.7
17/02/2016,23:00,150,0.2,114.3,0.3,30.5,0.021,,,,0.000,20.6
18/02/2016,00:00,78,0.7,55.6,0.6,30.3,,,,,,13.5
18/02/2016,01:00,356,0.1,131.1,0.3,30.0,0.018,,,,0.000,13.2
18/02/2016,02:00,18,0.2,122.2,0.3,29.7,0.022,,,,0.000,4.5
18/02/2016,03:00,260,0.3,92.4,0.3,29.2,0.018,,,,0.000,15.9
18/02/2016,04:00,230,0.2,58.0,0.2,28.9,0.013,,,,0.000,14.9
18/02/2016,05:00,259,0.5,27.4,0.3,28.9,0.010,,,,0.000,16.2
18/02/2016,06:00,257,0.2,142.5,0.2,28.8,0.007,,,,0.000,19.6
18/02/2016,07:00,150,0.3,80.8,0.4,29.7,0.006,,,,0.000,27.2
18/02/2016,08:00,16,0.3,164.7,0.4,32.3,0.020,,,,0.001,16.7
18/02/2016,09:00,281,0.7,51.1,0.6,33.8,0.028,,,,0.001,20.7
18/02/2016,10:00,8,1.1,153.4,0.7,34.9,0.036,,,,0.001,47.4
18/02/2016,11:00,16,2.0,28.7,0.8,34.8,0.040,,,,0.001,43.0
18/02/2016,12:00,7,2.0,179.3,0.8,35.8,0.040,,,,0.001,37.6
18/02/2016,13:00,4,2.6,175.4,0.7,35.9,0.037,,,,0.001,45.4
18/02/2016,14:00,4,2.2,171.8,0.9,36.6,0.038,,,,0.000,49.6
18/02/2016,15:00,342,2.2,26.2,1.0,36.7,0.037,,,,0.000,20.9
18/02/2016,16:00,333,1.8,23.7,0.8,35.3,0.037,,,,0.001,19.6
18/02/2016,17:00,31,2.0,33.6,0.8,33.5,0.031,,,,0.000,26.6
18/02/2016,18:00,43,1.8,18.6,0.8,31.5,0.024,,,,0.001,19.7
18/02/2016,19:00,34,0.8,25.1,0.4,30.9,0.024,,,,0.000,18.8
18/02/2016,20:00,360,0.8,158.1,0.5,30.6,0.021,,,,0.000,16.0
18/02/2016,21:00,352,2.1,16.3,0.7,30.6,0.021,,,,0.000,15.5
18/02/2016,22:00,16,1.8,172.7,0.7,30.6,0.020,,,,0.000,13.9
18/02/2016,23:00,310,0.9,49.7,0.6,30.6,0.022,,,,0.000,12.4
19/02/2016,00:00,296,0.1,115.9,0.3,30.3,,,,,,14.6
19/02/2016,01:00,18,1.2,24.5,0.5,30.3,0.021,,,,0.000,13.3
19/02/2016,02:00,15,0.9,170.5,0.4,29.9,0.023,,,,0.000,11.5
19/02/2016,03:00,359,0.7,20.5,0.3,29.9,0.024,,,,0.000,10.3
19/02/2016,04:00,38,0.2,99.3,0.2,28.8,0.022,,,,0.000,12.5
19/02/2016,05:00,301,0.1,68.7,0.1,28.3,0.017,,,,0.000,10.6
19/02/2016,06:00,8,0.3,183.5,0.3,28.4,0.012,,,,0.000,17.0
19/02/2016,07:00,9,1.6,178.5,0.8,30.4,0.023,,,,0.000,22.4
19/02/2016,08:00,343,1.5,35.6,0.7,31.5,0.026,,,,0.000,11.6
19/02/2016,09:00,346,2.0,25.7,0.8,32.5,0.027,,,,0.000,16.7
19/02/2016,10:00,7,2.6,23.6,1.0,33.8,,,,,,22.0
19/02/2016,11:00,19,2.8,20.4,0.9,34.4,0.028,,,,0.000,13.3
19/02/2016,12:00,20,2.5,23.6,0.9,34.8,0.028,,,,0.000,8.8
19/02/2016,13:00,19,2.6,21.9,1.0,34.7,0.024,,,,0.000,26.7
19/02/2016,14:00,49,2.5,26.4,1.0,34.4,0.021,,,,0.000,16.2
19/02/2016,15:00,49,2.9,20.9,1.1,34.2,0.021,,,,0.000,13.2
19/02/2016,16:00,44,3.1,19.4,1.1,33.4,0.021,,,,0.001,10.3
19/02/2016,17:00,41,2.8,17.5,1.0,32.4,0.020,,,,0.000,17.3
19/02/2016,18:00,46,2.2,19.7,0.9,30.9,0.018,,,,0.000,18.5
19/02/2016,19:00,39,2.1,16.4,0.7,30.4,0.018,,,,0.000,14.0
19/02/2016,20:00,28,1.6,16.6,0.5,30.3,0.017,,,,0.000,13.4
19/02/2016,21:00,27,0.9,17.0,0.3,30.1,0.016,,,,0.000,14.3
19/02/2016,22:00,20,1.1,17.8,0.4,30.1,0.016,,,,0.000,11.0
19/02/2016,23:00,354,1.1,18.9,0.4,29.8,0.015,,,,0.000,11.3
20/02/2016,00:00,2,1.1,16.4,0.4,29.6,,,,,,10.8
20/02/2016,01:00,32,0.8,24.5,0.4,29.4,0.014,,,,0.000,12.0
20/02/2016,02:00,97,0.2,55.8,0.2,28.9,0.012,,,,0.000,10.7
20/02/2016,03:00,142,0.2,46.2,0.2,28.3,0.007,,,,0.000,10.5
20/02/2016,04:00,135,0.3,50.7,0.3,28.0,0.006,,,,0.000,11.4
20/02/2016,05:00,142,0.3,48.0,0.3,27.9,0.004,,,,0.000,14.4
20/02/2016,06:00,33,1.1,50.2,0.9,29.1,0.011,,,,0.000,20.2
20/02/2016,07:00,37,2.2,17.9,0.7,30.6,0.016,,,,0.000,18.5
20/02/2016,08:00,46,2.4,20.2,0.9,31.6,0.017,,,,0.000,17.1
20/02/2016,09:00,47,2.6,22.5,1.0,32.3,0.018,,,,0.000,14.3
20/02/2016,10:00,40,2.3,26.5,0.9,33.2,0.017,,,,0.000,16.6
20/02/2016,11:00,24,2.4,23.3,0.8,33.7,0.018,,,,0.000,13.9
20/02/2016,12:00,28,2.7,22.7,1.0,34.1,0.019,,,,0.000,15.6
20/02/2016,13:00,21,2.9,21.1,1.0,34.2,0.018,,,,0.000,17.5
20/02/2016,14:00,45,2.3,25.0,0.9,34.4,0.017,,,,0.000,18.4
20/02/2016,15:00,48,2.9,20.2,1.1,33.7,0.015,,,,0.000,13.3
20/02/2016,16:00,44,2.9,19.3,1.0,32.9,0.015,,,,0.001,14.4
20/02/2016,17:00,40,2.7,18.0,0.9,32.0,0.014,,,,0.000,15.6
20/02/2016,18:00,46,2.3,21.0,0.9,30.4,0.013,,,,0.000,13.6
20/02/2016,19:00,51,2.0,23.2,0.9,30.0,0.012,,,,0.000,12.6
20/02/2016,20:00,52,1.7,23.4,0.8,29.9,0.012,,,,0.000,11.5
20/02/2016,21:00,56,1.6,22.7,0.8,29.8,0.013,,,,0.000,10.8
20/02/2016,22:00,58,1.3,26.3,0.8,29.6,0.013,,,,0.000,12.3
20/02/2016,23:00,56,1.1,24.2,0.6,29.4,0.012,,,,0.000,11.9
21/02/2016,00:00,51,1.7,25.2,0.8,29.6,,,,,,7.4
21/02/2016,01:00,61,1.7,24.5,0.9,29.6,0.012,,,,0.000,14.1
21/02/2016,02:00,61,1.7,26.4,1.0,29.1,0.012,,,,0.000,10.5
21/02/2016,03:00,69,1.6,25.1,0.9,29.2,0.013,,,,0.000,12.6
21/02/2016,04:00,77,1.3,23.0,0.7,29.0,0.014,,,,0.000,13.1
21/02/2016,05:00,108,0.5,56.9,0.5,28.9,0.012,,,,0.000,17.1
21/02/2016,06:00,142,0.3,57.4,0.3,28.5,0.010,,,,0.000,16.5
21/02/2016,07:00,111,0.8,45.7,0.6,28.9,0.012,,,,0.001,16.9
21/02/2016,08:00,94,1.2,38.1,0.9,31.5,0.015,,,,0.002,24.1
21/02/2016,09:00,89,1.3,34.8,0.8,32.5,0.017,,,,0.000,21.0
21/02/2016,10:00,58,2.0,30.3,1.0,32.8,0.019,,,,0.000,18.2
21/02/2016,11:00,42,2.0,35.2,0.9,33.6,0.021,,,,0.000,19.6
21/02/2016,12:00,42,2.7,24.4,1.0,33.4,0.021,,,,0.000,21.7
21/02/2016,13:00,55,2.1,35.9,1.1,33.0,0.020,,,,0.000,23.9
21/02/2016,14:00,68,1.6,27.4,0.9,29.7,0.018,,,,0.000,15.8
21/02/2016,15:00,65,1.9,27.3,1.3,32.1,0.021,,,,0.000,16.6
21/02/2016,16:00,74,2.8,26.3,1.3,32.5,0.022,,,,0.000,15.6
21/02/2016,17:00,92,2.3,25.2,1.2,31.6,0.019,,,,0.000,19.4
21/02/2016,18:00,88,1.9,24.5,1.1,29.9,0.017,,,,0.000,27.1
21/02/2016,19:00,101,1.2,31.3,0.8,29.5,0.017,,,,0.000,25.0
21/02/2016,20:00,98,1.2,24.4,0.7,29.3,0.017,,,,0.000,23.5
21/02/2016,21:00,108,1.0,31.9,0.6,28.9,0.015,,,,0.002,23.3
21/02/2016,22:00,100,0.6,35.0,0.4,28.5,0.013,,,,0.002,26.2
21/02/2016,23:00,165,0.1,72.3,0.3,27.7,0.012,,,,0.002,23.3
22/02/2016,00:00,182,0.3,52.1,0.3,27.4,,,,,,19.8
22/02/2016,01:00,152,0.5,59.0,0.5,27.6,0.013,,,,0.001,16.5
22/02/2016,02:00,192,0.1,105.8,0.3,26.6,0.013,,,,0.000,15.0
22/02/2016,03:00,204,0.1,99.9,0.3,25.9,0.011,,,,0.000,16.6
22/02/2016,04:00,35,0.1,151.2,0.2,25.8,0.009,,,,0.000,16.9
22/02/2016,05:00,47,0.1,99.9,0.3,26.4,0.007,,,,0.000,19.4
22/02/2016,06:00,184,1.1,45.7,0.9,27.8,0.012,,,,0.000,16.2
22/02/2016,07:00,185,1.4,37.4,0.9,27.3,0.009,,,,0.000,15.3
22/02/2016,08:00,182,1.5,39.7,1.0,27.4,0.008,,,,0.000,9.9
22/02/2016,09:00,179,1.0,46.4,0.8,27.8,0.009,,,,0.000,12.1
22/02/2016,10:00,195,0.8,43.4,0.6,27.6,0.010,,,,0.000,10.4
22/02/2016,11:00,172,0.8,57.4,0.8,31.0,0.015,,,,0.000,10.8
22/02/2016,12:00,100,1.3,62.4,1.4,33.3,0.015,,,,0.000,11.7
22/02/2016,13:00,96,1.2,48.7,1.0,29.7,0.014,,,,0.000,18.4
22/02/2016,14:00,72,1.6,31.7,1.0,31.8,0.013,,,,0.000,11.1
22/02/2016,15:00,214,0.7,62.6,0.7,29.7,0.012,,,,0.000,15.4
22/02/2016,16:00,86,0.9,77.2,1.2,30.9,0.010,,,,0.000,14.7
22/02/2016,17:00,83,2.1,30.7,1.3,30.8,0.010,,,,0.000,25.0
22/02/2016,18:00,87,2.3,23.4,1.2,29.9,0.011,,,,0.000,18.5
22/02/2016,19:00,98,1.4,24.4,0.8,29.4,0.011,,,,0.000,25.4
22/02/2016,20:00,100,1.1,38.7,0.8,29.1,0.011,,,,0.001,24.7
22/02/2016,21:00,170,0.5,55.5,0.5,28.5,0.007,,,,0.000,19.7
22/02/2016,22:00,162,0.6,56.3,0.6,28.3,0.009,,,,0.000,15.9
22/02/2016,23:00,133,0.7,56.5,0.7,28.3,0.009,,,,0.000,13.1
23/02/2016,00:00,144,0.9,58.2,0.8,28.1,,,,,,7.4
23/02/2016,01:00,120,1.0,48.9,0.7,27.7,0.009,,,,0.000,10.4
23/02/2016,02:00,125,1.3,46.0,1.2,27.6,0.010,,,,0.000,13.0
23/02/2016,03:00,129,0.6,58.8,0.6,26.7,0.009,,,,0.000,8.6
23/02/2016,04:00,119,1.1,49.1,0.9,27.1,0.009,,,,0.000,14.0
23/02/2016,05:00,155,0.4,63.6,0.5,26.6,0.008,,,,0.000,13.0
23/02/2016,06:00,174,0.5,52.6,0.5,27.2,0.006,,,,0.000,15.2
23/02/2016,07:00,137,0.7,57.0,0.7,28.9,0.007,,,,0.000,23.5
23/02/2016,08:00,152,0.8,57.8,0.8,30.2,0.008,,,,0.000,19.8
23/02/2016,09:00,126,1.3,55.0,1.1,32.5,0.011,,,,0.000,22.0
23/02/2016,10:00,130,1.2,55.0,1.0,33.1,0.012,,,,0.000,22.3
23/02/2016,11:00,122,1.1,57.5,1.0,33.3,0.014,,,,0.000,22.9
23/02/2016,12:00,75,2.6,28.1,1.3,33.3,0.014,,,,0.000,29.9
23/02/2016,13:00,76,3.1,24.6,1.6,34.2,0.014,,,,0.000,27.4
23/02/2016,14:00,80,3.5,23.8,1.7,33.9,0.014,,,,0.000,26.0
23/02/2016,15:00,84,3.6,24.1,1.8,33.1,0.013,,,,0.000,27.8
23/02/2016,16:00,80,3.5,23.1,1.7,32.5,0.013,,,,0.000,27.5
23/02/2016,17:00,83,3.1,23.8,1.6,31.3,0.014,,,,0.000,30.6
23/02/2016,18:00,88,2.8,22.2,1.5,29.8,0.013,,,,0.000,32.1
23/02/2016,19:00,91,2.3,23.6,1.3,29.1,0.012,,,,0.000,29.8
23/02/2016,20:00,98,1.7,31.2,0.9,28.7,0.012,,,,0.000,27.9
23/02/2016,21:00,103,1.4,29.9,0.8,28.4,0.013,,,,0.001,26.2
23/02/2016,22:00,102,1.5,29.0,0.9,28.1,0.014,,,,0.002,26.9
23/02/2016,23:00,105,1.5,31.7,1.0,28.2,0.014,,,,0.002,30.7
24/02/2016,00:00,110,1.2,35.7,0.8,27.8,,,,,,27.2
24/02/2016,01:00,154,0.5,49.7,0.4,27.2,0.011,,,,0.001,23.5
24/02/2016,02:00,162,0.3,64.9,0.4,26.6,0.013,,,,0.000,22.1
24/02/2016,03:00,180,0.4,63.7,0.5,26.1,0.015,,,,0.000,19.7
24/02/2016,04:00,196,0.3,72.6,0.4,25.6,0.016,,,,0.000,19.7
24/02/2016,05:00,274,0.5,46.9,0.4,24.4,0.009,,,,0.000,23.8
24/02/2016,06:00,51,0.3,140.8,0.4,24.3,0.008,,,,0.000,18.6
24/02/2016,07:00,189,0.4,57.9,0.4,26.9,0.010,,,,0.001,35.0
24/02/2016,08:00,148,0.5,65.6,0.6,30.0,0.015,,,,0.001,33.0
24/02/2016,09:00,85,1.7,39.0,0.9,31.7,0.017,,,,0.001,32.0
24/02/2016,10:00,82,1.8,30.6,1.0,32.9,0.017,,,,0.001,29.4
24/02/2016,11:00,55,2.6,24.9,1.0,32.4,0.018,,,,0.000,22.3
24/02/2016,12:00,57,2.7,26.7,1.1,33.0,0.018,,,,0.000,19.6
24/02/2016,13:00,62,2.6,28.2,1.2,33.6,0.017,,,,0.000,71.2
24/02/2016,14:00,59,2.9,25.5,1.3,31.3,0.019,,,,0.000,52.5
24/02/2016,15:00,58,2.3,26.7,1.1,30.6,0.017,,,,0.000,28.3
24/02/2016,16:00,55,2.9,23.8,1.3,31.4,0.018,,,,0.000,26.7
24/02/2016,17:00,59,2.6,24.8,1.2,30.6,0.017,,,,0.000,32.6
24/02/2016,18:00,72,2.0,22.9,1.0,29.2,0.016,,,,0.000,27.3
24/02/2016,19:00,81,1.7,22.9,0.9,29.0,0.017,,,,0.000,25.5
24/02/2016,20:00,87,1.6,24.0,0.9,28.8,0.017,,,,0.000,28.8
24/02/2016,21:00,100,1.3,28.3,0.8,28.4,0.015,,,,0.000,27.0
24/02/2016,22:00,116,0.8,37.5,0.6,27.7,0.015,,,,0.001,26.0
24/02/2016,23:00,126,0.8,39.2,0.6,27.0,0.014,,,,0.001,19.8
25/02/2016,00:00,128,0.4,41.7,0.4,26.3,,,,,,18.3
25/02/2016,01:00,138,0.3,48.1,0.3,26.3,0.011,,,,0.000,17.3
25/02/2016,02:00,99,0.2,58.0,0.3,26.1,0.011,,,,0.000,18.7
25/02/2016,03:00,96,0.1,64.7,0.2,25.5,0.010,,,,0.000,19.5
25/02/2016,04:00,78,0.1,105.9,0.2,25.8,0.011,,,,0.000,18.6
25/02/2016,05:00,117,0.2,71.3,0.3,25.4,0.008,,,,0.000,18.1
25/02/2016,06:00,97,0.6,32.2,0.4,25.1,0.006,,,,0.000,21.5
25/02/2016,07:00,234,0.3,55.8,0.2,26.0,0.005,,,,0.001,29.2
25/02/2016,08:00,127,0.9,56.9,0.7,29.9,0.012,,,,0.001,25.3
25/02/2016,09:00,102,1.1,52.5,0.8,31.6,0.016,,,,0.001,25.9
25/02/2016,10:00,70,2.1,28.0,1.0,32.4,0.018,,,,0.001,22.6
25/02/2016,11:00,43,3.0,21.8,0.9,32.2,0.020,,,,0.000,21.2
25/02/2016,12:00,40,3.2,22.1,1.1,32.5,0.020,,,,0.000,23.6
25/02/2016,13:00,38,3.7,19.7,1.2,32.2,0.018,,,,0.000,23.0
25/02/2016,14:00,38,4.3,17.7,1.2,31.7,0.017,,,,0.000,20.5
25/02/2016,15:00,37,3.7,20.5,1.2,31.7,0.016,,,,0.000,19.1
25/02/2016,16:00,44,3.2,23.8,1.3,31.5,0.019,,,,0.001,22.0
25/02/2016,17:00,60,2.3,28.1,1.0,31.0,0.019,,,,0.001,23.3
25/02/2016,18:00,60,2.0,23.3,0.9,29.2,0.015,,,,0.000,21.3
25/02/2016,19:00,68,1.4,24.0,0.7,28.5,0.014,,,,0.000,17.0
25/02/2016,20:00,73,1.3,24.3,0.6,28.3,0.014,,,,0.000,17.3
25/02/2016,21:00,87,1.1,23.6,0.5,28.1,0.013,,,,0.000,14.7
25/02/2016,22:00,105,0.5,29.7,0.3,27.2,0.011,,,,0.000,15.3
25/02/2016,23:00,136,0.4,48.7,0.3,26.9,0.009,,,,0.000,12.7
26/02/2016,00:00,168,0.4,32.0,0.3,26.7,,,,,,13.8
26/02/2016,01:00,165,0.2,59.3,0.2,26.9,0.008,,,,0.000,14.2
26/02/2016,02:00,184,0.2,53.8,0.3,27.1,0.009,,,,0.001,18.7
26/02/2016,03:00,68,0.3,122.5,0.5,26.0,0.012,,,,0.001,11.3
26/02/2016,04:00,230,0.3,38.0,0.2,25.2,0.008,,,,0.001,8.9
26/02/2016,05:00,231,0.3,25.3,0.2,24.8,0.004,,,,0.000,8.3
26/02/2016,06:00,246,0.4,25.3,0.2,24.8,0.001,,,,0.001,16.8
26/02/2016,07:00,239,0.7,30.6,0.4,26.7,0.005,,,,0.001,21.4
26/02/2016,08:00,231,0.5,70.1,0.5,30.1,0.012,,,,0.006,16.8
26/02/2016,09:00,41,0.8,61.2,0.7,32.0,0.019,,,,0.003,24.0
26/02/2016,10:00,31,0.7,63.9,0.6,32.7,0.026,,,,0.002,20.1
26/02/2016,11:00,5,2.2,180.3,1.3,32.9,0.028,,,,0.001,28.3
26/02/2016,12:00,21,2.7,22.9,0.9,33.1,0.027,,,,0.001,16.4
26/02/2016,13:00,16,2.8,24.8,0.9,33.4,0.028,,,,0.001,17.2
26/02/2016,14:00,13,2.7,19.1,0.8,33.6,0.029,,,,0.001,17.9
26/02/2016,15:00,2,2.3,25.4,0.9,34.1,0.030,,,,0.001,22.6
26/02/2016,16:00,13,2.1,171.1,0.8,34.1,0.034,,,,0.000,16.5
26/02/2016,17:00,357,1.4,41.7,0.7,34.0,0.030,,,,0.000,22.1
26/02/2016,18:00,334,2.1,18.3,0.8,30.9,0.020,,,,0.000,21.3
26/02/2016,19:00,332,1.2,17.2,0.6,29.8,0.019,,,,0.000,15.9
26/02/2016,20:00,331,1.0,21.4,0.4,29.3,0.017,,,,0.000,16.4
26/02/2016,21:00,343,0.9,21.3,0.4,29.1,0.017,,,,0.000,12.6
26/02/2016,22:00,1,0.6,172.9,0.5,28.3,0.013,,,,0.001,15.3
26/02/2016,23:00,266,0.5,26.6,0.3,27.5,0.010,,,,0.001,12.9
27/02/2016,00:00,213,0.3,32.0,0.2,26.9,,,,,,15.4
27/02/2016,01:00,196,0.2,68.6,0.2,26.3,0.003,,,,0.000,12.7
27/02/2016,02:00,208,0.4,27.5,0.2,26.0,0.005,,,,0.000,12.6
27/02/2016,03:00,236,0.4,26.9,0.2,25.7,0.004,,,,0.001,17.8
27/02/2016,04:00,241,0.4,34.6,0.2,25.2,0.006,,,,0.001,17.7
27/02/2016,05:00,230,0.3,51.5,0.3,24.8,0.007,,,,0.001,16.4
27/02/2016,06:00,258,0.1,70.2,0.2,24.2,0.003,,,,0.001,20.1
27/02/2016,07:00,239,0.2,89.3,0.3,27.2,0.009,,,,0.001,18.3
27/02/2016,08:00,319,0.8,52.2,0.6,31.5,0.024,,,,0.001,8.3
27/02/2016,09:00,323,1.0,45.8,0.6,33.8,0.032,,,,0.001,21.3
27/02/2016,10:00,321,1.0,62.6,0.8,35.9,0.040,,,,0.002,23.7
27/02/2016,11:00,5,1.8,163.8,1.0,36.6,0.042,,,,0.003,40.0
27/02/2016,12:00,25,3.3,19.3,0.8,36.0,0.035,,,,0.002,22.0
27/02/2016,13:00,29,3.2,17.6,0.9,36.1,0.033,,,,0.001,13.1
27/02/2016,14:00,25,2.0,34.0,0.9,36.6,0.033,,,,0.001,32.8
27/02/2016,15:00,353,1.9,163.1,0.9,35.3,0.031,,,,0.001,21.6
27/02/2016,16:00,351,2.4,24.4,0.7,33.7,0.027,,,,0.001,19.3
27/02/2016,17:00,346,2.8,17.7,0.8,33.0,0.027,,,,0.001,15.0
27/02/2016,18:00,356,2.4,16.2,0.8,31.0,0.026,,,,0.000,23.1
27/02/2016,19:00,1,2.0,13.7,0.5,30.0,0.024,,,,0.000,29.6
27/02/2016,20:00,16,1.1,30.5,0.6,29.7,0.023,,,,0.000,23.3
27/02/2016,21:00,131,0.2,61.2,0.2,28.8,0.014,,,,0.000,22.3
27/02/2016,22:00,95,0.2,80.2,0.2,28.3,0.009,,,,0.001,25.2
27/02/2016,23:00,41,1.1,20.6,0.6,28.8,0.018,,,,0.000,22.5
28/02/2016,00:00,34,1.3,17.0,0.5,28.8,,,,,,15.2
28/02/2016,01:00,35,1.0,15.4,0.4,28.5,0.019,,,,0.000,11.0
28/02/2016,02:00,34,1.0,16.7,0.4,28.3,0.019,,,,0.000,12.0
28/02/2016,03:00,29,1.3,16.4,0.5,28.4,0.020,,,,0.000,13.7
28/02/2016,04:00,29,1.0,16.8,0.4,28.2,0.020,,,,0.000,14.5
28/02/2016,05:00,28,0.7,20.0,0.3,27.9,0.019,,,,0.000,15.7
28/02/2016,06:00,30,0.5,19.3,0.2,27.4,0.017,,,,0.000,14.6
28/02/2016,07:00,26,1.9,17.5,0.9,29.5,0.021,,,,0.000,18.6
28/02/2016,08:00,6,2.6,20.8,0.7,31.2,0.024,,,,0.000,17.6
28/02/2016,09:00,337,1.7,38.5,0.8,32.9,0.026,,,,0.000,13.4
28/02/2016,10:00,337,1.9,30.8,0.9,32.9,0.025,,,,0.000,17.7
28/02/2016,11:00,336,2.0,33.3,1.1,33.5,0.025,,,,0.000,19.7
28/02/2016,12:00,335,2.1,32.6,1.0,34.0,0.026,,,,0.000,17.0
28/02/2016,13:00,349,2.3,31.9,1.0,34.6,0.026,,,,0.000,9.6
28/02/2016,14:00,14,2.2,24.5,0.9,34.9,0.025,,,,0.000,11.2
28/02/2016,15:00,19,2.8,20.5,0.9,34.2,0.025,,,,0.000,17.3
28/02/2016,16:00,27,2.4,22.5,0.7,33.5,0.024,,,,0.000,25.8
28/02/2016,17:00,50,2.2,19.2,0.8,32.5,0.021,,,,0.000,16.3
28/02/2016,18:00,18,1.4,162.7,0.6,30.8,0.020,,,,0.000,18.7
28/02/2016,19:00,357,1.8,16.3,0.6,29.9,0.021,,,,0.000,21.8
28/02/2016,20:00,358,1.8,17.2,0.6,29.4,0.020,,,,0.000,18.6
28/02/2016,21:00,344,1.5,18.8,0.6,29.2,0.020,,,,0.000,17.3
28/02/2016,22:00,356,1.8,19.4,0.6,29.1,0.019,,,,0.000,17.3
28/02/2016,23:00,360,1.9,14.6,0.5,29.1,0.018,,,,0.000,16.4
29/02/2016,00:00,9,1.1,170.8,0.5,28.9,,,,,,14.6
29/02/2016,01:00,8,1.2,174.1,0.6,28.8,0.017,,,,0.000,12.8
29/02/2016,02:00,0,1.5,18.0,0.6,28.8,0.017,,,,0.000,12.3
29/02/2016,03:00,39,0.8,49.1,0.6,28.8,0.017,,,,0.000,15.8
29/02/2016,04:00,194,0.3,64.5,0.3,28.6,0.015,,,,0.000,15.9
29/02/2016,05:00,243,0.2,109.3,0.3,28.3,0.012,,,,0.000,20.3
29/02/2016,06:00,15,0.8,25.9,0.4,28.0,0.009,,,,0.000,27.9
29/02/2016,07:00,8,1.4,172.4,0.6,29.4,0.013,,,,0.001,25.2
29/02/2016,08:00,32,1.1,29.0,0.6,31.2,0.018,,,,0.001,26.7
29/02/2016,09:00,336,1.5,48.9,1.0,32.9,0.022,,,,0.001,17.1
29/02/2016,10:00,339,2.0,38.7,1.1,33.8,0.022,,,,0.001,13.9
29/02/2016,11:00,5,2.6,171.5,1.2,33.7,0.021,,,,0.000,20.8
29/02/2016,12:00,13,3.2,19.3,1.0,34.1,0.021,,,,0.000,
29/02/2016,13:00,25,2.8,26.6,1.0,33.9,0.019,,,,0.000,23.5
29/02/2016,14:00,,,,,,,,,,,
29/02/2016,15:00,,,,,,,,,,,
29/02/2016,16:00,,,,,,,,,,,
29/02/2016,17:00,,,,,,,,,,,
29/02/2016,18:00,,,,,,,,,,,
29/02/2016,19:00,,,,,,,,,,,
29/02/2016,20:00,,,,,,,,,,,
29/02/2016,21:00,,,,,,,,,,,
29/02/2016,22:00,,,,,,,,,,,
29/02/2016,23:00,,,,,,,,,,,
